Track_ID,Object_Class,Total_Fixation_Duration_Frames,Total_Fixation_Duration_Seconds
1009,traffic light,3851.0,154.04
1007,traffic light,2812.0,112.48
1009,traffic light,2565.0,102.6
1009,traffic light,1348.0,53.92
338,traffic light,1002.9999999999999,40.12
641,bus,918.0,36.72
338,traffic light,844.0,33.76
1009,traffic light,802.9999999999999,32.12
641,bus,721.0,28.84
641,bus,675.0,27.0
641,bus,673.0,26.92
641,bus,634.0,25.36
641,bus,633.0,25.32
769,traffic light,585.0,23.4
1009,traffic light,583.0,23.32
641,bus,541.0,21.64
641,bus,501.0,20.04
769,traffic light,389.0,15.56
769,traffic light,376.0,15.04
1009,traffic light,304.0,12.16
769,traffic light,283.0,11.32
769,traffic light,277.0,11.08
769,traffic light,272.0,10.88
641,bus,243.00000000000003,9.72
684,truck,169.0,6.76
604,car,163.0,6.52
384,truck,159.0,6.36
604,car,158.0,6.32
641,bus,154.0,6.16
384,bus,149.0,5.96
384,truck,149.0,5.96
291,bus,149.0,5.96
291,bus,147.0,5.88
684,truck,147.0,5.88
291,bus,143.0,5.72
291,bus,142.0,5.68
291,bus,141.0,5.64
769,traffic light,138.0,5.52
291,bus,137.0,5.48
291,bus,136.0,5.44
291,bus,134.0,5.36
291,bus,133.0,5.32
291,bus,132.0,5.28
291,bus,131.0,5.24
684,truck,130.0,5.2
291,bus,130.0,5.2
1112,traffic light,127.0,5.08
291,bus,126.0,5.04
291,bus,126.0,5.04
291,bus,126.0,5.04
1112,traffic light,125.0,5.0
291,bus,125.0,5.0
291,bus,124.0,4.96
674,traffic light,123.0,4.92
641,bus,122.0,4.88
459,truck,121.0,4.84
291,bus,121.0,4.84
291,bus,121.0,4.84
291,bus,120.0,4.8
291,bus,118.0,4.72
291,bus,118.0,4.72
291,bus,118.0,4.72
684,car,118.0,4.72
291,bus,118.0,4.72
291,bus,114.99999999999999,4.6
291,bus,113.99999999999999,4.56
291,bus,113.99999999999999,4.56
291,bus,113.99999999999999,4.56
291,bus,112.99999999999999,4.52
291,bus,112.00000000000001,4.48
291,bus,111.00000000000001,4.44
291,bus,111.00000000000001,4.44
291,bus,111.00000000000001,4.44
291,bus,111.00000000000001,4.44
1112,traffic light,110.00000000000001,4.4
684,truck,110.00000000000001,4.4
291,bus,110.00000000000001,4.4
291,bus,109.00000000000001,4.36
291,bus,109.00000000000001,4.36
291,bus,109.00000000000001,4.36
1112,traffic light,109.00000000000001,4.36
291,bus,108.0,4.32
684,car,108.0,4.32
291,bus,107.0,4.28
1112,traffic light,106.0,4.24
291,bus,106.0,4.24
291,bus,103.0,4.12
604,car,103.0,4.12
291,bus,102.0,4.08
291,bus,102.0,4.08
384,truck,102.0,4.08
498,traffic light,101.0,4.04
291,bus,101.0,4.04
604,car,100.0,4.0
291,bus,99.0,3.96
1112,traffic light,98.0,3.92
1112,traffic light,98.0,3.92
291,bus,97.0,3.88
291,bus,96.0,3.84
570,car,96.0,3.84
1112,traffic light,96.0,3.84
291,bus,95.0,3.8
570,car,95.0,3.8
1112,traffic light,95.0,3.8
291,bus,92.0,3.68
641,bus,92.0,3.68
571,car,92.0,3.68
115,car,91.0,3.64
291,bus,91.0,3.64
604,car,91.0,3.64
571,car,89.0,3.56
714,car,89.0,3.56
604,car,89.0,3.56
714,car,87.0,3.48
291,bus,86.0,3.44
684,truck,85.0,3.4
571,car,84.0,3.36
570,car,84.0,3.36
291,bus,83.0,3.32
459,truck,83.0,3.32
570,car,83.0,3.32
354,truck,82.0,3.28
291,bus,82.0,3.28
291,bus,82.0,3.28
291,bus,82.0,3.28
291,bus,82.0,3.28
291,bus,81.0,3.24
291,bus,81.0,3.24
684,truck,81.0,3.24
291,bus,80.0,3.2
291,bus,79.0,3.16
291,bus,79.0,3.16
714,car,79.0,3.16
115,car,79.0,3.16
115,car,79.0,3.16
291,bus,78.0,3.12
291,bus,78.0,3.12
291,bus,78.0,3.12
291,bus,78.0,3.12
459,truck,78.0,3.12
1100,traffic light,78.0,3.12
1100,traffic light,77.0,3.08
571,car,77.0,3.08
604,car,77.0,3.08
384,truck,77.0,3.08
570,car,77.0,3.08
1009,traffic light,76.0,3.04
1100,traffic light,76.0,3.04
554,car,76.0,3.04
684,truck,76.0,3.04
684,truck,75.0,3.0
1100,traffic light,74.0,2.96
641,bus,73.0,2.92
571,car,73.0,2.92
684,truck,73.0,2.92
684,truck,73.0,2.92
714,car,72.0,2.88
384,truck,72.0,2.88
714,car,72.0,2.88
571,car,72.0,2.88
604,car,72.0,2.88
604,car,72.0,2.88
604,car,71.0,2.84
649,traffic light,71.0,2.84
714,car,71.0,2.84
604,car,71.0,2.84
498,traffic light,71.0,2.84
714,car,71.0,2.84
759,traffic light,70.0,2.8
1112,traffic light,70.0,2.8
769,traffic light,70.0,2.8
115,car,69.0,2.76
1112,traffic light,69.0,2.76
459,truck,69.0,2.76
354,truck,69.0,2.76
604,car,68.0,2.72
684,truck,68.0,2.72
384,truck,68.0,2.72
384,truck,67.0,2.68
291,bus,67.0,2.68
354,truck,67.0,2.68
570,car,66.0,2.64
384,truck,66.0,2.64
604,car,66.0,2.64
649,traffic light,66.0,2.64
684,truck,66.0,2.64
1100,traffic light,66.0,2.64
200,car,65.0,2.6
1100,traffic light,65.0,2.6
714,car,65.0,2.6
384,truck,65.0,2.6
604,car,65.0,2.6
759,traffic light,64.0,2.56
384,truck,64.0,2.56
554,car,64.0,2.56
570,car,64.0,2.56
200,car,64.0,2.56
759,traffic light,64.0,2.56
200,car,64.0,2.56
291,bus,63.0,2.52
291,bus,63.0,2.52
115,car,63.0,2.52
115,car,63.0,2.52
291,bus,62.0,2.48
759,traffic light,62.0,2.48
291,bus,62.0,2.48
354,truck,61.0,2.44
649,traffic light,61.0,2.44
188,car,61.0,2.44
714,car,61.0,2.44
571,car,61.0,2.44
759,traffic light,60.0,2.4
188,car,60.0,2.4
554,car,60.0,2.4
649,traffic light,60.0,2.4
759,traffic light,59.0,2.36
459,truck,59.0,2.36
1100,traffic light,59.0,2.36
759,traffic light,59.0,2.36
110,car,57.99999999999999,2.32
737,car,57.99999999999999,2.32
291,bus,57.99999999999999,2.32
759,traffic light,57.99999999999999,2.32
571,car,57.99999999999999,2.32
649,traffic light,56.99999999999999,2.28
193,car,56.99999999999999,2.28
291,bus,56.99999999999999,2.28
200,car,56.99999999999999,2.28
291,bus,56.99999999999999,2.28
291,bus,56.99999999999999,2.28
291,bus,56.99999999999999,2.28
384,truck,56.99999999999999,2.28
570,car,56.99999999999999,2.28
291,bus,56.99999999999999,2.28
459,truck,56.99999999999999,2.28
291,bus,56.00000000000001,2.24
291,bus,56.00000000000001,2.24
291,bus,56.00000000000001,2.24
291,bus,56.00000000000001,2.24
291,bus,56.00000000000001,2.24
291,bus,56.00000000000001,2.24
459,truck,56.00000000000001,2.24
554,car,56.00000000000001,2.24
737,car,56.00000000000001,2.24
554,car,56.00000000000001,2.24
291,bus,56.00000000000001,2.24
291,bus,56.00000000000001,2.24
291,bus,56.00000000000001,2.24
291,bus,56.00000000000001,2.24
714,car,56.00000000000001,2.24
714,car,56.00000000000001,2.24
737,car,56.00000000000001,2.24
291,bus,56.00000000000001,2.24
200,car,55.00000000000001,2.2
737,car,55.00000000000001,2.2
115,car,55.00000000000001,2.2
115,car,55.00000000000001,2.2
354,truck,55.00000000000001,2.2
291,bus,55.00000000000001,2.2
604,car,55.00000000000001,2.2
749,person,55.00000000000001,2.2
188,car,55.00000000000001,2.2
737,car,55.00000000000001,2.2
193,car,55.00000000000001,2.2
188,car,55.00000000000001,2.2
193,car,55.00000000000001,2.2
759,traffic light,55.00000000000001,2.2
110,car,54.0,2.16
1100,traffic light,54.0,2.16
291,bus,54.0,2.16
749,person,54.0,2.16
110,car,54.0,2.16
787,car,54.0,2.16
847,car,53.0,2.12
686,car,53.0,2.12
847,car,53.0,2.12
110,car,53.0,2.12
841,car,53.0,2.12
571,car,53.0,2.12
714,car,53.0,2.12
787,car,52.0,2.08
193,car,52.0,2.08
714,car,52.0,2.08
714,car,52.0,2.08
110,car,52.0,2.08
459,truck,52.0,2.08
291,bus,52.0,2.08
714,car,52.0,2.08
566,car,52.0,2.08
110,car,52.0,2.08
217,traffic light,52.0,2.08
291,bus,52.0,2.08
188,car,52.0,2.08
571,car,51.0,2.04
1100,traffic light,51.0,2.04
632,car,51.0,2.04
754,car,51.0,2.04
291,bus,51.0,2.04
570,car,51.0,2.04
737,car,51.0,2.04
604,car,51.0,2.04
566,car,51.0,2.04
217,traffic light,51.0,2.04
566,car,51.0,2.04
554,car,50.0,2.0
671,car,50.0,2.0
632,car,50.0,2.0
291,bus,50.0,2.0
632,car,50.0,2.0
115,car,50.0,2.0
792,car,50.0,2.0
792,car,50.0,2.0
291,bus,50.0,2.0
714,car,50.0,2.0
754,car,50.0,2.0
551,car,50.0,2.0
551,car,50.0,2.0
217,traffic light,50.0,2.0
217,traffic light,49.0,1.96
200,car,49.0,1.96
291,bus,49.0,1.96
354,truck,49.0,1.96
792,car,49.0,1.96
847,car,49.0,1.96
217,traffic light,49.0,1.96
841,car,49.0,1.96
841,car,49.0,1.96
773,car,49.0,1.96
188,car,49.0,1.96
686,car,49.0,1.96
291,bus,49.0,1.96
737,car,49.0,1.96
847,car,49.0,1.96
291,bus,49.0,1.96
193,car,49.0,1.96
585,car,49.0,1.96
684,truck,48.0,1.92
291,bus,48.0,1.92
632,car,48.0,1.92
291,bus,48.0,1.92
291,bus,48.0,1.92
200,car,48.0,1.92
737,car,48.0,1.92
737,car,48.0,1.92
754,car,48.0,1.92
714,car,48.0,1.92
754,car,48.0,1.92
754,car,48.0,1.92
754,car,48.0,1.92
586,car,48.0,1.92
196,car,48.0,1.92
115,car,48.0,1.92
773,car,48.0,1.92
98,car,47.0,1.88
754,car,47.0,1.88
754,car,47.0,1.88
754,car,47.0,1.88
714,car,47.0,1.88
821,car,47.0,1.88
754,car,47.0,1.88
566,car,47.0,1.88
754,car,47.0,1.88
754,car,47.0,1.88
217,traffic light,47.0,1.88
585,car,47.0,1.88
754,car,47.0,1.88
853,car,47.0,1.88
781,car,47.0,1.88
686,car,47.0,1.88
217,traffic light,47.0,1.88
754,car,47.0,1.88
754,car,47.0,1.88
550,car,47.0,1.88
353,car,47.0,1.88
821,car,46.0,1.84
754,car,46.0,1.84
570,car,46.0,1.84
731,car,46.0,1.84
217,traffic light,46.0,1.84
408,car,46.0,1.84
818,car,46.0,1.84
642,car,46.0,1.84
550,car,46.0,1.84
753,car,46.0,1.84
200,car,46.0,1.84
105,car,46.0,1.84
217,traffic light,46.0,1.84
586,car,46.0,1.84
781,car,46.0,1.84
731,car,46.0,1.84
821,car,46.0,1.84
753,car,46.0,1.84
586,car,46.0,1.84
586,car,46.0,1.84
110,car,46.0,1.84
468,car,46.0,1.84
818,car,46.0,1.84
773,car,46.0,1.84
821,car,46.0,1.84
98,car,46.0,1.84
642,car,46.0,1.84
642,car,46.0,1.84
841,car,46.0,1.84
718,car,45.0,1.8
853,car,45.0,1.8
459,truck,45.0,1.8
777,car,45.0,1.8
98,car,45.0,1.8
787,car,45.0,1.8
686,car,45.0,1.8
671,car,45.0,1.8
754,car,45.0,1.8
609,car,45.0,1.8
613,car,45.0,1.8
731,car,45.0,1.8
632,car,45.0,1.8
196,car,45.0,1.8
754,car,45.0,1.8
714,car,45.0,1.8
781,car,45.0,1.8
585,car,45.0,1.8
491,car,45.0,1.8
754,car,45.0,1.8
491,car,45.0,1.8
841,car,45.0,1.8
753,car,45.0,1.8
613,car,45.0,1.8
810,car,45.0,1.8
196,car,45.0,1.8
737,car,45.0,1.8
408,car,45.0,1.8
737,car,45.0,1.8
353,car,45.0,1.8
847,car,45.0,1.8
737,car,45.0,1.8
586,car,45.0,1.8
853,car,45.0,1.8
586,car,45.0,1.8
566,car,44.0,1.76
551,car,44.0,1.76
521,car,44.0,1.76
217,traffic light,44.0,1.76
521,car,44.0,1.76
624,car,44.0,1.76
193,car,44.0,1.76
642,car,44.0,1.76
609,car,44.0,1.76
753,car,44.0,1.76
753,car,44.0,1.76
193,car,44.0,1.76
622,car,44.0,1.76
753,car,44.0,1.76
753,car,44.0,1.76
753,car,44.0,1.76
196,car,44.0,1.76
847,car,44.0,1.76
753,car,44.0,1.76
642,car,44.0,1.76
624,car,44.0,1.76
622,car,44.0,1.76
718,car,44.0,1.76
622,car,44.0,1.76
622,car,44.0,1.76
753,car,44.0,1.76
125,car,44.0,1.76
731,car,44.0,1.76
754,car,44.0,1.76
594,car,44.0,1.76
622,car,44.0,1.76
777,car,44.0,1.76
622,car,44.0,1.76
622,car,44.0,1.76
622,car,44.0,1.76
714,car,44.0,1.76
105,car,44.0,1.76
737,car,44.0,1.76
737,car,44.0,1.76
821,car,44.0,1.76
818,car,44.0,1.76
753,car,44.0,1.76
530,car,44.0,1.76
818,car,44.0,1.76
754,car,43.0,1.72
810,car,43.0,1.72
720,car,43.0,1.72
530,car,43.0,1.72
549,car,43.0,1.72
609,car,43.0,1.72
686,car,43.0,1.72
609,car,43.0,1.72
609,car,43.0,1.72
818,car,43.0,1.72
609,car,43.0,1.72
609,car,43.0,1.72
753,car,43.0,1.72
753,car,43.0,1.72
554,car,43.0,1.72
609,car,43.0,1.72
609,car,43.0,1.72
865,car,43.0,1.72
819,car,43.0,1.72
609,car,43.0,1.72
753,car,43.0,1.72
392,car,43.0,1.72
152,car,43.0,1.72
594,car,43.0,1.72
792,car,43.0,1.72
718,car,43.0,1.72
622,car,43.0,1.72
291,bus,43.0,1.72
609,car,43.0,1.72
291,bus,43.0,1.72
291,bus,43.0,1.72
609,car,43.0,1.72
753,car,43.0,1.72
384,truck,43.0,1.72
594,car,43.0,1.72
624,car,43.0,1.72
363,car,43.0,1.72
105,car,43.0,1.72
609,car,43.0,1.72
781,car,43.0,1.72
622,car,43.0,1.72
152,car,43.0,1.72
714,car,42.0,1.68
622,car,42.0,1.68
633,car,42.0,1.68
718,car,42.0,1.68
613,car,42.0,1.68
753,car,42.0,1.68
609,car,42.0,1.68
731,car,42.0,1.68
859,car,42.0,1.68
777,car,42.0,1.68
609,car,42.0,1.68
570,car,42.0,1.68
689,car,42.0,1.68
354,truck,42.0,1.68
689,car,42.0,1.68
686,car,42.0,1.68
671,car,42.0,1.68
818,car,42.0,1.68
754,car,42.0,1.68
549,car,42.0,1.68
630,car,42.0,1.68
753,car,42.0,1.68
622,car,42.0,1.68
749,person,42.0,1.68
720,car,42.0,1.68
609,car,42.0,1.68
609,car,42.0,1.68
498,traffic light,42.0,1.68
642,car,42.0,1.68
609,car,42.0,1.68
558,car,42.0,1.68
624,car,42.0,1.68
468,car,42.0,1.68
793,car,42.0,1.68
729,car,42.0,1.68
152,car,42.0,1.68
781,car,41.0,1.64
787,car,41.0,1.64
781,car,41.0,1.64
353,car,41.0,1.64
196,car,41.0,1.64
363,car,41.0,1.64
624,car,41.0,1.64
821,car,41.0,1.64
821,car,41.0,1.64
633,car,41.0,1.64
773,car,41.0,1.64
624,car,41.0,1.64
633,car,41.0,1.64
291,bus,41.0,1.64
188,car,41.0,1.64
624,car,41.0,1.64
571,car,41.0,1.64
624,car,41.0,1.64
731,car,41.0,1.64
718,car,41.0,1.64
622,car,41.0,1.64
622,car,41.0,1.64
821,car,41.0,1.64
754,car,41.0,1.64
826,car,41.0,1.64
841,car,41.0,1.64
835,car,41.0,1.64
753,car,41.0,1.64
753,car,41.0,1.64
200,car,41.0,1.64
729,car,41.0,1.64
841,car,41.0,1.64
720,car,41.0,1.64
530,car,41.0,1.64
105,car,41.0,1.64
853,car,41.0,1.64
586,car,41.0,1.64
835,car,41.0,1.64
731,car,41.0,1.64
787,car,41.0,1.64
686,car,41.0,1.64
686,car,41.0,1.64
372,car,41.0,1.64
353,car,40.0,1.6
686,car,40.0,1.6
352,car,40.0,1.6
821,car,40.0,1.6
624,car,40.0,1.6
792,car,40.0,1.6
853,car,40.0,1.6
624,car,40.0,1.6
818,car,40.0,1.6
551,car,40.0,1.6
729,car,40.0,1.6
729,car,40.0,1.6
613,car,40.0,1.6
521,car,40.0,1.6
622,car,40.0,1.6
622,car,40.0,1.6
622,car,40.0,1.6
720,car,40.0,1.6
844,car,40.0,1.6
847,car,40.0,1.6
841,car,40.0,1.6
720,car,40.0,1.6
720,car,40.0,1.6
586,car,40.0,1.6
609,car,40.0,1.6
853,car,40.0,1.6
624,car,40.0,1.6
759,traffic light,40.0,1.6
624,car,40.0,1.6
753,car,40.0,1.6
753,car,40.0,1.6
753,car,40.0,1.6
624,car,40.0,1.6
859,car,40.0,1.6
753,car,40.0,1.6
594,car,40.0,1.6
624,car,40.0,1.6
624,car,40.0,1.6
594,car,40.0,1.6
729,car,40.0,1.6
622,car,40.0,1.6
793,car,40.0,1.6
119,car,40.0,1.6
833,car,40.0,1.6
833,car,40.0,1.6
564,car,40.0,1.6
564,car,40.0,1.6
594,car,40.0,1.6
613,car,40.0,1.6
835,car,40.0,1.6
818,car,40.0,1.6
819,car,40.0,1.6
193,car,40.0,1.6
585,car,40.0,1.6
93,car,40.0,1.6
865,car,40.0,1.6
526,car,40.0,1.6
622,car,40.0,1.6
98,car,40.0,1.6
622,car,40.0,1.6
633,car,40.0,1.6
754,car,40.0,1.6
622,car,40.0,1.6
633,car,40.0,1.6
781,car,40.0,1.6
624,car,40.0,1.6
737,car,40.0,1.6
737,car,40.0,1.6
372,car,40.0,1.6
753,car,40.0,1.6
624,car,40.0,1.6
622,car,40.0,1.6
622,car,40.0,1.6
622,car,40.0,1.6
622,car,40.0,1.6
847,car,40.0,1.6
98,car,40.0,1.6
98,car,40.0,1.6
622,car,40.0,1.6
754,car,39.0,1.56
560,car,39.0,1.56
558,car,39.0,1.56
754,car,39.0,1.56
633,car,39.0,1.56
754,car,39.0,1.56
352,car,39.0,1.56
787,car,39.0,1.56
792,car,39.0,1.56
731,car,39.0,1.56
98,car,39.0,1.56
353,car,39.0,1.56
754,car,39.0,1.56
754,car,39.0,1.56
754,car,39.0,1.56
754,car,39.0,1.56
526,car,39.0,1.56
521,car,39.0,1.56
844,car,39.0,1.56
843,car,39.0,1.56
844,car,39.0,1.56
110,car,39.0,1.56
754,car,39.0,1.56
754,car,39.0,1.56
843,car,39.0,1.56
841,car,39.0,1.56
720,car,39.0,1.56
773,car,39.0,1.56
773,car,39.0,1.56
622,car,39.0,1.56
754,car,39.0,1.56
352,car,39.0,1.56
445,car,39.0,1.56
835,car,39.0,1.56
865,car,39.0,1.56
754,car,39.0,1.56
550,car,39.0,1.56
865,car,39.0,1.56
93,car,39.0,1.56
611,car,39.0,1.56
754,car,39.0,1.56
754,car,39.0,1.56
754,car,39.0,1.56
125,car,39.0,1.56
826,car,39.0,1.56
615,car,39.0,1.56
615,car,39.0,1.56
392,car,39.0,1.56
689,car,39.0,1.56
622,car,39.0,1.56
622,car,39.0,1.56
793,car,39.0,1.56
408,car,39.0,1.56
408,car,39.0,1.56
810,car,39.0,1.56
818,car,39.0,1.56
753,car,39.0,1.56
624,car,39.0,1.56
624,car,39.0,1.56
119,car,39.0,1.56
833,car,39.0,1.56
810,car,39.0,1.56
142,car,39.0,1.56
865,car,39.0,1.56
93,car,39.0,1.56
93,car,39.0,1.56
754,car,39.0,1.56
585,car,39.0,1.56
819,car,39.0,1.56
491,car,39.0,1.56
720,car,39.0,1.56
630,car,39.0,1.56
217,traffic light,39.0,1.56
843,car,39.0,1.56
820,car,39.0,1.56
615,car,39.0,1.56
188,car,39.0,1.56
821,car,39.0,1.56
821,car,39.0,1.56
609,car,39.0,1.56
847,car,39.0,1.56
754,car,39.0,1.56
859,car,39.0,1.56
217,traffic light,39.0,1.56
566,car,39.0,1.56
613,car,39.0,1.56
613,car,39.0,1.56
624,car,39.0,1.56
754,car,39.0,1.56
622,car,39.0,1.56
622,car,39.0,1.56
624,car,39.0,1.56
110,car,39.0,1.56
777,car,39.0,1.56
777,car,39.0,1.56
754,car,39.0,1.56
754,car,39.0,1.56
624,car,39.0,1.56
624,car,39.0,1.56
859,car,39.0,1.56
753,car,39.0,1.56
689,car,39.0,1.56
671,car,39.0,1.56
693,car,39.0,1.56
781,car,39.0,1.56
781,car,39.0,1.56
671,car,39.0,1.56
622,car,38.0,1.52
754,car,38.0,1.52
689,car,38.0,1.52
363,car,38.0,1.52
754,car,38.0,1.52
754,car,38.0,1.52
352,car,38.0,1.52
671,car,38.0,1.52
705,car,38.0,1.52
633,car,38.0,1.52
445,car,38.0,1.52
773,car,38.0,1.52
624,car,38.0,1.52
624,car,38.0,1.52
128,car,38.0,1.52
819,car,38.0,1.52
134,car,38.0,1.52
558,car,38.0,1.52
558,car,38.0,1.52
821,car,38.0,1.52
818,car,38.0,1.52
135,car,38.0,1.52
135,car,38.0,1.52
564,car,38.0,1.52
624,car,38.0,1.52
818,car,38.0,1.52
384,truck,38.0,1.52
754,car,38.0,1.52
754,car,38.0,1.52
622,car,38.0,1.52
861,car,38.0,1.52
753,car,38.0,1.52
731,car,38.0,1.52
731,car,38.0,1.52
737,car,38.0,1.52
689,car,38.0,1.52
777,car,38.0,1.52
609,car,38.0,1.52
609,car,38.0,1.52
792,car,38.0,1.52
859,car,38.0,1.52
98,car,38.0,1.52
604,car,38.0,1.52
526,car,38.0,1.52
521,car,38.0,1.52
865,car,38.0,1.52
196,car,38.0,1.52
754,car,38.0,1.52
754,car,38.0,1.52
865,car,38.0,1.52
93,car,38.0,1.52
93,car,38.0,1.52
776,car,38.0,1.52
777,car,38.0,1.52
754,car,38.0,1.52
793,car,38.0,1.52
793,car,38.0,1.52
793,car,38.0,1.52
810,car,38.0,1.52
820,car,38.0,1.52
142,car,38.0,1.52
810,car,38.0,1.52
128,car,38.0,1.52
128,car,38.0,1.52
459,truck,38.0,1.52
622,car,38.0,1.52
642,car,38.0,1.52
642,car,38.0,1.52
624,car,38.0,1.52
810,car,38.0,1.52
585,car,38.0,1.52
776,car,38.0,1.52
609,car,38.0,1.52
125,car,38.0,1.52
826,car,38.0,1.52
615,car,38.0,1.52
615,car,38.0,1.52
615,car,38.0,1.52
615,car,38.0,1.52
492,car,38.0,1.52
615,car,38.0,1.52
392,car,38.0,1.52
689,car,38.0,1.52
841,car,38.0,1.52
611,car,38.0,1.52
753,car,38.0,1.52
844,car,38.0,1.52
630,car,38.0,1.52
630,car,38.0,1.52
521,car,38.0,1.52
530,car,38.0,1.52
530,car,38.0,1.52
630,car,38.0,1.52
843,car,38.0,1.52
550,car,38.0,1.52
844,car,38.0,1.52
632,car,38.0,1.52
193,car,38.0,1.52
833,car,38.0,1.52
835,car,38.0,1.52
624,car,38.0,1.52
125,car,38.0,1.52
632,car,38.0,1.52
492,car,38.0,1.52
119,car,38.0,1.52
718,car,38.0,1.52
586,car,38.0,1.52
613,car,38.0,1.52
642,car,38.0,1.52
754,car,38.0,1.52
624,car,38.0,1.52
566,car,38.0,1.52
746,car,38.0,1.52
746,car,38.0,1.52
746,car,38.0,1.52
642,car,38.0,1.52
843,car,38.0,1.52
613,car,38.0,1.52
790,car,38.0,1.52
720,car,38.0,1.52
491,car,38.0,1.52
820,car,38.0,1.52
689,car,38.0,1.52
689,car,38.0,1.52
746,car,38.0,1.52
200,car,38.0,1.52
754,car,38.0,1.52
686,car,38.0,1.52
693,car,38.0,1.52
782,car,38.0,1.52
609,car,38.0,1.52
353,car,38.0,1.52
609,car,38.0,1.52
609,car,38.0,1.52
609,car,38.0,1.52
365,car,38.0,1.52
363,car,38.0,1.52
363,car,38.0,1.52
787,car,38.0,1.52
372,car,38.0,1.52
363,car,38.0,1.52
609,car,38.0,1.52
609,car,38.0,1.52
150,car,38.0,1.52
847,car,38.0,1.52
847,car,38.0,1.52
549,car,38.0,1.52
549,car,38.0,1.52
549,car,38.0,1.52
737,car,38.0,1.52
857,car,38.0,1.52
853,car,38.0,1.52
624,car,38.0,1.52
624,car,38.0,1.52
624,car,38.0,1.52
624,car,38.0,1.52
375,car,37.0,1.48
624,car,37.0,1.48
624,car,37.0,1.48
624,car,37.0,1.48
737,car,37.0,1.48
96,car,37.0,1.48
857,car,37.0,1.48
95,car,37.0,1.48
847,car,37.0,1.48
853,car,37.0,1.48
624,car,37.0,1.48
551,car,37.0,1.48
624,car,37.0,1.48
150,car,37.0,1.48
624,car,37.0,1.48
624,car,37.0,1.48
150,car,37.0,1.48
372,car,37.0,1.48
372,car,37.0,1.48
365,car,37.0,1.48
781,car,37.0,1.48
609,car,37.0,1.48
609,car,37.0,1.48
689,car,37.0,1.48
647,car,37.0,1.48
693,car,37.0,1.48
375,car,37.0,1.48
200,car,37.0,1.48
753,car,37.0,1.48
753,car,37.0,1.48
372,car,37.0,1.48
671,car,37.0,1.48
646,car,37.0,1.48
790,car,37.0,1.48
790,car,37.0,1.48
820,car,37.0,1.48
790,car,37.0,1.48
790,car,37.0,1.48
145,car,37.0,1.48
717,car,37.0,1.48
491,car,37.0,1.48
754,car,37.0,1.48
720,car,37.0,1.48
720,car,37.0,1.48
550,car,37.0,1.48
630,car,37.0,1.48
630,car,37.0,1.48
611,car,37.0,1.48
566,car,37.0,1.48
746,car,37.0,1.48
622,car,37.0,1.48
695,car,37.0,1.48
695,car,37.0,1.48
746,car,37.0,1.48
746,car,37.0,1.48
622,car,37.0,1.48
622,car,37.0,1.48
777,car,37.0,1.48
586,car,37.0,1.48
810,car,37.0,1.48
810,car,37.0,1.48
613,car,37.0,1.48
632,car,37.0,1.48
717,car,37.0,1.48
632,car,37.0,1.48
119,car,37.0,1.48
119,car,37.0,1.48
119,car,37.0,1.48
105,car,37.0,1.48
526,car,37.0,1.48
624,car,37.0,1.48
729,car,37.0,1.48
729,car,37.0,1.48
841,car,37.0,1.48
861,car,37.0,1.48
753,car,37.0,1.48
611,car,37.0,1.48
729,car,37.0,1.48
401,car,37.0,1.48
754,car,37.0,1.48
793,car,37.0,1.48
392,car,37.0,1.48
392,car,37.0,1.48
419,car,37.0,1.48
145,car,37.0,1.48
468,car,37.0,1.48
718,car,37.0,1.48
718,car,37.0,1.48
718,car,37.0,1.48
718,car,37.0,1.48
615,car,37.0,1.48
468,car,37.0,1.48
468,car,37.0,1.48
615,car,37.0,1.48
615,car,37.0,1.48
615,car,37.0,1.48
615,car,37.0,1.48
826,car,37.0,1.48
828,car,37.0,1.48
826,car,37.0,1.48
125,car,37.0,1.48
424,car,37.0,1.48
776,car,37.0,1.48
701,car,37.0,1.48
634,car,37.0,1.48
419,car,37.0,1.48
701,car,37.0,1.48
424,car,37.0,1.48
424,car,37.0,1.48
701,car,37.0,1.48
701,car,37.0,1.48
701,car,37.0,1.48
142,car,37.0,1.48
695,car,37.0,1.48
642,car,37.0,1.48
408,car,37.0,1.48
622,car,37.0,1.48
705,car,37.0,1.48
633,car,37.0,1.48
188,car,37.0,1.48
560,car,37.0,1.48
594,car,37.0,1.48
560,car,37.0,1.48
134,car,37.0,1.48
748,car,37.0,1.48
746,car,37.0,1.48
777,car,37.0,1.48
777,car,37.0,1.48
152,car,37.0,1.48
152,car,37.0,1.48
93,car,37.0,1.48
93,car,37.0,1.48
630,car,37.0,1.48
630,car,37.0,1.48
630,car,37.0,1.48
865,car,37.0,1.48
196,car,37.0,1.48
729,car,37.0,1.48
596,car,37.0,1.48
754,car,37.0,1.48
754,car,37.0,1.48
781,car,37.0,1.48
859,car,37.0,1.48
731,car,37.0,1.48
731,car,37.0,1.48
731,car,37.0,1.48
737,car,37.0,1.48
861,car,37.0,1.48
731,car,37.0,1.48
731,car,37.0,1.48
102,car,37.0,1.48
102,car,37.0,1.48
102,car,37.0,1.48
622,car,37.0,1.48
624,car,37.0,1.48
622,car,37.0,1.48
622,car,37.0,1.48
624,car,37.0,1.48
564,car,37.0,1.48
819,car,37.0,1.48
135,car,37.0,1.48
135,car,37.0,1.48
754,car,37.0,1.48
773,car,37.0,1.48
445,car,37.0,1.48
128,car,37.0,1.48
128,car,37.0,1.48
705,car,37.0,1.48
705,car,37.0,1.48
633,car,37.0,1.48
624,car,37.0,1.48
693,car,37.0,1.48
353,car,37.0,1.48
624,car,37.0,1.48
624,car,37.0,1.48
622,car,37.0,1.48
624,car,37.0,1.48
352,car,37.0,1.48
624,car,37.0,1.48
754,car,37.0,1.48
647,car,37.0,1.48
754,car,37.0,1.48
754,car,37.0,1.48
366,car,37.0,1.48
624,car,36.0,1.44
754,car,36.0,1.44
622,car,36.0,1.44
377,car,36.0,1.44
686,car,36.0,1.44
686,car,36.0,1.44
686,car,36.0,1.44
671,car,36.0,1.44
754,car,36.0,1.44
753,car,36.0,1.44
609,car,36.0,1.44
609,car,36.0,1.44
609,car,36.0,1.44
778,car,36.0,1.44
353,car,36.0,1.44
671,car,36.0,1.44
693,car,36.0,1.44
365,car,36.0,1.44
366,car,36.0,1.44
739,car,36.0,1.44
624,car,36.0,1.44
818,car,36.0,1.44
134,car,36.0,1.44
700,car,36.0,1.44
700,car,36.0,1.44
700,car,36.0,1.44
426,car,36.0,1.44
183,car,36.0,1.44
776,car,36.0,1.44
183,car,36.0,1.44
585,car,36.0,1.44
624,car,36.0,1.44
624,car,36.0,1.44
748,car,36.0,1.44
135,car,36.0,1.44
748,car,36.0,1.44
746,car,36.0,1.44
748,car,36.0,1.44
624,car,36.0,1.44
624,car,36.0,1.44
624,car,36.0,1.44
565,car,36.0,1.44
624,car,36.0,1.44
142,car,36.0,1.44
465,car,36.0,1.44
465,car,36.0,1.44
773,car,36.0,1.44
188,car,36.0,1.44
773,car,36.0,1.44
560,car,36.0,1.44
558,car,36.0,1.44
128,car,36.0,1.44
739,car,36.0,1.44
739,car,36.0,1.44
748,car,36.0,1.44
714,car,36.0,1.44
705,car,36.0,1.44
633,car,36.0,1.44
705,car,36.0,1.44
707,car,36.0,1.44
445,car,36.0,1.44
624,car,36.0,1.44
624,car,36.0,1.44
624,car,36.0,1.44
705,car,36.0,1.44
142,car,36.0,1.44
420,car,36.0,1.44
411,car,36.0,1.44
408,car,36.0,1.44
634,car,36.0,1.44
634,car,36.0,1.44
634,car,36.0,1.44
701,car,36.0,1.44
424,car,36.0,1.44
423,car,36.0,1.44
776,car,36.0,1.44
185,car,36.0,1.44
833,car,36.0,1.44
594,car,36.0,1.44
769,traffic light,36.0,1.44
615,car,36.0,1.44
615,car,36.0,1.44
615,car,36.0,1.44
622,car,36.0,1.44
193,car,36.0,1.44
826,car,36.0,1.44
125,car,36.0,1.44
717,car,36.0,1.44
717,car,36.0,1.44
717,car,36.0,1.44
717,car,36.0,1.44
632,car,36.0,1.44
492,car,36.0,1.44
492,car,36.0,1.44
492,car,36.0,1.44
835,car,36.0,1.44
828,car,36.0,1.44
828,car,36.0,1.44
185,car,36.0,1.44
777,car,36.0,1.44
566,car,36.0,1.44
746,car,36.0,1.44
624,car,36.0,1.44
624,car,36.0,1.44
695,car,36.0,1.44
695,car,36.0,1.44
746,car,36.0,1.44
746,car,36.0,1.44
630,car,36.0,1.44
611,car,36.0,1.44
611,car,36.0,1.44
611,car,36.0,1.44
613,car,36.0,1.44
611,car,36.0,1.44
842,car,36.0,1.44
843,car,36.0,1.44
842,car,36.0,1.44
747,car,36.0,1.44
747,car,36.0,1.44
842,car,36.0,1.44
193,car,36.0,1.44
217,traffic light,36.0,1.44
722,car,36.0,1.44
722,car,36.0,1.44
720,car,36.0,1.44
491,car,36.0,1.44
520,traffic light,36.0,1.44
746,car,36.0,1.44
624,car,36.0,1.44
746,car,36.0,1.44
144,car,36.0,1.44
646,car,36.0,1.44
695,car,36.0,1.44
419,car,36.0,1.44
401,car,36.0,1.44
402,car,36.0,1.44
402,car,36.0,1.44
624,car,36.0,1.44
624,car,36.0,1.44
611,car,36.0,1.44
753,car,36.0,1.44
116,car,36.0,1.44
844,car,36.0,1.44
844,car,36.0,1.44
526,car,36.0,1.44
521,car,36.0,1.44
754,car,36.0,1.44
96,car,36.0,1.44
196,car,36.0,1.44
604,car,36.0,1.44
196,car,36.0,1.44
93,car,36.0,1.44
630,car,36.0,1.44
532,car,36.0,1.44
532,car,36.0,1.44
93,car,36.0,1.44
93,car,36.0,1.44
861,car,36.0,1.44
624,car,36.0,1.44
793,car,36.0,1.44
152,car,36.0,1.44
624,car,36.0,1.44
624,car,36.0,1.44
624,car,36.0,1.44
624,car,36.0,1.44
624,car,36.0,1.44
622,car,36.0,1.44
622,car,36.0,1.44
646,car,36.0,1.44
393,car,36.0,1.44
393,car,36.0,1.44
754,car,36.0,1.44
105,car,36.0,1.44
105,car,36.0,1.44
102,car,36.0,1.44
102,car,36.0,1.44
861,car,36.0,1.44
865,car,36.0,1.44
861,car,36.0,1.44
861,car,36.0,1.44
624,car,36.0,1.44
859,car,36.0,1.44
754,car,36.0,1.44
754,car,36.0,1.44
754,car,36.0,1.44
754,car,36.0,1.44
787,car,36.0,1.44
792,car,36.0,1.44
150,car,36.0,1.44
746,car,36.0,1.44
624,car,36.0,1.44
624,car,36.0,1.44
624,car,36.0,1.44
624,car,36.0,1.44
150,car,36.0,1.44
624,car,36.0,1.44
624,car,36.0,1.44
624,car,36.0,1.44
624,car,36.0,1.44
624,car,36.0,1.44
150,car,36.0,1.44
778,car,36.0,1.44
787,car,36.0,1.44
778,car,36.0,1.44
753,car,36.0,1.44
624,car,36.0,1.44
551,car,36.0,1.44
857,car,36.0,1.44
853,car,36.0,1.44
96,car,36.0,1.44
857,car,36.0,1.44
95,car,36.0,1.44
95,car,36.0,1.44
782,car,36.0,1.44
782,car,36.0,1.44
782,car,36.0,1.44
371,car,36.0,1.44
352,car,36.0,1.44
377,car,36.0,1.44
375,car,36.0,1.44
359,car,36.0,1.44
379,car,36.0,1.44
379,car,36.0,1.44
379,car,36.0,1.44
383,car,36.0,1.44
383,car,36.0,1.44
383,car,36.0,1.44
647,car,36.0,1.44
350,car,36.0,1.44
622,car,36.0,1.44
624,car,36.0,1.44
624,car,36.0,1.44
624,car,36.0,1.44
624,car,36.0,1.44
371,car,36.0,1.44
363,car,36.0,1.44
689,car,36.0,1.44
754,car,36.0,1.44
624,car,35.0,1.4
633,car,35.0,1.4
624,car,35.0,1.4
624,car,35.0,1.4
545,car,35.0,1.4
545,car,35.0,1.4
847,car,35.0,1.4
642,car,35.0,1.4
747,car,35.0,1.4
624,car,35.0,1.4
624,car,35.0,1.4
102,car,35.0,1.4
705,car,35.0,1.4
102,car,35.0,1.4
596,car,35.0,1.4
596,car,35.0,1.4
747,car,35.0,1.4
96,car,35.0,1.4
754,car,35.0,1.4
857,car,35.0,1.4
95,car,35.0,1.4
95,car,35.0,1.4
96,car,35.0,1.4
95,car,35.0,1.4
859,car,35.0,1.4
624,car,35.0,1.4
95,car,35.0,1.4
455,car,35.0,1.4
549,car,35.0,1.4
633,car,35.0,1.4
754,car,35.0,1.4
754,car,35.0,1.4
624,car,35.0,1.4
624,car,35.0,1.4
455,car,35.0,1.4
624,car,35.0,1.4
624,car,35.0,1.4
624,car,35.0,1.4
624,car,35.0,1.4
624,car,35.0,1.4
624,car,35.0,1.4
624,car,35.0,1.4
596,car,35.0,1.4
116,car,35.0,1.4
701,car,35.0,1.4
125,car,35.0,1.4
828,car,35.0,1.4
835,car,35.0,1.4
634,car,35.0,1.4
407,car,35.0,1.4
695,car,35.0,1.4
828,car,35.0,1.4
826,car,35.0,1.4
841,car,35.0,1.4
633,car,35.0,1.4
436,car,35.0,1.4
443,car,35.0,1.4
443,car,35.0,1.4
436,car,35.0,1.4
754,car,35.0,1.4
426,car,35.0,1.4
739,car,35.0,1.4
550,car,35.0,1.4
426,car,35.0,1.4
700,car,35.0,1.4
700,car,35.0,1.4
835,car,35.0,1.4
700,car,35.0,1.4
700,car,35.0,1.4
843,car,35.0,1.4
844,car,35.0,1.4
491,car,35.0,1.4
624,car,35.0,1.4
624,car,35.0,1.4
624,car,35.0,1.4
521,car,35.0,1.4
465,car,35.0,1.4
521,car,35.0,1.4
530,car,35.0,1.4
96,car,35.0,1.4
465,car,35.0,1.4
461,car,35.0,1.4
632,car,35.0,1.4
459,truck,35.0,1.4
720,car,35.0,1.4
613,car,35.0,1.4
613,car,35.0,1.4
624,car,35.0,1.4
526,car,35.0,1.4
718,car,35.0,1.4
478,car,35.0,1.4
717,car,35.0,1.4
632,car,35.0,1.4
633,car,35.0,1.4
467,car,35.0,1.4
467,car,35.0,1.4
480,car,35.0,1.4
624,car,35.0,1.4
483,car,35.0,1.4
722,car,35.0,1.4
624,car,35.0,1.4
624,car,35.0,1.4
624,car,35.0,1.4
624,car,35.0,1.4
624,car,35.0,1.4
624,car,35.0,1.4
479,car,35.0,1.4
365,car,35.0,1.4
731,car,35.0,1.4
731,car,35.0,1.4
731,car,35.0,1.4
731,car,35.0,1.4
731,car,35.0,1.4
731,car,35.0,1.4
731,car,35.0,1.4
630,car,35.0,1.4
630,car,35.0,1.4
861,car,35.0,1.4
624,car,35.0,1.4
624,car,35.0,1.4
545,car,35.0,1.4
624,car,35.0,1.4
754,car,35.0,1.4
96,car,35.0,1.4
630,car,35.0,1.4
729,car,35.0,1.4
720,car,35.0,1.4
622,car,35.0,1.4
622,car,35.0,1.4
624,car,35.0,1.4
624,car,35.0,1.4
624,car,35.0,1.4
865,car,35.0,1.4
624,car,35.0,1.4
865,car,35.0,1.4
624,car,35.0,1.4
624,car,35.0,1.4
624,car,35.0,1.4
753,car,35.0,1.4
624,car,35.0,1.4
624,car,35.0,1.4
624,car,35.0,1.4
865,car,35.0,1.4
366,car,35.0,1.4
624,car,35.0,1.4
790,car,35.0,1.4
365,car,35.0,1.4
145,car,35.0,1.4
819,car,35.0,1.4
819,car,35.0,1.4
366,car,35.0,1.4
647,car,35.0,1.4
352,car,35.0,1.4
624,car,35.0,1.4
783,car,35.0,1.4
783,car,35.0,1.4
624,car,35.0,1.4
792,car,35.0,1.4
609,car,35.0,1.4
609,car,35.0,1.4
352,car,35.0,1.4
647,car,35.0,1.4
746,car,35.0,1.4
689,car,35.0,1.4
624,car,35.0,1.4
371,car,35.0,1.4
565,car,35.0,1.4
820,car,35.0,1.4
142,car,35.0,1.4
624,car,35.0,1.4
184,car,35.0,1.4
184,car,35.0,1.4
185,car,35.0,1.4
185,car,35.0,1.4
622,car,35.0,1.4
624,car,35.0,1.4
624,car,35.0,1.4
746,car,35.0,1.4
671,car,35.0,1.4
184,car,35.0,1.4
624,car,35.0,1.4
820,car,35.0,1.4
624,car,35.0,1.4
624,car,35.0,1.4
782,car,35.0,1.4
624,car,35.0,1.4
787,car,35.0,1.4
144,car,35.0,1.4
609,car,35.0,1.4
609,car,35.0,1.4
609,car,35.0,1.4
609,car,35.0,1.4
144,car,35.0,1.4
783,car,35.0,1.4
783,car,35.0,1.4
777,car,35.0,1.4
778,car,35.0,1.4
609,car,35.0,1.4
622,car,35.0,1.4
622,car,35.0,1.4
624,car,35.0,1.4
393,car,35.0,1.4
394,car,35.0,1.4
393,car,35.0,1.4
646,car,35.0,1.4
172,car,35.0,1.4
646,car,35.0,1.4
373,car,35.0,1.4
172,car,35.0,1.4
689,car,35.0,1.4
172,car,35.0,1.4
778,car,35.0,1.4
392,car,35.0,1.4
145,car,35.0,1.4
366,car,35.0,1.4
793,car,35.0,1.4
646,car,35.0,1.4
624,car,35.0,1.4
188,car,35.0,1.4
624,car,35.0,1.4
624,car,35.0,1.4
624,car,35.0,1.4
183,car,35.0,1.4
624,car,35.0,1.4
359,car,35.0,1.4
624,car,35.0,1.4
776,car,35.0,1.4
624,car,35.0,1.4
183,car,35.0,1.4
353,car,35.0,1.4
773,car,35.0,1.4
134,car,35.0,1.4
624,car,35.0,1.4
377,car,35.0,1.4
773,car,35.0,1.4
776,car,35.0,1.4
124,car,35.0,1.4
564,car,35.0,1.4
124,car,35.0,1.4
128,car,35.0,1.4
642,car,35.0,1.4
124,car,35.0,1.4
739,car,35.0,1.4
624,car,35.0,1.4
144,car,35.0,1.4
746,car,35.0,1.4
350,car,35.0,1.4
560,car,35.0,1.4
705,car,34.0,1.36
718,car,34.0,1.36
401,car,34.0,1.36
634,car,34.0,1.36
465,car,34.0,1.36
172,car,34.0,1.36
793,car,34.0,1.36
467,car,34.0,1.36
717,car,34.0,1.36
401,car,34.0,1.36
152,car,34.0,1.36
468,car,34.0,1.36
793,car,34.0,1.36
152,car,34.0,1.36
777,car,34.0,1.36
634,car,34.0,1.36
474,car,34.0,1.36
478,car,34.0,1.36
701,car,34.0,1.36
478,car,34.0,1.36
474,car,34.0,1.36
411,car,34.0,1.36
407,car,34.0,1.36
420,car,34.0,1.36
492,car,34.0,1.36
492,car,34.0,1.36
497,car,34.0,1.36
642,car,34.0,1.36
701,car,34.0,1.36
615,car,34.0,1.36
615,car,34.0,1.36
615,car,34.0,1.36
615,car,34.0,1.36
615,car,34.0,1.36
642,car,34.0,1.36
144,car,34.0,1.36
634,car,34.0,1.36
634,car,34.0,1.36
622,car,34.0,1.36
701,car,34.0,1.36
634,car,34.0,1.36
483,car,34.0,1.36
372,car,34.0,1.36
367,car,34.0,1.36
455,car,34.0,1.36
705,car,34.0,1.36
705,car,34.0,1.36
705,car,34.0,1.36
377,car,34.0,1.36
371,car,34.0,1.36
632,car,34.0,1.36
707,car,34.0,1.36
707,car,34.0,1.36
371,car,34.0,1.36
1100,traffic light,34.0,1.36
408,car,34.0,1.36
632,car,34.0,1.36
693,car,34.0,1.36
359,car,34.0,1.36
689,car,34.0,1.36
465,car,34.0,1.36
352,car,34.0,1.36
445,car,34.0,1.36
446,car,34.0,1.36
445,car,34.0,1.36
446,car,34.0,1.36
446,car,34.0,1.36
632,car,34.0,1.36
359,car,34.0,1.36
693,car,34.0,1.36
622,car,34.0,1.36
701,car,34.0,1.36
419,car,34.0,1.36
622,car,34.0,1.36
419,car,34.0,1.36
759,traffic light,34.0,1.36
423,car,34.0,1.36
609,car,34.0,1.36
424,car,34.0,1.36
642,car,34.0,1.36
401,car,34.0,1.36
693,car,34.0,1.36
401,car,34.0,1.36
671,car,34.0,1.36
647,car,34.0,1.36
424,car,34.0,1.36
778,car,34.0,1.36
647,car,34.0,1.36
647,car,34.0,1.36
375,car,34.0,1.36
373,car,34.0,1.36
700,car,34.0,1.36
700,car,34.0,1.36
367,car,34.0,1.36
441,car,34.0,1.36
671,car,34.0,1.36
443,car,34.0,1.36
441,car,34.0,1.36
402,car,34.0,1.36
560,car,34.0,1.36
560,car,34.0,1.36
560,car,34.0,1.36
128,car,34.0,1.36
739,car,34.0,1.36
739,car,34.0,1.36
748,car,34.0,1.36
748,car,34.0,1.36
748,car,34.0,1.36
828,car,34.0,1.36
828,car,34.0,1.36
861,car,34.0,1.36
134,car,34.0,1.36
773,car,34.0,1.36
585,car,34.0,1.36
135,car,34.0,1.36
134,car,34.0,1.36
135,car,34.0,1.36
818,car,34.0,1.36
622,car,34.0,1.36
622,car,34.0,1.36
622,car,34.0,1.36
622,car,34.0,1.36
828,car,34.0,1.36
624,car,34.0,1.36
624,car,34.0,1.36
753,car,34.0,1.36
558,car,34.0,1.36
119,car,34.0,1.36
119,car,34.0,1.36
119,car,34.0,1.36
833,car,34.0,1.36
119,car,34.0,1.36
748,car,34.0,1.36
748,car,34.0,1.36
594,car,34.0,1.36
624,car,34.0,1.36
624,car,34.0,1.36
124,car,34.0,1.36
828,car,34.0,1.36
826,car,34.0,1.36
124,car,34.0,1.36
558,car,34.0,1.36
558,car,34.0,1.36
596,car,34.0,1.36
596,car,34.0,1.36
594,car,34.0,1.36
624,car,34.0,1.36
647,car,34.0,1.36
689,car,34.0,1.36
622,car,34.0,1.36
646,car,34.0,1.36
695,car,34.0,1.36
695,car,34.0,1.36
419,car,34.0,1.36
420,car,34.0,1.36
402,car,34.0,1.36
671,car,34.0,1.36
671,car,34.0,1.36
622,car,34.0,1.36
671,car,34.0,1.36
671,car,34.0,1.36
609,car,34.0,1.36
375,car,34.0,1.36
695,car,34.0,1.36
150,car,34.0,1.36
782,car,34.0,1.36
609,car,34.0,1.36
609,car,34.0,1.36
783,car,34.0,1.36
372,car,34.0,1.36
671,car,34.0,1.36
820,car,34.0,1.36
565,car,34.0,1.36
565,car,34.0,1.36
142,car,34.0,1.36
135,car,34.0,1.36
810,car,34.0,1.36
790,car,34.0,1.36
566,car,34.0,1.36
566,car,34.0,1.36
622,car,34.0,1.36
622,car,34.0,1.36
379,car,34.0,1.36
790,car,34.0,1.36
145,car,34.0,1.36
693,car,34.0,1.36
646,car,34.0,1.36
379,car,34.0,1.36
383,car,34.0,1.36
352,car,34.0,1.36
383,car,34.0,1.36
352,car,34.0,1.36
352,car,34.0,1.36
350,car,34.0,1.36
790,car,34.0,1.36
521,car,34.0,1.36
532,car,34.0,1.36
91,car,34.0,1.36
91,car,34.0,1.36
530,car,34.0,1.36
630,car,34.0,1.36
632,car,34.0,1.36
632,car,34.0,1.36
611,car,34.0,1.36
630,car,34.0,1.36
630,car,34.0,1.36
747,car,34.0,1.36
729,car,34.0,1.36
729,car,34.0,1.36
91,car,34.0,1.36
537,car,34.0,1.36
96,car,34.0,1.36
532,car,34.0,1.36
532,car,34.0,1.36
861,car,34.0,1.36
93,car,34.0,1.36
93,car,34.0,1.36
611,car,34.0,1.36
729,car,34.0,1.36
718,car,34.0,1.36
717,car,34.0,1.36
722,car,34.0,1.36
722,car,34.0,1.36
480,car,34.0,1.36
480,car,34.0,1.36
480,car,34.0,1.36
483,car,34.0,1.36
492,car,34.0,1.36
483,car,34.0,1.36
615,car,34.0,1.36
521,car,34.0,1.36
613,car,34.0,1.36
611,car,34.0,1.36
611,car,34.0,1.36
722,car,34.0,1.36
632,car,34.0,1.36
632,car,34.0,1.36
720,car,34.0,1.36
494,car,34.0,1.36
494,car,34.0,1.36
491,car,34.0,1.36
491,car,34.0,1.36
615,car,34.0,1.36
596,car,34.0,1.36
105,car,34.0,1.36
624,car,34.0,1.36
739,car,34.0,1.36
739,car,34.0,1.36
624,car,34.0,1.36
624,car,34.0,1.36
624,car,34.0,1.36
624,car,34.0,1.36
624,car,34.0,1.36
624,car,34.0,1.36
611,car,34.0,1.36
624,car,34.0,1.36
117,car,34.0,1.36
550,car,34.0,1.36
550,car,34.0,1.36
842,car,34.0,1.36
842,car,34.0,1.36
550,car,34.0,1.36
119,car,34.0,1.36
747,car,34.0,1.36
739,car,34.0,1.36
739,car,34.0,1.36
624,car,34.0,1.36
96,car,34.0,1.36
731,car,34.0,1.36
538,car,34.0,1.36
96,car,34.0,1.36
857,car,34.0,1.36
95,car,34.0,1.36
859,car,34.0,1.36
95,car,34.0,1.36
549,car,34.0,1.36
624,car,34.0,1.36
753,car,34.0,1.36
596,car,34.0,1.36
747,car,34.0,1.36
98,car,34.0,1.36
98,car,34.0,1.36
98,car,34.0,1.36
98,car,34.0,1.36
98,car,34.0,1.36
857,car,34.0,1.36
857,car,34.0,1.36
857,car,34.0,1.36
847,car,34.0,1.36
753,car,34.0,1.36
624,car,34.0,1.36
401,car,33.0,1.32
646,car,33.0,1.32
754,car,33.0,1.32
367,car,33.0,1.32
366,car,33.0,1.32
367,car,33.0,1.32
365,car,33.0,1.32
133,car,33.0,1.32
818,car,33.0,1.32
375,car,33.0,1.32
394,car,33.0,1.32
133,car,33.0,1.32
134,car,33.0,1.32
565,car,33.0,1.32
622,car,33.0,1.32
622,car,33.0,1.32
828,car,33.0,1.32
739,car,33.0,1.32
647,car,33.0,1.32
754,car,33.0,1.32
622,car,33.0,1.32
622,car,33.0,1.32
377,car,33.0,1.32
359,car,33.0,1.32
407,car,33.0,1.32
622,car,33.0,1.32
350,car,33.0,1.32
350,car,33.0,1.32
646,car,33.0,1.32
649,traffic light,33.0,1.32
350,car,33.0,1.32
350,car,33.0,1.32
647,car,33.0,1.32
365,car,33.0,1.32
622,car,33.0,1.32
622,car,33.0,1.32
622,car,33.0,1.32
545,car,33.0,1.32
622,car,33.0,1.32
622,car,33.0,1.32
411,car,33.0,1.32
407,car,33.0,1.32
634,car,33.0,1.32
622,car,33.0,1.32
622,car,33.0,1.32
622,car,33.0,1.32
426,car,33.0,1.32
426,car,33.0,1.32
622,car,33.0,1.32
634,car,33.0,1.32
634,car,33.0,1.32
634,car,33.0,1.32
633,car,33.0,1.32
634,car,33.0,1.32
622,car,33.0,1.32
172,car,33.0,1.32
168,car,33.0,1.32
622,car,33.0,1.32
185,car,33.0,1.32
532,car,33.0,1.32
538,car,33.0,1.32
145,car,33.0,1.32
145,car,33.0,1.32
857,car,33.0,1.32
98,car,33.0,1.32
456,car,33.0,1.32
144,car,33.0,1.32
96,car,33.0,1.32
861,car,33.0,1.32
545,car,33.0,1.32
545,car,33.0,1.32
545,car,33.0,1.32
622,car,33.0,1.32
622,car,33.0,1.32
622,car,33.0,1.32
622,car,33.0,1.32
622,car,33.0,1.32
622,car,33.0,1.32
695,car,33.0,1.32
634,car,33.0,1.32
753,car,33.0,1.32
91,car,33.0,1.32
93,car,33.0,1.32
93,car,33.0,1.32
93,car,33.0,1.32
474,car,33.0,1.32
93,car,33.0,1.32
622,car,33.0,1.32
622,car,33.0,1.32
622,car,33.0,1.32
753,car,33.0,1.32
622,car,33.0,1.32
753,car,33.0,1.32
753,car,33.0,1.32
622,car,33.0,1.32
622,car,33.0,1.32
478,car,33.0,1.32
474,car,33.0,1.32
622,car,33.0,1.32
707,car,33.0,1.32
461,car,33.0,1.32
609,car,33.0,1.32
624,car,33.0,1.32
861,car,33.0,1.32
150,car,33.0,1.32
622,car,33.0,1.32
168,car,33.0,1.32
168,car,33.0,1.32
622,car,33.0,1.32
145,car,33.0,1.32
622,car,33.0,1.32
217,traffic light,33.0,1.32
622,car,33.0,1.32
759,traffic light,33.0,1.32
426,car,33.0,1.32
105,car,33.0,1.32
98,car,33.0,1.32
144,car,33.0,1.32
810,car,33.0,1.32
459,truck,33.0,1.32
615,car,33.0,1.32
447,car,33.0,1.32
622,car,33.0,1.32
622,car,33.0,1.32
474,car,33.0,1.32
474,car,33.0,1.32
150,car,33.0,1.32
622,car,33.0,1.32
622,car,33.0,1.32
754,car,33.0,1.32
622,car,33.0,1.32
461,car,33.0,1.32
461,car,33.0,1.32
622,car,33.0,1.32
455,car,33.0,1.32
467,car,33.0,1.32
467,car,33.0,1.32
622,car,33.0,1.32
291,bus,33.0,1.32
622,car,33.0,1.32
622,car,33.0,1.32
441,car,33.0,1.32
446,car,33.0,1.32
436,car,33.0,1.32
622,car,33.0,1.32
754,car,33.0,1.32
565,car,33.0,1.32
622,car,33.0,1.32
558,car,33.0,1.32
634,car,33.0,1.32
116,car,33.0,1.32
739,car,33.0,1.32
843,car,33.0,1.32
117,car,33.0,1.32
748,car,33.0,1.32
622,car,33.0,1.32
622,car,33.0,1.32
116,car,33.0,1.32
634,car,33.0,1.32
377,car,33.0,1.32
604,car,33.0,1.32
479,car,33.0,1.32
479,car,33.0,1.32
479,car,33.0,1.32
622,car,33.0,1.32
622,car,33.0,1.32
622,car,33.0,1.32
609,car,33.0,1.32
609,car,33.0,1.32
777,car,33.0,1.32
754,car,33.0,1.32
596,car,33.0,1.32
93,car,33.0,1.32
183,car,33.0,1.32
594,car,33.0,1.32
622,car,33.0,1.32
622,car,33.0,1.32
622,car,33.0,1.32
622,car,33.0,1.32
622,car,33.0,1.32
722,car,33.0,1.32
717,car,33.0,1.32
521,car,33.0,1.32
124,car,33.0,1.32
133,car,33.0,1.32
842,car,33.0,1.32
392,car,33.0,1.32
399,truck,33.0,1.32
128,car,32.0,1.28
119,car,32.0,1.28
833,car,32.0,1.28
400,car,32.0,1.28
717,car,32.0,1.28
718,car,32.0,1.28
91,car,32.0,1.28
91,car,32.0,1.28
91,car,32.0,1.28
537,car,32.0,1.28
596,car,32.0,1.28
841,car,32.0,1.28
105,car,32.0,1.28
117,car,32.0,1.28
117,car,32.0,1.28
754,car,32.0,1.28
116,car,32.0,1.28
853,car,32.0,1.28
564,car,32.0,1.28
747,car,32.0,1.28
782,car,32.0,1.28
436,car,32.0,1.28
94,car,32.0,1.28
73,truck,32.0,1.28
73,truck,32.0,1.28
73,truck,32.0,1.28
759,traffic light,32.0,1.28
747,car,32.0,1.28
622,car,32.0,1.28
622,car,32.0,1.28
783,car,32.0,1.28
615,car,32.0,1.28
759,traffic light,32.0,1.28
778,car,32.0,1.28
622,car,32.0,1.28
622,car,32.0,1.28
622,car,32.0,1.28
94,car,32.0,1.28
622,car,32.0,1.28
622,car,32.0,1.28
622,car,32.0,1.28
707,car,32.0,1.28
707,car,32.0,1.28
460,car,32.0,1.28
460,car,32.0,1.28
460,car,32.0,1.28
497,car,32.0,1.28
467,car,32.0,1.28
468,car,32.0,1.28
91,car,32.0,1.28
861,car,32.0,1.28
537,car,32.0,1.28
622,car,32.0,1.28
2,car,32.0,1.28
423,car,32.0,1.28
622,car,32.0,1.28
622,car,32.0,1.28
695,car,32.0,1.28
2,car,32.0,1.28
622,car,32.0,1.28
857,car,32.0,1.28
145,car,32.0,1.28
96,car,32.0,1.28
95,car,32.0,1.28
532,car,32.0,1.28
534,car,32.0,1.28
776,car,32.0,1.28
753,car,32.0,1.28
622,car,32.0,1.28
622,car,32.0,1.28
2,car,32.0,1.28
420,car,32.0,1.28
411,car,32.0,1.28
622,car,32.0,1.28
622,car,32.0,1.28
534,car,32.0,1.28
624,car,32.0,1.28
538,car,32.0,1.28
622,car,32.0,1.28
647,car,32.0,1.28
686,car,32.0,1.28
622,car,32.0,1.28
647,car,32.0,1.28
379,car,32.0,1.28
371,car,32.0,1.28
353,car,32.0,1.28
810,car,32.0,1.28
417,car,32.0,1.28
384,truck,32.0,1.28
622,car,32.0,1.28
394,car,32.0,1.28
373,car,32.0,1.28
400,car,32.0,1.28
693,car,32.0,1.28
622,car,32.0,1.28
363,car,31.0,1.24
671,car,31.0,1.24
649,traffic light,31.0,1.24
649,traffic light,31.0,1.24
383,car,31.0,1.24
622,car,31.0,1.24
646,car,31.0,1.24
642,car,31.0,1.24
622,car,31.0,1.24
604,car,31.0,1.24
604,car,31.0,1.24
366,car,31.0,1.24
183,car,31.0,1.24
375,car,31.0,1.24
968,car,31.0,1.24
968,car,31.0,1.24
491,car,31.0,1.24
717,car,31.0,1.24
91,car,31.0,1.24
91,car,31.0,1.24
94,car,31.0,1.24
865,car,31.0,1.24
456,car,31.0,1.24
729,car,31.0,1.24
609,car,31.0,1.24
447,car,31.0,1.24
705,car,31.0,1.24
622,car,31.0,1.24
461,car,31.0,1.24
705,car,31.0,1.24
705,car,31.0,1.24
73,truck,31.0,1.24
753,car,31.0,1.24
91,car,31.0,1.24
91,car,31.0,1.24
722,car,31.0,1.24
481,car,31.0,1.24
481,car,31.0,1.24
492,car,31.0,1.24
200,car,31.0,1.24
91,car,31.0,1.24
534,car,31.0,1.24
91,car,31.0,1.24
185,car,31.0,1.24
720,car,31.0,1.24
494,car,31.0,1.24
753,car,31.0,1.24
455,car,31.0,1.24
407,car,31.0,1.24
426,car,31.0,1.24
2,car,31.0,1.24
609,car,31.0,1.24
609,car,31.0,1.24
622,car,31.0,1.24
857,car,31.0,1.24
424,car,31.0,1.24
747,car,31.0,1.24
754,car,31.0,1.24
754,car,31.0,1.24
622,car,31.0,1.24
622,car,31.0,1.24
116,truck,31.0,1.24
701,car,31.0,1.24
701,car,31.0,1.24
402,car,31.0,1.24
392,car,31.0,1.24
828,car,31.0,1.24
133,car,31.0,1.24
968,car,31.0,1.24
968,car,31.0,1.24
754,car,31.0,1.24
968,car,31.0,1.24
842,car,31.0,1.24
622,car,31.0,1.24
400,car,31.0,1.24
417,car,31.0,1.24
393,car,31.0,1.24
622,car,31.0,1.24
134,car,31.0,1.24
384,truck,31.0,1.24
417,car,31.0,1.24
609,car,31.0,1.24
95,car,31.0,1.24
622,car,31.0,1.24
622,car,31.0,1.24
456,car,31.0,1.24
859,car,31.0,1.24
408,car,31.0,1.24
609,car,31.0,1.24
420,car,31.0,1.24
609,car,31.0,1.24
609,car,31.0,1.24
609,car,31.0,1.24
753,car,31.0,1.24
609,car,31.0,1.24
622,car,31.0,1.24
782,car,31.0,1.24
700,car,31.0,1.24
94,car,31.0,1.24
168,car,31.0,1.24
217,traffic light,31.0,1.24
168,car,31.0,1.24
291,bus,31.0,1.24
93,car,31.0,1.24
183,car,30.0,1.2
609,car,30.0,1.2
609,car,30.0,1.2
609,car,30.0,1.2
630,car,30.0,1.2
491,car,30.0,1.2
609,car,30.0,1.2
609,car,30.0,1.2
447,car,30.0,1.2
609,car,30.0,1.2
609,car,30.0,1.2
759,traffic light,30.0,1.2
609,car,30.0,1.2
609,car,30.0,1.2
196,car,30.0,1.2
609,car,30.0,1.2
94,car,30.0,1.2
537,car,30.0,1.2
609,car,30.0,1.2
532,car,30.0,1.2
609,car,30.0,1.2
609,car,30.0,1.2
609,car,30.0,1.2
632,car,30.0,1.2
185,car,30.0,1.2
609,car,30.0,1.2
609,car,30.0,1.2
781,car,30.0,1.2
480,car,30.0,1.2
483,car,30.0,1.2
497,car,30.0,1.2
481,car,30.0,1.2
609,car,30.0,1.2
609,car,30.0,1.2
609,car,30.0,1.2
609,car,30.0,1.2
609,car,30.0,1.2
609,car,30.0,1.2
609,car,30.0,1.2
609,car,30.0,1.2
91,car,30.0,1.2
722,car,30.0,1.2
609,car,30.0,1.2
609,car,30.0,1.2
647,car,30.0,1.2
366,car,30.0,1.2
754,car,30.0,1.2
609,car,30.0,1.2
609,car,30.0,1.2
609,car,30.0,1.2
609,car,30.0,1.2
359,car,30.0,1.2
609,car,30.0,1.2
624,car,30.0,1.2
609,car,30.0,1.2
609,car,30.0,1.2
609,car,30.0,1.2
609,car,30.0,1.2
609,car,30.0,1.2
609,car,30.0,1.2
609,car,30.0,1.2
609,car,30.0,1.2
609,car,30.0,1.2
609,car,30.0,1.2
609,car,30.0,1.2
609,car,30.0,1.2
436,car,30.0,1.2
609,car,30.0,1.2
609,car,30.0,1.2
460,car,30.0,1.2
609,car,30.0,1.2
609,car,30.0,1.2
609,car,30.0,1.2
609,car,30.0,1.2
609,car,30.0,1.2
609,car,30.0,1.2
633,car,30.0,1.2
102,car,30.0,1.2
790,car,30.0,1.2
609,car,30.0,1.2
753,car,30.0,1.2
609,car,30.0,1.2
609,car,30.0,1.2
609,car,30.0,1.2
609,car,30.0,1.2
566,car,30.0,1.2
455,car,30.0,1.2
707,car,30.0,1.2
609,car,30.0,1.2
609,car,30.0,1.2
609,car,30.0,1.2
609,car,30.0,1.2
217,traffic light,30.0,1.2
217,traffic light,30.0,1.2
94,car,30.0,1.2
150,car,30.0,1.2
94,car,30.0,1.2
609,car,30.0,1.2
634,car,30.0,1.2
700,car,30.0,1.2
443,car,30.0,1.2
634,car,30.0,1.2
117,car,30.0,1.2
609,car,30.0,1.2
609,car,30.0,1.2
747,car,30.0,1.2
609,car,30.0,1.2
609,car,30.0,1.2
135,car,30.0,1.2
748,car,30.0,1.2
622,car,30.0,1.2
565,car,30.0,1.2
142,car,30.0,1.2
609,car,30.0,1.2
609,car,30.0,1.2
695,car,30.0,1.2
754,car,30.0,1.2
420,car,30.0,1.2
609,car,30.0,1.2
609,car,30.0,1.2
739,car,30.0,1.2
125,car,30.0,1.2
609,car,30.0,1.2
609,car,30.0,1.2
624,car,30.0,1.2
609,car,30.0,1.2
739,car,30.0,1.2
124,car,30.0,1.2
622,car,30.0,1.2
739,car,30.0,1.2
609,car,30.0,1.2
609,car,30.0,1.2
609,car,30.0,1.2
609,car,30.0,1.2
609,car,30.0,1.2
609,car,30.0,1.2
968,car,28.999999999999996,1.16
624,car,28.999999999999996,1.16
624,car,28.999999999999996,1.16
622,car,28.999999999999996,1.16
377,car,28.999999999999996,1.16
700,car,28.999999999999996,1.16
73,truck,28.999999999999996,1.16
968,car,28.999999999999996,1.16
739,car,28.999999999999996,1.16
754,car,28.999999999999996,1.16
91,car,28.999999999999996,1.16
91,car,28.999999999999996,1.16
700,car,28.999999999999996,1.16
632,car,28.999999999999996,1.16
441,car,28.999999999999996,1.16
717,car,28.999999999999996,1.16
609,car,28.999999999999996,1.16
144,car,28.999999999999996,1.16
609,car,28.999999999999996,1.16
847,car,28.999999999999996,1.16
459,truck,28.999999999999996,1.16
609,car,28.999999999999996,1.16
609,car,28.999999999999996,1.16
609,car,28.999999999999996,1.16
705,car,28.999999999999996,1.16
714,car,28.999999999999996,1.16
609,car,28.999999999999996,1.16
647,car,28.999999999999996,1.16
367,car,28.999999999999996,1.16
752,car,28.999999999999996,1.16
752,car,28.999999999999996,1.16
116,car,28.999999999999996,1.16
754,car,28.999999999999996,1.16
634,car,28.999999999999996,1.16
701,car,28.999999999999996,1.16
545,car,28.999999999999996,1.16
773,car,28.999999999999996,1.16
609,car,28.999999999999996,1.16
184,car,28.999999999999996,1.16
2,car,28.999999999999996,1.16
609,car,28.999999999999996,1.16
586,car,28.999999999999996,1.16
609,car,28.999999999999996,1.16
609,car,28.999999999999996,1.16
172,car,28.999999999999996,1.16
400,car,28.999999999999996,1.16
402,car,28.999999999999996,1.16
624,car,28.999999999999996,1.16
737,car,28.999999999999996,1.16
96,car,28.999999999999996,1.16
857,car,28.999999999999996,1.16
792,car,28.999999999999996,1.16
2,car,28.999999999999996,1.16
551,car,28.999999999999996,1.16
782,car,28.999999999999996,1.16
609,car,28.999999999999996,1.16
609,car,28.999999999999996,1.16
95,car,28.999999999999996,1.16
609,car,28.999999999999996,1.16
551,car,28.999999999999996,1.16
731,car,28.999999999999996,1.16
609,car,28.999999999999996,1.16
609,car,28.999999999999996,1.16
778,car,28.999999999999996,1.16
752,car,28.999999999999996,1.16
752,car,28.999999999999996,1.16
560,car,28.999999999999996,1.16
693,car,28.999999999999996,1.16
826,car,28.999999999999996,1.16
94,car,28.999999999999996,1.16
447,car,28.000000000000004,1.12
479,car,28.000000000000004,1.12
759,traffic light,28.000000000000004,1.12
759,traffic light,28.000000000000004,1.12
821,car,28.000000000000004,1.12
373,car,28.000000000000004,1.12
739,car,28.000000000000004,1.12
353,car,28.000000000000004,1.12
754,car,28.000000000000004,1.12
371,car,28.000000000000004,1.12
217,traffic light,28.000000000000004,1.12
773,car,28.000000000000004,1.12
94,car,28.000000000000004,1.12
550,car,28.000000000000004,1.12
460,car,28.000000000000004,1.12
168,car,28.000000000000004,1.12
777,car,28.000000000000004,1.12
394,car,28.000000000000004,1.12
408,car,28.000000000000004,1.12
91,car,28.000000000000004,1.12
776,car,28.000000000000004,1.12
777,car,28.000000000000004,1.12
172,car,28.000000000000004,1.12
423,car,28.000000000000004,1.12
847,car,28.000000000000004,1.12
861,car,28.000000000000004,1.12
538,car,28.000000000000004,1.12
634,car,28.000000000000004,1.12
538,car,28.000000000000004,1.12
752,car,28.000000000000004,1.12
394,car,28.000000000000004,1.12
722,car,28.000000000000004,1.12
117,car,28.000000000000004,1.12
481,car,28.000000000000004,1.12
446,car,28.000000000000004,1.12
841,car,28.000000000000004,1.12
841,car,28.000000000000004,1.12
853,car,28.000000000000004,1.12
759,traffic light,28.000000000000004,1.12
537,car,28.000000000000004,1.12
443,car,28.000000000000004,1.12
497,car,28.000000000000004,1.12
534,car,28.000000000000004,1.12
497,car,28.000000000000004,1.12
754,car,28.000000000000004,1.12
752,car,28.000000000000004,1.12
792,car,28.000000000000004,1.12
752,car,28.000000000000004,1.12
752,car,28.000000000000004,1.12
748,car,28.000000000000004,1.12
549,car,28.000000000000004,1.12
96,car,28.000000000000004,1.12
783,car,28.000000000000004,1.12
752,car,28.000000000000004,1.12
752,car,28.000000000000004,1.12
752,car,28.000000000000004,1.12
2,car,28.000000000000004,1.12
752,car,28.000000000000004,1.12
752,car,28.000000000000004,1.12
752,car,28.000000000000004,1.12
752,car,28.000000000000004,1.12
695,car,28.000000000000004,1.12
468,car,28.000000000000004,1.12
624,car,28.000000000000004,1.12
752,car,28.000000000000004,1.12
739,car,28.000000000000004,1.12
105,car,28.000000000000004,1.12
746,car,28.000000000000004,1.12
752,car,28.000000000000004,1.12
752,car,28.000000000000004,1.12
748,car,28.000000000000004,1.12
752,car,28.000000000000004,1.12
752,car,28.000000000000004,1.12
752,car,28.000000000000004,1.12
752,car,28.000000000000004,1.12
752,car,28.000000000000004,1.12
752,car,28.000000000000004,1.12
752,car,28.000000000000004,1.12
752,car,28.000000000000004,1.12
754,car,27.0,1.08
748,car,27.0,1.08
646,car,27.0,1.08
748,car,27.0,1.08
142,car,27.0,1.08
630,car,27.0,1.08
778,car,27.0,1.08
545,car,27.0,1.08
624,car,27.0,1.08
150,car,27.0,1.08
861,car,27.0,1.08
833,car,27.0,1.08
810,car,27.0,1.08
401,car,27.0,1.08
847,car,27.0,1.08
350,car,27.0,1.08
408,car,27.0,1.08
483,car,27.0,1.08
467,car,27.0,1.08
468,car,27.0,1.08
754,car,27.0,1.08
521,car,27.0,1.08
754,car,27.0,1.08
722,car,27.0,1.08
720,car,27.0,1.08
291,bus,27.0,1.08
754,car,27.0,1.08
633,car,27.0,1.08
793,car,27.0,1.08
634,car,27.0,1.08
532,car,27.0,1.08
859,car,27.0,1.08
95,car,27.0,1.08
417,car,27.0,1.08
754,car,27.0,1.08
2,car,27.0,1.08
642,car,27.0,1.08
367,car,27.0,1.08
632,car,27.0,1.08
754,car,27.0,1.08
714,car,27.0,1.08
478,car,27.0,1.08
474,car,27.0,1.08
372,car,27.0,1.08
371,car,27.0,1.08
379,car,27.0,1.08
564,car,27.0,1.08
124,car,27.0,1.08
133,car,27.0,1.08
375,car,27.0,1.08
373,car,27.0,1.08
461,car,27.0,1.08
456,car,27.0,1.08
570,car,27.0,1.08
754,car,27.0,1.08
792,car,27.0,1.08
145,car,27.0,1.08
749,person,27.0,1.08
446,car,27.0,1.08
291,bus,27.0,1.08
291,bus,27.0,1.08
145,car,27.0,1.08
98,car,27.0,1.08
754,car,26.0,1.04
739,car,26.0,1.04
372,car,26.0,1.04
689,car,26.0,1.04
754,car,26.0,1.04
746,car,26.0,1.04
96,car,26.0,1.04
749,person,26.0,1.04
98,car,26.0,1.04
571,car,26.0,1.04
835,car,26.0,1.04
828,car,26.0,1.04
739,car,26.0,1.04
739,car,26.0,1.04
558,car,26.0,1.04
119,car,26.0,1.04
353,car,26.0,1.04
359,car,26.0,1.04
693,car,26.0,1.04
671,car,26.0,1.04
352,car,26.0,1.04
647,car,26.0,1.04
819,car,26.0,1.04
550,car,26.0,1.04
671,car,26.0,1.04
773,car,26.0,1.04
865,car,26.0,1.04
150,car,26.0,1.04
609,car,26.0,1.04
530,car,26.0,1.04
624,car,26.0,1.04
754,car,26.0,1.04
632,car,26.0,1.04
781,car,26.0,1.04
624,car,26.0,1.04
624,car,26.0,1.04
793,car,26.0,1.04
94,car,26.0,1.04
91,car,26.0,1.04
718,car,26.0,1.04
718,car,26.0,1.04
196,car,26.0,1.04
604,car,26.0,1.04
291,bus,26.0,1.04
443,car,26.0,1.04
441,car,26.0,1.04
707,car,26.0,1.04
754,car,26.0,1.04
754,car,26.0,1.04
91,car,26.0,1.04
291,bus,26.0,1.04
291,bus,26.0,1.04
700,car,26.0,1.04
754,car,26.0,1.04
585,car,26.0,1.04
183,car,26.0,1.04
722,car,26.0,1.04
534,car,26.0,1.04
91,car,26.0,1.04
420,car,26.0,1.04
701,car,26.0,1.04
411,car,26.0,1.04
426,car,26.0,1.04
423,car,26.0,1.04
419,car,26.0,1.04
423,car,26.0,1.04
731,car,26.0,1.04
861,car,26.0,1.04
94,car,26.0,1.04
554,car,26.0,1.04
73,truck,26.0,1.04
615,car,26.0,1.04
622,car,26.0,1.04
393,car,26.0,1.04
844,car,26.0,1.04
793,car,26.0,1.04
116,car,26.0,1.04
841,car,26.0,1.04
102,car,26.0,1.04
857,car,26.0,1.04
447,car,26.0,1.04
445,car,26.0,1.04
843,car,26.0,1.04
152,car,26.0,1.04
790,car,26.0,1.04
144,car,26.0,1.04
826,car,26.0,1.04
217,traffic light,26.0,1.04
217,traffic light,26.0,1.04
615,car,26.0,1.04
633,car,26.0,1.04
478,car,26.0,1.04
717,car,26.0,1.04
474,car,26.0,1.04
718,car,26.0,1.04
609,car,26.0,1.04
613,car,26.0,1.04
455,car,26.0,1.04
821,car,26.0,1.04
133,car,26.0,1.04
365,car,26.0,1.04
371,car,26.0,1.04
968,car,25.0,1.0
372,car,25.0,1.0
748,car,25.0,1.0
352,car,25.0,1.0
624,car,25.0,1.0
739,car,25.0,1.0
373,car,25.0,1.0
350,car,25.0,1.0
377,car,25.0,1.0
291,bus,25.0,1.0
446,car,25.0,1.0
632,car,25.0,1.0
286,bicycle,25.0,1.0
754,car,25.0,1.0
615,car,25.0,1.0
611,car,25.0,1.0
754,car,25.0,1.0
479,car,25.0,1.0
754,car,25.0,1.0
754,car,25.0,1.0
754,car,25.0,1.0
456,car,25.0,1.0
459,truck,25.0,1.0
718,car,25.0,1.0
718,car,25.0,1.0
632,car,25.0,1.0
753,car,25.0,1.0
73,truck,25.0,1.0
609,car,25.0,1.0
754,car,25.0,1.0
609,car,25.0,1.0
782,car,25.0,1.0
847,car,25.0,1.0
400,car,25.0,1.0
98,car,25.0,1.0
729,car,25.0,1.0
729,car,25.0,1.0
426,car,25.0,1.0
820,car,25.0,1.0
565,car,25.0,1.0
134,car,25.0,1.0
754,car,25.0,1.0
366,car,25.0,1.0
754,car,25.0,1.0
754,car,25.0,1.0
754,car,25.0,1.0
119,car,25.0,1.0
818,car,25.0,1.0
793,car,25.0,1.0
98,car,25.0,1.0
646,car,25.0,1.0
749,person,25.0,1.0
810,car,25.0,1.0
144,car,25.0,1.0
168,car,25.0,1.0
609,car,25.0,1.0
609,car,25.0,1.0
609,car,25.0,1.0
777,car,25.0,1.0
571,car,25.0,1.0
94,car,25.0,1.0
586,car,25.0,1.0
759,traffic light,25.0,1.0
634,car,25.0,1.0
787,car,25.0,1.0
787,car,25.0,1.0
754,car,25.0,1.0
624,car,25.0,1.0
168,car,25.0,1.0
754,car,25.0,1.0
538,car,25.0,1.0
545,car,25.0,1.0
532,car,25.0,1.0
291,bus,25.0,1.0
585,car,25.0,1.0
594,car,25.0,1.0
773,car,25.0,1.0
720,car,25.0,1.0
200,car,25.0,1.0
753,car,25.0,1.0
436,car,25.0,1.0
634,car,25.0,1.0
753,car,25.0,1.0
483,car,25.0,1.0
754,car,24.0,0.96
671,car,24.0,0.96
754,car,24.0,0.96
218,person,24.0,0.96
565,car,24.0,0.96
135,car,24.0,0.96
550,car,24.0,0.96
218,person,24.0,0.96
754,car,24.0,0.96
754,car,24.0,0.96
754,car,24.0,0.96
630,car,24.0,0.96
861,car,24.0,0.96
419,car,24.0,0.96
402,car,24.0,0.96
566,car,24.0,0.96
257,person,24.0,0.96
117,car,24.0,0.96
218,person,24.0,0.96
754,car,24.0,0.96
642,car,24.0,0.96
105,car,24.0,0.96
492,car,24.0,0.96
2,car,24.0,0.96
441,car,24.0,0.96
634,car,24.0,0.96
257,person,24.0,0.96
2,car,24.0,0.96
729,car,24.0,0.96
549,car,24.0,0.96
793,car,24.0,0.96
731,car,24.0,0.96
445,car,24.0,0.96
253,person,24.0,0.96
705,car,24.0,0.96
73,truck,24.0,0.96
218,person,24.0,0.96
646,car,24.0,0.96
73,car,24.0,0.96
445,car,24.0,0.96
73,car,24.0,0.96
291,bus,24.0,0.96
217,traffic light,24.0,0.96
613,car,24.0,0.96
218,person,24.0,0.96
73,truck,24.0,0.96
754,car,24.0,0.96
218,person,24.0,0.96
91,car,24.0,0.96
218,person,24.0,0.96
152,car,24.0,0.96
152,car,24.0,0.96
752,car,24.0,0.96
624,car,24.0,0.96
363,car,24.0,0.96
367,car,24.0,0.96
257,person,24.0,0.96
2,car,24.0,0.96
521,car,24.0,0.96
596,car,24.0,0.96
622,car,23.0,0.92
1116,car,23.0,0.92
133,car,23.0,0.92
821,car,23.0,0.92
235,person,23.0,0.92
235,person,23.0,0.92
253,person,23.0,0.92
91,car,23.0,0.92
91,car,23.0,0.92
91,car,23.0,0.92
91,car,23.0,0.92
754,car,23.0,0.92
754,car,23.0,0.92
91,car,23.0,0.92
754,car,23.0,0.92
615,car,23.0,0.92
286,bicycle,23.0,0.92
700,car,23.0,0.92
611,car,23.0,0.92
754,car,23.0,0.92
754,car,23.0,0.92
754,car,23.0,0.92
611,car,23.0,0.92
754,car,23.0,0.92
217,traffic light,23.0,0.92
217,traffic light,23.0,0.92
714,car,23.0,0.92
253,person,23.0,0.92
291,bus,23.0,0.92
217,traffic light,23.0,0.92
754,car,23.0,0.92
474,car,23.0,0.92
217,traffic light,23.0,0.92
835,car,23.0,0.92
383,car,23.0,0.92
649,traffic light,23.0,0.92
481,car,23.0,0.92
604,car,23.0,0.92
571,car,23.0,0.92
787,car,23.0,0.92
754,car,23.0,0.92
754,car,23.0,0.92
754,car,23.0,0.92
777,car,23.0,0.92
91,car,23.0,0.92
172,car,23.0,0.92
177,person,23.0,0.92
783,car,23.0,0.92
218,person,23.0,0.92
754,car,23.0,0.92
754,car,23.0,0.92
491,car,23.0,0.92
720,car,23.0,0.92
257,person,23.0,0.92
754,car,23.0,0.92
467,car,23.0,0.92
145,car,23.0,0.92
689,car,23.0,0.92
549,car,23.0,0.92
737,car,23.0,0.92
861,car,23.0,0.92
729,car,23.0,0.92
746,car,23.0,0.92
551,car,23.0,0.92
424,car,23.0,0.92
565,car,23.0,0.92
841,car,23.0,0.92
968,car,23.0,0.92
353,car,23.0,0.92
363,car,23.0,0.92
1116,car,22.0,0.88
1010,car,22.0,0.88
1100,traffic light,22.0,0.88
1010,car,22.0,0.88
1010,car,22.0,0.88
1010,car,22.0,0.88
1111,car,22.0,0.88
217,traffic light,22.0,0.88
217,traffic light,22.0,0.88
217,traffic light,22.0,0.88
558,car,22.0,0.88
353,car,22.0,0.88
842,car,22.0,0.88
217,traffic light,22.0,0.88
217,traffic light,22.0,0.88
217,traffic light,22.0,0.88
217,traffic light,22.0,0.88
217,traffic light,22.0,0.88
217,traffic light,22.0,0.88
217,traffic light,22.0,0.88
217,traffic light,22.0,0.88
142,car,22.0,0.88
217,traffic light,22.0,0.88
217,traffic light,22.0,0.88
217,traffic light,22.0,0.88
217,traffic light,22.0,0.88
217,traffic light,22.0,0.88
565,car,22.0,0.88
217,traffic light,22.0,0.88
217,traffic light,22.0,0.88
217,traffic light,22.0,0.88
217,traffic light,22.0,0.88
217,traffic light,22.0,0.88
217,traffic light,22.0,0.88
217,traffic light,22.0,0.88
217,traffic light,22.0,0.88
217,traffic light,22.0,0.88
217,traffic light,22.0,0.88
217,traffic light,22.0,0.88
217,traffic light,22.0,0.88
217,traffic light,22.0,0.88
217,traffic light,22.0,0.88
217,traffic light,22.0,0.88
217,traffic light,22.0,0.88
217,traffic light,22.0,0.88
217,traffic light,22.0,0.88
217,traffic light,22.0,0.88
810,car,22.0,0.88
217,traffic light,22.0,0.88
217,traffic light,22.0,0.88
217,traffic light,22.0,0.88
217,traffic light,22.0,0.88
217,traffic light,22.0,0.88
217,traffic light,22.0,0.88
217,traffic light,22.0,0.88
217,traffic light,22.0,0.88
217,traffic light,22.0,0.88
217,traffic light,22.0,0.88
217,traffic light,22.0,0.88
145,car,22.0,0.88
217,traffic light,22.0,0.88
217,traffic light,22.0,0.88
217,traffic light,22.0,0.88
217,traffic light,22.0,0.88
217,traffic light,22.0,0.88
217,traffic light,22.0,0.88
521,car,22.0,0.88
217,traffic light,22.0,0.88
217,traffic light,22.0,0.88
217,traffic light,22.0,0.88
570,car,22.0,0.88
217,traffic light,22.0,0.88
217,traffic light,22.0,0.88
217,traffic light,22.0,0.88
217,traffic light,22.0,0.88
145,car,22.0,0.88
217,traffic light,22.0,0.88
152,car,22.0,0.88
793,car,22.0,0.88
217,traffic light,22.0,0.88
217,traffic light,22.0,0.88
217,traffic light,22.0,0.88
217,traffic light,22.0,0.88
217,traffic light,22.0,0.88
217,traffic light,22.0,0.88
217,traffic light,22.0,0.88
150,car,22.0,0.88
217,traffic light,22.0,0.88
217,traffic light,22.0,0.88
217,traffic light,22.0,0.88
217,traffic light,22.0,0.88
217,traffic light,22.0,0.88
217,traffic light,22.0,0.88
217,traffic light,22.0,0.88
217,traffic light,22.0,0.88
217,traffic light,22.0,0.88
217,traffic light,22.0,0.88
217,traffic light,22.0,0.88
217,traffic light,22.0,0.88
217,traffic light,22.0,0.88
217,traffic light,22.0,0.88
217,traffic light,22.0,0.88
217,traffic light,22.0,0.88
217,traffic light,22.0,0.88
217,traffic light,22.0,0.88
217,traffic light,22.0,0.88
217,traffic light,22.0,0.88
217,traffic light,22.0,0.88
217,traffic light,22.0,0.88
217,traffic light,22.0,0.88
217,traffic light,22.0,0.88
217,traffic light,22.0,0.88
217,traffic light,22.0,0.88
217,traffic light,22.0,0.88
217,traffic light,22.0,0.88
217,traffic light,22.0,0.88
217,traffic light,22.0,0.88
217,traffic light,22.0,0.88
217,traffic light,22.0,0.88
217,traffic light,22.0,0.88
217,traffic light,22.0,0.88
217,traffic light,22.0,0.88
217,traffic light,22.0,0.88
217,traffic light,22.0,0.88
217,traffic light,22.0,0.88
217,traffic light,22.0,0.88
671,car,22.0,0.88
671,car,22.0,0.88
781,car,22.0,0.88
787,car,22.0,0.88
773,car,22.0,0.88
777,car,22.0,0.88
217,traffic light,22.0,0.88
217,traffic light,22.0,0.88
217,traffic light,22.0,0.88
217,traffic light,22.0,0.88
754,car,22.0,0.88
217,traffic light,22.0,0.88
217,traffic light,22.0,0.88
217,traffic light,22.0,0.88
217,traffic light,22.0,0.88
585,car,22.0,0.88
217,traffic light,22.0,0.88
217,traffic light,22.0,0.88
217,traffic light,22.0,0.88
217,traffic light,22.0,0.88
217,traffic light,22.0,0.88
217,traffic light,22.0,0.88
217,traffic light,22.0,0.88
217,traffic light,22.0,0.88
217,traffic light,22.0,0.88
217,traffic light,22.0,0.88
217,traffic light,22.0,0.88
217,traffic light,22.0,0.88
217,traffic light,22.0,0.88
217,traffic light,22.0,0.88
217,traffic light,22.0,0.88
217,traffic light,22.0,0.88
217,traffic light,22.0,0.88
217,traffic light,22.0,0.88
217,traffic light,22.0,0.88
217,traffic light,22.0,0.88
217,traffic light,22.0,0.88
217,traffic light,22.0,0.88
217,traffic light,22.0,0.88
217,traffic light,22.0,0.88
217,traffic light,22.0,0.88
217,traffic light,22.0,0.88
217,traffic light,22.0,0.88
217,traffic light,22.0,0.88
217,traffic light,22.0,0.88
217,traffic light,22.0,0.88
217,traffic light,22.0,0.88
217,traffic light,22.0,0.88
217,traffic light,22.0,0.88
217,traffic light,22.0,0.88
217,traffic light,22.0,0.88
217,traffic light,22.0,0.88
217,traffic light,22.0,0.88
217,traffic light,22.0,0.88
217,traffic light,22.0,0.88
217,traffic light,22.0,0.88
217,traffic light,22.0,0.88
200,car,22.0,0.88
217,traffic light,22.0,0.88
217,traffic light,22.0,0.88
217,traffic light,22.0,0.88
217,traffic light,22.0,0.88
217,traffic light,22.0,0.88
217,traffic light,22.0,0.88
217,traffic light,22.0,0.88
217,traffic light,22.0,0.88
217,traffic light,22.0,0.88
217,traffic light,22.0,0.88
217,traffic light,22.0,0.88
217,traffic light,22.0,0.88
217,traffic light,22.0,0.88
217,traffic light,22.0,0.88
773,car,22.0,0.88
773,car,22.0,0.88
754,car,22.0,0.88
754,car,22.0,0.88
754,car,22.0,0.88
754,car,22.0,0.88
754,car,22.0,0.88
217,traffic light,22.0,0.88
217,traffic light,22.0,0.88
217,traffic light,22.0,0.88
217,traffic light,22.0,0.88
754,car,22.0,0.88
754,car,22.0,0.88
754,car,22.0,0.88
754,car,22.0,0.88
754,car,22.0,0.88
754,car,22.0,0.88
754,car,22.0,0.88
754,car,22.0,0.88
754,car,22.0,0.88
754,car,22.0,0.88
754,car,22.0,0.88
754,car,22.0,0.88
754,car,22.0,0.88
754,car,22.0,0.88
217,traffic light,22.0,0.88
217,traffic light,22.0,0.88
217,traffic light,22.0,0.88
217,traffic light,22.0,0.88
217,traffic light,22.0,0.88
217,traffic light,22.0,0.88
217,traffic light,22.0,0.88
217,traffic light,22.0,0.88
217,traffic light,22.0,0.88
217,traffic light,22.0,0.88
217,traffic light,22.0,0.88
217,traffic light,22.0,0.88
217,traffic light,22.0,0.88
217,traffic light,22.0,0.88
217,traffic light,22.0,0.88
217,traffic light,22.0,0.88
642,car,22.0,0.88
642,car,22.0,0.88
217,traffic light,22.0,0.88
217,traffic light,22.0,0.88
217,traffic light,22.0,0.88
217,traffic light,22.0,0.88
217,traffic light,22.0,0.88
217,traffic light,22.0,0.88
754,car,22.0,0.88
754,car,22.0,0.88
754,car,22.0,0.88
754,car,22.0,0.88
754,car,22.0,0.88
754,car,22.0,0.88
754,car,22.0,0.88
754,car,22.0,0.88
217,traffic light,22.0,0.88
217,traffic light,22.0,0.88
754,car,22.0,0.88
754,car,22.0,0.88
217,traffic light,22.0,0.88
217,traffic light,22.0,0.88
217,traffic light,22.0,0.88
217,traffic light,22.0,0.88
217,traffic light,22.0,0.88
217,traffic light,22.0,0.88
217,traffic light,22.0,0.88
217,traffic light,22.0,0.88
217,traffic light,22.0,0.88
217,traffic light,22.0,0.88
217,traffic light,22.0,0.88
217,traffic light,22.0,0.88
217,traffic light,22.0,0.88
288,bicycle,22.0,0.88
217,traffic light,22.0,0.88
217,traffic light,22.0,0.88
217,traffic light,22.0,0.88
465,car,22.0,0.88
217,traffic light,22.0,0.88
217,traffic light,22.0,0.88
217,traffic light,22.0,0.88
615,car,22.0,0.88
217,traffic light,22.0,0.88
217,traffic light,22.0,0.88
217,traffic light,22.0,0.88
217,traffic light,22.0,0.88
217,traffic light,22.0,0.88
754,car,22.0,0.88
217,traffic light,22.0,0.88
217,traffic light,22.0,0.88
217,traffic light,22.0,0.88
217,traffic light,22.0,0.88
217,traffic light,22.0,0.88
217,traffic light,22.0,0.88
217,traffic light,22.0,0.88
217,traffic light,22.0,0.88
217,traffic light,22.0,0.88
217,traffic light,22.0,0.88
217,traffic light,22.0,0.88
217,traffic light,22.0,0.88
217,traffic light,22.0,0.88
217,traffic light,22.0,0.88
217,traffic light,22.0,0.88
217,traffic light,22.0,0.88
217,traffic light,22.0,0.88
217,traffic light,22.0,0.88
217,traffic light,22.0,0.88
217,traffic light,22.0,0.88
217,traffic light,22.0,0.88
217,traffic light,22.0,0.88
217,traffic light,22.0,0.88
217,traffic light,22.0,0.88
217,traffic light,22.0,0.88
217,traffic light,22.0,0.88
217,traffic light,22.0,0.88
611,car,22.0,0.88
611,car,22.0,0.88
754,car,22.0,0.88
754,car,22.0,0.88
754,car,22.0,0.88
217,traffic light,22.0,0.88
217,traffic light,22.0,0.88
754,car,22.0,0.88
754,car,22.0,0.88
754,car,22.0,0.88
754,car,22.0,0.88
754,car,22.0,0.88
754,car,22.0,0.88
217,traffic light,22.0,0.88
217,traffic light,22.0,0.88
217,traffic light,22.0,0.88
217,traffic light,22.0,0.88
217,traffic light,22.0,0.88
286,bicycle,22.0,0.88
217,traffic light,22.0,0.88
217,traffic light,22.0,0.88
217,traffic light,22.0,0.88
217,traffic light,22.0,0.88
217,traffic light,22.0,0.88
286,bicycle,22.0,0.88
217,traffic light,22.0,0.88
217,traffic light,22.0,0.88
754,car,22.0,0.88
217,traffic light,22.0,0.88
217,traffic light,22.0,0.88
217,traffic light,22.0,0.88
217,traffic light,22.0,0.88
217,traffic light,22.0,0.88
217,traffic light,22.0,0.88
754,car,22.0,0.88
217,traffic light,22.0,0.88
217,traffic light,22.0,0.88
217,traffic light,22.0,0.88
217,traffic light,22.0,0.88
217,traffic light,22.0,0.88
217,traffic light,22.0,0.88
217,traffic light,22.0,0.88
217,traffic light,22.0,0.88
217,traffic light,22.0,0.88
217,traffic light,22.0,0.88
217,traffic light,22.0,0.88
217,traffic light,22.0,0.88
217,traffic light,22.0,0.88
217,traffic light,22.0,0.88
217,traffic light,22.0,0.88
217,traffic light,22.0,0.88
217,traffic light,22.0,0.88
217,traffic light,22.0,0.88
714,car,22.0,0.88
217,traffic light,22.0,0.88
217,traffic light,22.0,0.88
217,traffic light,22.0,0.88
217,traffic light,22.0,0.88
217,traffic light,22.0,0.88
217,traffic light,22.0,0.88
217,traffic light,22.0,0.88
217,traffic light,22.0,0.88
217,traffic light,22.0,0.88
217,traffic light,22.0,0.88
217,traffic light,22.0,0.88
217,traffic light,22.0,0.88
217,traffic light,22.0,0.88
217,traffic light,22.0,0.88
217,traffic light,22.0,0.88
217,traffic light,22.0,0.88
217,traffic light,22.0,0.88
217,traffic light,22.0,0.88
217,traffic light,22.0,0.88
622,car,22.0,0.88
622,car,22.0,0.88
217,traffic light,22.0,0.88
217,traffic light,22.0,0.88
217,traffic light,22.0,0.88
217,traffic light,22.0,0.88
217,traffic light,22.0,0.88
217,traffic light,22.0,0.88
217,traffic light,22.0,0.88
217,traffic light,22.0,0.88
217,traffic light,22.0,0.88
217,traffic light,22.0,0.88
217,traffic light,22.0,0.88
217,traffic light,22.0,0.88
217,traffic light,22.0,0.88
217,traffic light,22.0,0.88
217,traffic light,22.0,0.88
217,traffic light,22.0,0.88
217,traffic light,22.0,0.88
217,traffic light,22.0,0.88
759,traffic light,22.0,0.88
217,traffic light,22.0,0.88
217,traffic light,22.0,0.88
217,traffic light,22.0,0.88
217,traffic light,22.0,0.88
217,traffic light,22.0,0.88
217,traffic light,22.0,0.88
217,traffic light,22.0,0.88
217,traffic light,22.0,0.88
217,traffic light,22.0,0.88
217,traffic light,22.0,0.88
217,traffic light,22.0,0.88
217,traffic light,22.0,0.88
217,traffic light,22.0,0.88
217,traffic light,22.0,0.88
217,traffic light,22.0,0.88
217,traffic light,22.0,0.88
217,traffic light,22.0,0.88
217,traffic light,22.0,0.88
217,traffic light,22.0,0.88
217,traffic light,22.0,0.88
217,traffic light,22.0,0.88
217,traffic light,22.0,0.88
217,traffic light,22.0,0.88
217,traffic light,22.0,0.88
217,traffic light,22.0,0.88
217,traffic light,22.0,0.88
217,traffic light,22.0,0.88
217,traffic light,22.0,0.88
217,traffic light,22.0,0.88
217,traffic light,22.0,0.88
217,traffic light,22.0,0.88
217,traffic light,22.0,0.88
217,traffic light,22.0,0.88
217,traffic light,22.0,0.88
217,traffic light,22.0,0.88
217,traffic light,22.0,0.88
217,traffic light,22.0,0.88
217,traffic light,22.0,0.88
624,car,22.0,0.88
720,car,22.0,0.88
731,car,22.0,0.88
217,traffic light,22.0,0.88
217,traffic light,22.0,0.88
217,traffic light,22.0,0.88
217,traffic light,22.0,0.88
217,traffic light,22.0,0.88
217,traffic light,22.0,0.88
217,traffic light,22.0,0.88
217,traffic light,22.0,0.88
217,traffic light,22.0,0.88
217,traffic light,22.0,0.88
217,traffic light,22.0,0.88
217,traffic light,22.0,0.88
217,traffic light,22.0,0.88
217,traffic light,22.0,0.88
217,traffic light,22.0,0.88
217,traffic light,22.0,0.88
217,traffic light,22.0,0.88
217,traffic light,22.0,0.88
217,traffic light,22.0,0.88
401,car,22.0,0.88
217,traffic light,22.0,0.88
217,traffic light,22.0,0.88
217,traffic light,22.0,0.88
217,traffic light,22.0,0.88
217,traffic light,22.0,0.88
217,traffic light,22.0,0.88
217,traffic light,22.0,0.88
217,traffic light,22.0,0.88
217,traffic light,22.0,0.88
217,traffic light,22.0,0.88
217,traffic light,22.0,0.88
217,traffic light,22.0,0.88
217,traffic light,22.0,0.88
217,traffic light,22.0,0.88
217,traffic light,22.0,0.88
217,traffic light,22.0,0.88
217,traffic light,22.0,0.88
217,traffic light,22.0,0.88
217,traffic light,22.0,0.88
217,traffic light,22.0,0.88
217,traffic light,22.0,0.88
217,traffic light,22.0,0.88
217,traffic light,22.0,0.88
217,traffic light,22.0,0.88
217,traffic light,22.0,0.88
217,traffic light,22.0,0.88
217,traffic light,22.0,0.88
217,traffic light,22.0,0.88
217,traffic light,22.0,0.88
217,traffic light,22.0,0.88
217,traffic light,22.0,0.88
217,traffic light,22.0,0.88
217,traffic light,22.0,0.88
217,traffic light,22.0,0.88
217,traffic light,22.0,0.88
217,traffic light,22.0,0.88
217,traffic light,22.0,0.88
217,traffic light,22.0,0.88
217,traffic light,22.0,0.88
217,traffic light,22.0,0.88
217,traffic light,22.0,0.88
217,traffic light,22.0,0.88
217,traffic light,22.0,0.88
217,traffic light,22.0,0.88
217,traffic light,22.0,0.88
217,traffic light,22.0,0.88
217,traffic light,22.0,0.88
217,traffic light,22.0,0.88
217,traffic light,22.0,0.88
752,car,22.0,0.88
752,car,22.0,0.88
754,car,22.0,0.88
217,traffic light,22.0,0.88
217,traffic light,22.0,0.88
217,traffic light,22.0,0.88
217,traffic light,22.0,0.88
217,traffic light,22.0,0.88
217,traffic light,22.0,0.88
217,traffic light,22.0,0.88
754,car,22.0,0.88
217,traffic light,22.0,0.88
217,traffic light,22.0,0.88
217,traffic light,22.0,0.88
217,traffic light,22.0,0.88
217,traffic light,22.0,0.88
217,traffic light,22.0,0.88
217,traffic light,22.0,0.88
217,traffic light,22.0,0.88
217,traffic light,22.0,0.88
217,traffic light,22.0,0.88
217,traffic light,22.0,0.88
217,traffic light,22.0,0.88
217,traffic light,22.0,0.88
217,traffic light,22.0,0.88
217,traffic light,22.0,0.88
217,traffic light,22.0,0.88
217,traffic light,22.0,0.88
217,traffic light,22.0,0.88
217,traffic light,22.0,0.88
217,traffic light,22.0,0.88
217,traffic light,22.0,0.88
217,traffic light,22.0,0.88
754,car,22.0,0.88
754,car,22.0,0.88
754,car,22.0,0.88
753,car,22.0,0.88
217,traffic light,22.0,0.88
217,traffic light,22.0,0.88
217,traffic light,22.0,0.88
217,traffic light,22.0,0.88
217,traffic light,22.0,0.88
217,traffic light,22.0,0.88
217,traffic light,22.0,0.88
217,traffic light,22.0,0.88
217,traffic light,22.0,0.88
217,traffic light,22.0,0.88
217,traffic light,22.0,0.88
217,traffic light,22.0,0.88
217,traffic light,22.0,0.88
217,traffic light,22.0,0.88
217,traffic light,22.0,0.88
217,traffic light,22.0,0.88
217,traffic light,22.0,0.88
217,traffic light,22.0,0.88
217,traffic light,22.0,0.88
217,traffic light,22.0,0.88
217,traffic light,22.0,0.88
217,traffic light,22.0,0.88
217,traffic light,22.0,0.88
217,traffic light,22.0,0.88
217,traffic light,22.0,0.88
217,traffic light,22.0,0.88
217,traffic light,22.0,0.88
217,traffic light,22.0,0.88
217,traffic light,22.0,0.88
217,traffic light,22.0,0.88
217,traffic light,22.0,0.88
217,traffic light,22.0,0.88
217,traffic light,22.0,0.88
217,traffic light,22.0,0.88
217,traffic light,22.0,0.88
217,traffic light,22.0,0.88
217,traffic light,22.0,0.88
217,traffic light,22.0,0.88
217,traffic light,22.0,0.88
217,traffic light,22.0,0.88
217,traffic light,22.0,0.88
217,traffic light,22.0,0.88
217,traffic light,22.0,0.88
217,traffic light,22.0,0.88
217,traffic light,22.0,0.88
217,traffic light,22.0,0.88
217,traffic light,22.0,0.88
217,traffic light,22.0,0.88
217,traffic light,22.0,0.88
217,traffic light,22.0,0.88
217,traffic light,22.0,0.88
217,traffic light,22.0,0.88
217,traffic light,22.0,0.88
217,traffic light,22.0,0.88
217,traffic light,22.0,0.88
217,traffic light,22.0,0.88
217,traffic light,22.0,0.88
217,traffic light,22.0,0.88
217,traffic light,22.0,0.88
217,traffic light,22.0,0.88
217,traffic light,22.0,0.88
217,traffic light,22.0,0.88
217,traffic light,22.0,0.88
217,traffic light,22.0,0.88
217,traffic light,22.0,0.88
217,traffic light,22.0,0.88
217,traffic light,22.0,0.88
217,traffic light,22.0,0.88
217,traffic light,22.0,0.88
217,traffic light,22.0,0.88
217,traffic light,22.0,0.88
217,traffic light,22.0,0.88
217,traffic light,22.0,0.88
217,traffic light,22.0,0.88
217,traffic light,22.0,0.88
217,traffic light,22.0,0.88
217,traffic light,22.0,0.88
217,traffic light,22.0,0.88
217,traffic light,22.0,0.88
217,traffic light,22.0,0.88
217,traffic light,22.0,0.88
217,traffic light,22.0,0.88
217,traffic light,22.0,0.88
609,car,22.0,0.88
609,car,22.0,0.88
609,car,22.0,0.88
609,car,22.0,0.88
609,car,22.0,0.88
609,car,22.0,0.88
753,car,22.0,0.88
609,car,22.0,0.88
609,car,22.0,0.88
217,traffic light,22.0,0.88
217,traffic light,22.0,0.88
217,traffic light,22.0,0.88
217,traffic light,22.0,0.88
217,traffic light,22.0,0.88
217,traffic light,22.0,0.88
217,traffic light,22.0,0.88
217,traffic light,22.0,0.88
217,traffic light,22.0,0.88
217,traffic light,22.0,0.88
217,traffic light,22.0,0.88
217,traffic light,22.0,0.88
217,traffic light,22.0,0.88
217,traffic light,22.0,0.88
217,traffic light,22.0,0.88
217,traffic light,22.0,0.88
217,traffic light,22.0,0.88
217,traffic light,22.0,0.88
217,traffic light,22.0,0.88
105,car,22.0,0.88
352,car,22.0,0.88
217,traffic light,22.0,0.88
217,traffic light,22.0,0.88
217,traffic light,22.0,0.88
853,car,22.0,0.88
217,traffic light,22.0,0.88
217,traffic light,22.0,0.88
217,traffic light,22.0,0.88
217,traffic light,22.0,0.88
217,traffic light,22.0,0.88
217,traffic light,22.0,0.88
217,traffic light,22.0,0.88
835,car,22.0,0.88
217,traffic light,22.0,0.88
217,traffic light,22.0,0.88
217,traffic light,22.0,0.88
217,traffic light,22.0,0.88
217,traffic light,22.0,0.88
217,traffic light,22.0,0.88
384,truck,22.0,0.88
217,traffic light,22.0,0.88
609,car,21.0,0.84
286,bicycle,21.0,0.84
235,person,21.0,0.84
253,person,21.0,0.84
193,car,21.0,0.84
566,car,21.0,0.84
188,car,21.0,0.84
188,car,21.0,0.84
188,car,21.0,0.84
253,person,21.0,0.84
492,car,21.0,0.84
749,person,21.0,0.84
749,person,21.0,0.84
622,car,21.0,0.84
594,car,21.0,0.84
218,person,21.0,0.84
177,person,21.0,0.84
818,car,21.0,0.84
247,person,21.0,0.84
257,person,21.0,0.84
810,car,21.0,0.84
255,person,21.0,0.84
193,car,21.0,0.84
611,car,21.0,0.84
217,traffic light,21.0,0.84
217,traffic light,21.0,0.84
275,bicycle,21.0,0.84
445,car,21.0,0.84
491,car,21.0,0.84
754,car,21.0,0.84
255,person,21.0,0.84
59,car,21.0,0.84
59,car,21.0,0.84
571,car,21.0,0.84
622,car,21.0,0.84
218,person,21.0,0.84
196,car,21.0,0.84
196,car,21.0,0.84
257,person,21.0,0.84
739,car,21.0,0.84
218,person,21.0,0.84
729,car,21.0,0.84
622,car,21.0,0.84
686,car,21.0,0.84
720,car,21.0,0.84
622,car,21.0,0.84
820,car,21.0,0.84
218,person,21.0,0.84
218,person,21.0,0.84
217,traffic light,21.0,0.84
217,traffic light,21.0,0.84
217,traffic light,21.0,0.84
615,car,21.0,0.84
261,person,21.0,0.84
261,person,21.0,0.84
261,person,21.0,0.84
865,car,21.0,0.84
624,car,21.0,0.84
766,car,21.0,0.84
217,traffic light,21.0,0.84
766,car,21.0,0.84
766,car,21.0,0.84
766,car,21.0,0.84
766,car,21.0,0.84
752,car,21.0,0.84
98,car,21.0,0.84
91,car,21.0,0.84
247,person,21.0,0.84
821,car,21.0,0.84
128,car,21.0,0.84
96,car,21.0,0.84
671,car,21.0,0.84
96,car,21.0,0.84
753,car,21.0,0.84
96,car,21.0,0.84
642,car,21.0,0.84
968,car,21.0,0.84
968,car,21.0,0.84
754,car,21.0,0.84
624,car,21.0,0.84
968,car,21.0,0.84
671,car,21.0,0.84
247,person,21.0,0.84
1111,car,21.0,0.84
217,traffic light,20.0,0.8
217,traffic light,20.0,0.8
217,traffic light,20.0,0.8
217,traffic light,20.0,0.8
217,traffic light,20.0,0.8
218,person,20.0,0.8
218,person,20.0,0.8
218,person,20.0,0.8
217,traffic light,20.0,0.8
218,person,20.0,0.8
218,person,20.0,0.8
218,person,20.0,0.8
218,person,20.0,0.8
217,traffic light,20.0,0.8
218,person,20.0,0.8
217,traffic light,20.0,0.8
217,traffic light,20.0,0.8
218,person,20.0,0.8
217,traffic light,20.0,0.8
217,traffic light,20.0,0.8
286,bicycle,20.0,0.8
465,car,20.0,0.8
217,traffic light,20.0,0.8
217,traffic light,20.0,0.8
217,traffic light,20.0,0.8
217,traffic light,20.0,0.8
217,traffic light,20.0,0.8
217,traffic light,20.0,0.8
217,traffic light,20.0,0.8
218,person,20.0,0.8
761,truck,20.0,0.8
217,traffic light,20.0,0.8
217,traffic light,20.0,0.8
217,traffic light,20.0,0.8
217,traffic light,20.0,0.8
217,traffic light,20.0,0.8
217,traffic light,20.0,0.8
217,traffic light,20.0,0.8
217,traffic light,20.0,0.8
217,traffic light,20.0,0.8
217,traffic light,20.0,0.8
217,traffic light,20.0,0.8
217,traffic light,20.0,0.8
217,traffic light,20.0,0.8
217,traffic light,20.0,0.8
615,car,20.0,0.8
217,traffic light,20.0,0.8
217,traffic light,20.0,0.8
217,traffic light,20.0,0.8
766,car,20.0,0.8
217,traffic light,20.0,0.8
217,traffic light,20.0,0.8
217,traffic light,20.0,0.8
217,traffic light,20.0,0.8
217,traffic light,20.0,0.8
217,traffic light,20.0,0.8
217,traffic light,20.0,0.8
217,traffic light,20.0,0.8
218,person,20.0,0.8
217,traffic light,20.0,0.8
217,traffic light,20.0,0.8
615,car,20.0,0.8
217,traffic light,20.0,0.8
217,traffic light,20.0,0.8
222,person,20.0,0.8
217,traffic light,20.0,0.8
217,traffic light,20.0,0.8
222,person,20.0,0.8
217,traffic light,20.0,0.8
217,traffic light,20.0,0.8
217,traffic light,20.0,0.8
222,person,20.0,0.8
217,traffic light,20.0,0.8
217,traffic light,20.0,0.8
217,traffic light,20.0,0.8
217,traffic light,20.0,0.8
217,traffic light,20.0,0.8
217,traffic light,20.0,0.8
217,traffic light,20.0,0.8
217,traffic light,20.0,0.8
217,traffic light,20.0,0.8
217,traffic light,20.0,0.8
217,traffic light,20.0,0.8
217,traffic light,20.0,0.8
217,traffic light,20.0,0.8
217,traffic light,20.0,0.8
217,traffic light,20.0,0.8
217,traffic light,20.0,0.8
217,traffic light,20.0,0.8
217,traffic light,20.0,0.8
217,traffic light,20.0,0.8
217,traffic light,20.0,0.8
217,traffic light,20.0,0.8
217,traffic light,20.0,0.8
219,person,20.0,0.8
219,person,20.0,0.8
217,traffic light,20.0,0.8
217,traffic light,20.0,0.8
217,traffic light,20.0,0.8
217,traffic light,20.0,0.8
217,traffic light,20.0,0.8
253,person,20.0,0.8
218,person,20.0,0.8
253,person,20.0,0.8
217,traffic light,20.0,0.8
217,traffic light,20.0,0.8
217,traffic light,20.0,0.8
217,traffic light,20.0,0.8
217,traffic light,20.0,0.8
217,traffic light,20.0,0.8
217,traffic light,20.0,0.8
217,traffic light,20.0,0.8
217,traffic light,20.0,0.8
217,traffic light,20.0,0.8
217,traffic light,20.0,0.8
217,traffic light,20.0,0.8
217,traffic light,20.0,0.8
217,traffic light,20.0,0.8
217,traffic light,20.0,0.8
217,traffic light,20.0,0.8
217,traffic light,20.0,0.8
217,traffic light,20.0,0.8
217,traffic light,20.0,0.8
217,traffic light,20.0,0.8
217,traffic light,20.0,0.8
217,traffic light,20.0,0.8
217,traffic light,20.0,0.8
217,traffic light,20.0,0.8
217,traffic light,20.0,0.8
217,traffic light,20.0,0.8
217,traffic light,20.0,0.8
217,traffic light,20.0,0.8
217,traffic light,20.0,0.8
217,traffic light,20.0,0.8
217,traffic light,20.0,0.8
217,traffic light,20.0,0.8
217,traffic light,20.0,0.8
217,traffic light,20.0,0.8
217,traffic light,20.0,0.8
217,traffic light,20.0,0.8
217,traffic light,20.0,0.8
624,car,20.0,0.8
217,traffic light,20.0,0.8
217,traffic light,20.0,0.8
217,traffic light,20.0,0.8
217,traffic light,20.0,0.8
217,traffic light,20.0,0.8
217,traffic light,20.0,0.8
217,traffic light,20.0,0.8
217,traffic light,20.0,0.8
217,traffic light,20.0,0.8
217,traffic light,20.0,0.8
217,traffic light,20.0,0.8
217,traffic light,20.0,0.8
217,traffic light,20.0,0.8
217,traffic light,20.0,0.8
622,car,20.0,0.8
217,traffic light,20.0,0.8
217,traffic light,20.0,0.8
217,traffic light,20.0,0.8
218,person,20.0,0.8
217,traffic light,20.0,0.8
218,person,20.0,0.8
218,person,20.0,0.8
217,traffic light,20.0,0.8
217,traffic light,20.0,0.8
217,traffic light,20.0,0.8
217,traffic light,20.0,0.8
217,traffic light,20.0,0.8
217,traffic light,20.0,0.8
217,traffic light,20.0,0.8
217,traffic light,20.0,0.8
217,traffic light,20.0,0.8
217,traffic light,20.0,0.8
217,traffic light,20.0,0.8
217,traffic light,20.0,0.8
217,traffic light,20.0,0.8
217,traffic light,20.0,0.8
217,traffic light,20.0,0.8
217,traffic light,20.0,0.8
217,traffic light,20.0,0.8
217,traffic light,20.0,0.8
217,traffic light,20.0,0.8
217,traffic light,20.0,0.8
217,traffic light,20.0,0.8
217,traffic light,20.0,0.8
217,traffic light,20.0,0.8
217,traffic light,20.0,0.8
217,traffic light,20.0,0.8
217,traffic light,20.0,0.8
217,traffic light,20.0,0.8
217,traffic light,20.0,0.8
219,person,20.0,0.8
219,person,20.0,0.8
219,person,20.0,0.8
217,traffic light,20.0,0.8
217,traffic light,20.0,0.8
217,traffic light,20.0,0.8
217,traffic light,20.0,0.8
217,traffic light,20.0,0.8
217,traffic light,20.0,0.8
217,traffic light,20.0,0.8
286,bicycle,20.0,0.8
217,traffic light,20.0,0.8
286,bicycle,20.0,0.8
217,traffic light,20.0,0.8
217,traffic light,20.0,0.8
217,traffic light,20.0,0.8
217,traffic light,20.0,0.8
217,traffic light,20.0,0.8
217,traffic light,20.0,0.8
217,traffic light,20.0,0.8
217,traffic light,20.0,0.8
217,traffic light,20.0,0.8
291,bus,20.0,0.8
491,car,20.0,0.8
790,car,20.0,0.8
217,traffic light,20.0,0.8
790,car,20.0,0.8
261,person,20.0,0.8
261,person,20.0,0.8
261,person,20.0,0.8
521,car,20.0,0.8
217,traffic light,20.0,0.8
217,traffic light,20.0,0.8
217,traffic light,20.0,0.8
217,traffic light,20.0,0.8
217,traffic light,20.0,0.8
521,car,20.0,0.8
217,traffic light,20.0,0.8
145,car,20.0,0.8
217,traffic light,20.0,0.8
217,traffic light,20.0,0.8
217,traffic light,20.0,0.8
217,traffic light,20.0,0.8
217,traffic light,20.0,0.8
217,traffic light,20.0,0.8
217,traffic light,20.0,0.8
217,traffic light,20.0,0.8
217,traffic light,20.0,0.8
217,traffic light,20.0,0.8
217,traffic light,20.0,0.8
217,traffic light,20.0,0.8
217,traffic light,20.0,0.8
530,car,20.0,0.8
91,car,20.0,0.8
492,car,20.0,0.8
275,bicycle,20.0,0.8
217,traffic light,20.0,0.8
217,traffic light,20.0,0.8
217,traffic light,20.0,0.8
217,traffic light,20.0,0.8
217,traffic light,20.0,0.8
217,traffic light,20.0,0.8
217,traffic light,20.0,0.8
217,traffic light,20.0,0.8
217,traffic light,20.0,0.8
217,traffic light,20.0,0.8
217,traffic light,20.0,0.8
571,car,20.0,0.8
217,traffic light,20.0,0.8
217,traffic light,20.0,0.8
217,traffic light,20.0,0.8
217,traffic light,20.0,0.8
217,traffic light,20.0,0.8
217,traffic light,20.0,0.8
217,traffic light,20.0,0.8
217,traffic light,20.0,0.8
217,traffic light,20.0,0.8
217,traffic light,20.0,0.8
217,traffic light,20.0,0.8
257,person,20.0,0.8
217,traffic light,20.0,0.8
150,car,20.0,0.8
217,traffic light,20.0,0.8
861,car,20.0,0.8
861,car,20.0,0.8
968,car,20.0,0.8
968,car,20.0,0.8
841,car,20.0,0.8
217,traffic light,20.0,0.8
217,traffic light,20.0,0.8
307,bicycle,20.0,0.8
217,traffic light,20.0,0.8
217,traffic light,20.0,0.8
217,traffic light,20.0,0.8
217,traffic light,20.0,0.8
217,traffic light,20.0,0.8
217,traffic light,20.0,0.8
217,traffic light,20.0,0.8
217,traffic light,20.0,0.8
217,traffic light,20.0,0.8
217,traffic light,20.0,0.8
217,traffic light,20.0,0.8
217,traffic light,20.0,0.8
217,traffic light,20.0,0.8
98,car,20.0,0.8
98,car,20.0,0.8
119,car,20.0,0.8
119,car,20.0,0.8
119,car,20.0,0.8
833,car,20.0,0.8
217,traffic light,20.0,0.8
847,car,20.0,0.8
217,traffic light,20.0,0.8
217,traffic light,20.0,0.8
217,traffic light,20.0,0.8
217,traffic light,20.0,0.8
217,traffic light,20.0,0.8
217,traffic light,20.0,0.8
217,traffic light,20.0,0.8
217,traffic light,20.0,0.8
235,person,20.0,0.8
217,traffic light,20.0,0.8
217,traffic light,20.0,0.8
217,traffic light,20.0,0.8
810,car,20.0,0.8
810,car,20.0,0.8
217,traffic light,20.0,0.8
861,car,20.0,0.8
217,traffic light,20.0,0.8
217,traffic light,20.0,0.8
217,traffic light,20.0,0.8
217,traffic light,20.0,0.8
217,traffic light,20.0,0.8
217,traffic light,20.0,0.8
217,traffic light,20.0,0.8
819,car,20.0,0.8
217,traffic light,20.0,0.8
217,traffic light,20.0,0.8
217,traffic light,20.0,0.8
142,car,20.0,0.8
217,traffic light,20.0,0.8
217,traffic light,20.0,0.8
861,car,20.0,0.8
217,traffic light,20.0,0.8
217,traffic light,20.0,0.8
217,traffic light,20.0,0.8
217,traffic light,20.0,0.8
217,traffic light,20.0,0.8
217,traffic light,20.0,0.8
217,traffic light,20.0,0.8
217,traffic light,20.0,0.8
217,traffic light,20.0,0.8
759,traffic light,20.0,0.8
217,traffic light,20.0,0.8
217,traffic light,20.0,0.8
217,traffic light,20.0,0.8
217,traffic light,20.0,0.8
217,traffic light,20.0,0.8
257,person,20.0,0.8
649,traffic light,20.0,0.8
217,traffic light,20.0,0.8
217,traffic light,20.0,0.8
217,traffic light,20.0,0.8
217,traffic light,20.0,0.8
217,traffic light,20.0,0.8
217,traffic light,20.0,0.8
217,traffic light,20.0,0.8
217,traffic light,20.0,0.8
217,traffic light,20.0,0.8
217,traffic light,20.0,0.8
217,traffic light,20.0,0.8
193,car,20.0,0.8
596,car,20.0,0.8
217,traffic light,20.0,0.8
217,traffic light,20.0,0.8
217,traffic light,20.0,0.8
217,traffic light,20.0,0.8
217,traffic light,20.0,0.8
217,traffic light,20.0,0.8
217,traffic light,20.0,0.8
217,traffic light,20.0,0.8
217,traffic light,20.0,0.8
217,traffic light,20.0,0.8
217,traffic light,20.0,0.8
642,car,20.0,0.8
217,traffic light,20.0,0.8
217,traffic light,20.0,0.8
217,traffic light,20.0,0.8
217,traffic light,20.0,0.8
217,traffic light,20.0,0.8
217,traffic light,20.0,0.8
217,traffic light,20.0,0.8
217,traffic light,20.0,0.8
217,traffic light,20.0,0.8
217,traffic light,20.0,0.8
217,traffic light,20.0,0.8
217,traffic light,20.0,0.8
217,traffic light,20.0,0.8
217,traffic light,20.0,0.8
217,traffic light,20.0,0.8
217,traffic light,20.0,0.8
217,traffic light,20.0,0.8
217,traffic light,20.0,0.8
217,traffic light,20.0,0.8
217,traffic light,20.0,0.8
217,traffic light,20.0,0.8
217,traffic light,20.0,0.8
217,traffic light,20.0,0.8
217,traffic light,20.0,0.8
217,traffic light,20.0,0.8
217,traffic light,20.0,0.8
671,car,20.0,0.8
671,car,20.0,0.8
217,traffic light,20.0,0.8
217,traffic light,20.0,0.8
217,traffic light,20.0,0.8
217,traffic light,20.0,0.8
217,traffic light,20.0,0.8
217,traffic light,20.0,0.8
217,traffic light,20.0,0.8
217,traffic light,20.0,0.8
217,traffic light,20.0,0.8
217,traffic light,20.0,0.8
217,traffic light,20.0,0.8
217,traffic light,20.0,0.8
217,traffic light,20.0,0.8
217,traffic light,20.0,0.8
217,traffic light,20.0,0.8
217,traffic light,20.0,0.8
217,traffic light,20.0,0.8
217,traffic light,20.0,0.8
217,traffic light,20.0,0.8
217,traffic light,20.0,0.8
217,traffic light,20.0,0.8
59,car,20.0,0.8
73,truck,20.0,0.8
217,traffic light,20.0,0.8
217,traffic light,20.0,0.8
217,traffic light,20.0,0.8
217,traffic light,20.0,0.8
217,traffic light,20.0,0.8
217,traffic light,20.0,0.8
217,traffic light,20.0,0.8
686,car,20.0,0.8
217,traffic light,20.0,0.8
217,traffic light,20.0,0.8
217,traffic light,20.0,0.8
217,traffic light,20.0,0.8
217,traffic light,20.0,0.8
217,traffic light,20.0,0.8
217,traffic light,20.0,0.8
217,traffic light,20.0,0.8
217,traffic light,20.0,0.8
217,traffic light,20.0,0.8
217,traffic light,20.0,0.8
217,traffic light,20.0,0.8
217,traffic light,20.0,0.8
217,traffic light,20.0,0.8
217,traffic light,20.0,0.8
217,traffic light,20.0,0.8
257,person,20.0,0.8
217,traffic light,20.0,0.8
217,traffic light,20.0,0.8
777,car,20.0,0.8
217,traffic light,20.0,0.8
753,car,20.0,0.8
217,traffic light,20.0,0.8
217,traffic light,20.0,0.8
217,traffic light,20.0,0.8
217,traffic light,20.0,0.8
217,traffic light,20.0,0.8
217,traffic light,20.0,0.8
217,traffic light,20.0,0.8
753,car,20.0,0.8
217,traffic light,20.0,0.8
217,traffic light,20.0,0.8
217,traffic light,20.0,0.8
217,traffic light,20.0,0.8
217,traffic light,20.0,0.8
217,traffic light,20.0,0.8
217,traffic light,20.0,0.8
217,traffic light,20.0,0.8
217,traffic light,20.0,0.8
217,traffic light,20.0,0.8
217,traffic light,20.0,0.8
217,traffic light,20.0,0.8
217,traffic light,20.0,0.8
217,traffic light,20.0,0.8
217,traffic light,20.0,0.8
217,traffic light,20.0,0.8
217,traffic light,20.0,0.8
217,traffic light,20.0,0.8
217,traffic light,20.0,0.8
217,traffic light,20.0,0.8
217,traffic light,20.0,0.8
217,traffic light,20.0,0.8
217,traffic light,20.0,0.8
217,traffic light,20.0,0.8
217,traffic light,20.0,0.8
217,traffic light,20.0,0.8
217,traffic light,20.0,0.8
217,traffic light,20.0,0.8
217,traffic light,20.0,0.8
217,traffic light,20.0,0.8
247,person,20.0,0.8
217,traffic light,20.0,0.8
217,traffic light,20.0,0.8
217,traffic light,20.0,0.8
217,traffic light,20.0,0.8
217,traffic light,20.0,0.8
217,traffic light,20.0,0.8
217,traffic light,20.0,0.8
609,car,20.0,0.8
217,traffic light,20.0,0.8
217,traffic light,20.0,0.8
247,person,20.0,0.8
217,traffic light,20.0,0.8
217,traffic light,20.0,0.8
217,traffic light,20.0,0.8
217,traffic light,20.0,0.8
217,traffic light,20.0,0.8
217,traffic light,20.0,0.8
217,traffic light,20.0,0.8
217,traffic light,20.0,0.8
217,traffic light,20.0,0.8
217,traffic light,20.0,0.8
217,traffic light,20.0,0.8
217,traffic light,20.0,0.8
217,traffic light,20.0,0.8
239,person,20.0,0.8
217,traffic light,20.0,0.8
239,person,20.0,0.8
217,traffic light,20.0,0.8
217,traffic light,20.0,0.8
217,traffic light,20.0,0.8
217,traffic light,20.0,0.8
217,traffic light,20.0,0.8
217,traffic light,20.0,0.8
217,traffic light,20.0,0.8
217,traffic light,20.0,0.8
217,traffic light,20.0,0.8
217,traffic light,20.0,0.8
217,traffic light,20.0,0.8
217,traffic light,20.0,0.8
217,traffic light,20.0,0.8
217,traffic light,20.0,0.8
217,traffic light,20.0,0.8
217,traffic light,20.0,0.8
217,traffic light,20.0,0.8
217,traffic light,20.0,0.8
217,traffic light,20.0,0.8
217,traffic light,20.0,0.8
217,traffic light,20.0,0.8
217,traffic light,20.0,0.8
217,traffic light,20.0,0.8
217,traffic light,20.0,0.8
217,traffic light,20.0,0.8
217,traffic light,20.0,0.8
217,traffic light,20.0,0.8
217,traffic light,20.0,0.8
217,traffic light,20.0,0.8
217,traffic light,20.0,0.8
217,traffic light,20.0,0.8
217,traffic light,20.0,0.8
217,traffic light,20.0,0.8
217,traffic light,20.0,0.8
217,traffic light,20.0,0.8
217,traffic light,20.0,0.8
217,traffic light,20.0,0.8
217,traffic light,20.0,0.8
217,traffic light,20.0,0.8
217,traffic light,20.0,0.8
217,traffic light,20.0,0.8
217,traffic light,20.0,0.8
217,traffic light,20.0,0.8
217,traffic light,20.0,0.8
217,traffic light,20.0,0.8
239,person,20.0,0.8
217,traffic light,20.0,0.8
217,traffic light,20.0,0.8
217,traffic light,20.0,0.8
217,traffic light,20.0,0.8
217,traffic light,20.0,0.8
217,traffic light,20.0,0.8
217,traffic light,20.0,0.8
217,traffic light,20.0,0.8
217,traffic light,20.0,0.8
217,traffic light,20.0,0.8
217,traffic light,20.0,0.8
217,traffic light,20.0,0.8
217,traffic light,20.0,0.8
217,traffic light,20.0,0.8
217,traffic light,20.0,0.8
217,traffic light,20.0,0.8
217,traffic light,20.0,0.8
217,traffic light,20.0,0.8
217,traffic light,20.0,0.8
217,traffic light,20.0,0.8
217,traffic light,20.0,0.8
217,traffic light,20.0,0.8
609,car,20.0,0.8
217,traffic light,20.0,0.8
217,traffic light,20.0,0.8
217,traffic light,20.0,0.8
217,traffic light,20.0,0.8
217,traffic light,20.0,0.8
217,traffic light,20.0,0.8
217,traffic light,20.0,0.8
217,traffic light,20.0,0.8
217,traffic light,20.0,0.8
217,traffic light,20.0,0.8
217,traffic light,20.0,0.8
217,traffic light,20.0,0.8
217,traffic light,20.0,0.8
217,traffic light,20.0,0.8
217,traffic light,20.0,0.8
217,traffic light,20.0,0.8
217,traffic light,20.0,0.8
217,traffic light,20.0,0.8
217,traffic light,20.0,0.8
217,traffic light,20.0,0.8
217,traffic light,20.0,0.8
217,traffic light,20.0,0.8
217,traffic light,20.0,0.8
217,traffic light,20.0,0.8
217,traffic light,20.0,0.8
217,traffic light,20.0,0.8
686,car,20.0,0.8
18,person,20.0,0.8
393,car,20.0,0.8
261,person,20.0,0.8
261,person,20.0,0.8
566,car,20.0,0.8
217,traffic light,20.0,0.8
217,traffic light,20.0,0.8
217,traffic light,20.0,0.8
217,traffic light,20.0,0.8
545,car,20.0,0.8
545,car,20.0,0.8
217,traffic light,20.0,0.8
217,traffic light,20.0,0.8
843,car,20.0,0.8
217,traffic light,20.0,0.8
217,traffic light,20.0,0.8
217,traffic light,20.0,0.8
217,traffic light,20.0,0.8
217,traffic light,20.0,0.8
217,traffic light,20.0,0.8
217,traffic light,20.0,0.8
217,traffic light,20.0,0.8
217,traffic light,20.0,0.8
217,traffic light,20.0,0.8
217,traffic light,20.0,0.8
217,traffic light,20.0,0.8
217,traffic light,20.0,0.8
217,traffic light,20.0,0.8
217,traffic light,20.0,0.8
217,traffic light,20.0,0.8
217,traffic light,20.0,0.8
217,traffic light,20.0,0.8
217,traffic light,20.0,0.8
217,traffic light,20.0,0.8
217,traffic light,20.0,0.8
217,traffic light,20.0,0.8
224,person,20.0,0.8
217,traffic light,20.0,0.8
217,traffic light,20.0,0.8
217,traffic light,20.0,0.8
217,traffic light,20.0,0.8
217,traffic light,20.0,0.8
217,traffic light,20.0,0.8
217,traffic light,20.0,0.8
217,traffic light,20.0,0.8
217,traffic light,20.0,0.8
217,traffic light,20.0,0.8
217,traffic light,20.0,0.8
217,traffic light,20.0,0.8
217,traffic light,20.0,0.8
217,traffic light,20.0,0.8
217,traffic light,20.0,0.8
217,traffic light,20.0,0.8
217,traffic light,20.0,0.8
217,traffic light,20.0,0.8
217,traffic light,20.0,0.8
217,traffic light,20.0,0.8
217,traffic light,20.0,0.8
217,traffic light,20.0,0.8
217,traffic light,20.0,0.8
217,traffic light,20.0,0.8
217,traffic light,20.0,0.8
217,traffic light,20.0,0.8
217,traffic light,20.0,0.8
217,traffic light,20.0,0.8
217,traffic light,20.0,0.8
217,traffic light,20.0,0.8
217,traffic light,20.0,0.8
217,traffic light,20.0,0.8
217,traffic light,20.0,0.8
609,car,20.0,0.8
217,traffic light,20.0,0.8
609,car,20.0,0.8
609,car,20.0,0.8
217,traffic light,20.0,0.8
217,traffic light,20.0,0.8
224,person,20.0,0.8
217,traffic light,20.0,0.8
217,traffic light,20.0,0.8
217,traffic light,20.0,0.8
217,traffic light,20.0,0.8
217,traffic light,20.0,0.8
217,traffic light,20.0,0.8
217,traffic light,20.0,0.8
217,traffic light,20.0,0.8
217,traffic light,20.0,0.8
217,traffic light,20.0,0.8
217,traffic light,20.0,0.8
217,traffic light,20.0,0.8
217,traffic light,20.0,0.8
217,traffic light,20.0,0.8
217,traffic light,20.0,0.8
217,traffic light,20.0,0.8
217,traffic light,20.0,0.8
217,traffic light,20.0,0.8
217,traffic light,20.0,0.8
217,traffic light,20.0,0.8
217,traffic light,20.0,0.8
217,traffic light,20.0,0.8
217,traffic light,20.0,0.8
217,traffic light,20.0,0.8
217,traffic light,20.0,0.8
217,traffic light,20.0,0.8
217,traffic light,20.0,0.8
217,traffic light,20.0,0.8
217,traffic light,20.0,0.8
217,traffic light,20.0,0.8
217,traffic light,20.0,0.8
217,traffic light,20.0,0.8
217,traffic light,20.0,0.8
217,traffic light,20.0,0.8
217,traffic light,20.0,0.8
217,traffic light,20.0,0.8
249,person,20.0,0.8
217,traffic light,20.0,0.8
217,traffic light,20.0,0.8
217,traffic light,20.0,0.8
217,traffic light,20.0,0.8
217,traffic light,20.0,0.8
217,traffic light,20.0,0.8
217,traffic light,20.0,0.8
217,traffic light,20.0,0.8
217,traffic light,20.0,0.8
217,traffic light,20.0,0.8
217,traffic light,20.0,0.8
217,traffic light,20.0,0.8
217,traffic light,20.0,0.8
217,traffic light,20.0,0.8
217,traffic light,20.0,0.8
217,traffic light,20.0,0.8
217,traffic light,20.0,0.8
217,traffic light,20.0,0.8
217,traffic light,20.0,0.8
217,traffic light,20.0,0.8
217,traffic light,20.0,0.8
217,traffic light,20.0,0.8
630,car,20.0,0.8
217,traffic light,20.0,0.8
217,traffic light,20.0,0.8
217,traffic light,20.0,0.8
217,traffic light,20.0,0.8
731,car,20.0,0.8
217,traffic light,20.0,0.8
217,traffic light,20.0,0.8
217,traffic light,20.0,0.8
217,traffic light,20.0,0.8
217,traffic light,20.0,0.8
217,traffic light,20.0,0.8
217,traffic light,20.0,0.8
217,traffic light,20.0,0.8
217,traffic light,20.0,0.8
239,person,20.0,0.8
255,person,20.0,0.8
217,traffic light,20.0,0.8
217,traffic light,20.0,0.8
239,person,20.0,0.8
217,traffic light,20.0,0.8
217,traffic light,20.0,0.8
217,traffic light,20.0,0.8
217,traffic light,20.0,0.8
217,traffic light,20.0,0.8
217,traffic light,20.0,0.8
217,traffic light,20.0,0.8
217,traffic light,20.0,0.8
217,traffic light,20.0,0.8
217,traffic light,20.0,0.8
217,traffic light,20.0,0.8
217,traffic light,20.0,0.8
217,traffic light,20.0,0.8
217,traffic light,20.0,0.8
217,traffic light,20.0,0.8
217,traffic light,20.0,0.8
217,traffic light,20.0,0.8
624,car,20.0,0.8
609,car,20.0,0.8
624,car,20.0,0.8
217,traffic light,20.0,0.8
217,traffic light,20.0,0.8
217,traffic light,20.0,0.8
217,traffic light,20.0,0.8
217,traffic light,20.0,0.8
217,traffic light,20.0,0.8
217,traffic light,20.0,0.8
217,traffic light,20.0,0.8
624,car,20.0,0.8
217,traffic light,20.0,0.8
217,traffic light,20.0,0.8
217,traffic light,20.0,0.8
217,traffic light,20.0,0.8
217,traffic light,20.0,0.8
217,traffic light,20.0,0.8
217,traffic light,20.0,0.8
624,car,20.0,0.8
217,traffic light,20.0,0.8
217,traffic light,20.0,0.8
217,traffic light,20.0,0.8
217,traffic light,20.0,0.8
217,traffic light,20.0,0.8
217,traffic light,20.0,0.8
217,traffic light,20.0,0.8
217,traffic light,20.0,0.8
217,traffic light,20.0,0.8
217,traffic light,20.0,0.8
217,traffic light,20.0,0.8
217,traffic light,20.0,0.8
217,traffic light,20.0,0.8
217,traffic light,20.0,0.8
217,traffic light,20.0,0.8
217,traffic light,20.0,0.8
217,traffic light,20.0,0.8
217,traffic light,20.0,0.8
217,traffic light,20.0,0.8
217,traffic light,20.0,0.8
217,traffic light,20.0,0.8
217,traffic light,20.0,0.8
217,traffic light,20.0,0.8
217,traffic light,20.0,0.8
217,traffic light,20.0,0.8
217,traffic light,20.0,0.8
217,traffic light,20.0,0.8
217,traffic light,20.0,0.8
217,traffic light,20.0,0.8
217,traffic light,20.0,0.8
217,traffic light,20.0,0.8
217,traffic light,20.0,0.8
217,traffic light,20.0,0.8
217,traffic light,20.0,0.8
217,traffic light,20.0,0.8
217,traffic light,20.0,0.8
217,traffic light,20.0,0.8
217,traffic light,20.0,0.8
217,traffic light,20.0,0.8
217,traffic light,20.0,0.8
217,traffic light,20.0,0.8
217,traffic light,20.0,0.8
217,traffic light,20.0,0.8
217,traffic light,20.0,0.8
217,traffic light,20.0,0.8
217,traffic light,20.0,0.8
217,traffic light,20.0,0.8
217,traffic light,20.0,0.8
217,traffic light,20.0,0.8
217,traffic light,20.0,0.8
217,traffic light,20.0,0.8
217,traffic light,20.0,0.8
217,traffic light,20.0,0.8
217,traffic light,20.0,0.8
217,traffic light,20.0,0.8
217,traffic light,20.0,0.8
217,traffic light,20.0,0.8
217,traffic light,20.0,0.8
217,traffic light,20.0,0.8
217,traffic light,20.0,0.8
217,traffic light,20.0,0.8
217,traffic light,20.0,0.8
217,traffic light,20.0,0.8
217,traffic light,20.0,0.8
217,traffic light,20.0,0.8
217,traffic light,20.0,0.8
217,traffic light,20.0,0.8
217,traffic light,20.0,0.8
217,traffic light,20.0,0.8
217,traffic light,20.0,0.8
217,traffic light,20.0,0.8
217,traffic light,20.0,0.8
217,traffic light,20.0,0.8
217,traffic light,20.0,0.8
217,traffic light,20.0,0.8
217,traffic light,20.0,0.8
217,traffic light,20.0,0.8
217,traffic light,20.0,0.8
217,traffic light,20.0,0.8
217,traffic light,20.0,0.8
217,traffic light,20.0,0.8
217,traffic light,20.0,0.8
217,traffic light,20.0,0.8
217,traffic light,20.0,0.8
217,traffic light,20.0,0.8
217,traffic light,20.0,0.8
217,traffic light,20.0,0.8
217,traffic light,20.0,0.8
217,traffic light,20.0,0.8
217,traffic light,20.0,0.8
217,traffic light,20.0,0.8
217,traffic light,20.0,0.8
217,traffic light,20.0,0.8
217,traffic light,20.0,0.8
217,traffic light,20.0,0.8
217,traffic light,20.0,0.8
217,traffic light,20.0,0.8
217,traffic light,20.0,0.8
217,traffic light,20.0,0.8
217,traffic light,20.0,0.8
217,traffic light,20.0,0.8
217,traffic light,20.0,0.8
217,traffic light,20.0,0.8
217,traffic light,20.0,0.8
217,traffic light,20.0,0.8
217,traffic light,20.0,0.8
217,traffic light,20.0,0.8
217,traffic light,20.0,0.8
217,traffic light,20.0,0.8
217,traffic light,20.0,0.8
217,traffic light,20.0,0.8
217,traffic light,20.0,0.8
217,traffic light,20.0,0.8
217,traffic light,20.0,0.8
217,traffic light,20.0,0.8
217,traffic light,20.0,0.8
255,person,20.0,0.8
217,traffic light,20.0,0.8
217,traffic light,20.0,0.8
217,traffic light,20.0,0.8
217,traffic light,20.0,0.8
217,traffic light,20.0,0.8
255,person,20.0,0.8
217,traffic light,20.0,0.8
217,traffic light,20.0,0.8
217,traffic light,20.0,0.8
217,traffic light,20.0,0.8
217,traffic light,20.0,0.8
217,traffic light,20.0,0.8
217,traffic light,20.0,0.8
217,traffic light,20.0,0.8
401,car,20.0,0.8
217,traffic light,20.0,0.8
217,traffic light,20.0,0.8
217,traffic light,20.0,0.8
217,traffic light,20.0,0.8
217,traffic light,20.0,0.8
217,traffic light,20.0,0.8
217,traffic light,20.0,0.8
217,traffic light,20.0,0.8
217,traffic light,20.0,0.8
217,traffic light,20.0,0.8
217,traffic light,20.0,0.8
217,traffic light,20.0,0.8
217,traffic light,20.0,0.8
217,traffic light,20.0,0.8
217,traffic light,20.0,0.8
731,car,20.0,0.8
36,person,20.0,0.8
217,traffic light,20.0,0.8
217,traffic light,20.0,0.8
217,traffic light,20.0,0.8
217,traffic light,20.0,0.8
217,traffic light,20.0,0.8
217,traffic light,20.0,0.8
217,traffic light,20.0,0.8
217,traffic light,20.0,0.8
217,traffic light,20.0,0.8
217,traffic light,20.0,0.8
217,traffic light,20.0,0.8
217,traffic light,20.0,0.8
217,traffic light,20.0,0.8
217,traffic light,20.0,0.8
217,traffic light,19.0,0.76
217,traffic light,19.0,0.76
968,car,19.0,0.76
941,car,19.0,0.76
941,car,19.0,0.76
1116,car,19.0,0.76
1116,car,19.0,0.76
217,traffic light,19.0,0.76
217,traffic light,19.0,0.76
217,traffic light,19.0,0.76
217,traffic light,19.0,0.76
761,truck,19.0,0.76
609,car,19.0,0.76
219,person,19.0,0.76
217,traffic light,19.0,0.76
761,truck,19.0,0.76
217,traffic light,19.0,0.76
217,traffic light,19.0,0.76
217,traffic light,19.0,0.76
392,car,19.0,0.76
217,traffic light,19.0,0.76
291,bus,19.0,0.76
761,truck,19.0,0.76
217,traffic light,19.0,0.76
217,traffic light,19.0,0.76
217,traffic light,19.0,0.76
217,traffic light,19.0,0.76
217,traffic light,19.0,0.76
217,traffic light,19.0,0.76
217,traffic light,19.0,0.76
217,traffic light,19.0,0.76
217,traffic light,19.0,0.76
217,traffic light,19.0,0.76
217,traffic light,19.0,0.76
217,traffic light,19.0,0.76
217,traffic light,19.0,0.76
217,traffic light,19.0,0.76
217,traffic light,19.0,0.76
865,car,19.0,0.76
95,car,19.0,0.76
624,car,19.0,0.76
761,truck,19.0,0.76
754,car,19.0,0.76
75,car,19.0,0.76
286,bicycle,19.0,0.76
75,car,19.0,0.76
217,traffic light,19.0,0.76
217,traffic light,19.0,0.76
689,car,19.0,0.76
217,traffic light,19.0,0.76
217,traffic light,19.0,0.76
217,traffic light,19.0,0.76
217,traffic light,19.0,0.76
217,traffic light,19.0,0.76
144,car,19.0,0.76
819,car,19.0,0.76
217,traffic light,19.0,0.76
217,traffic light,19.0,0.76
217,traffic light,19.0,0.76
222,person,19.0,0.76
217,traffic light,19.0,0.76
217,traffic light,19.0,0.76
819,car,19.0,0.76
526,car,19.0,0.76
379,car,19.0,0.76
217,traffic light,19.0,0.76
217,traffic light,19.0,0.76
217,traffic light,19.0,0.76
217,traffic light,19.0,0.76
217,traffic light,19.0,0.76
217,traffic light,19.0,0.76
217,traffic light,19.0,0.76
217,traffic light,19.0,0.76
249,person,19.0,0.76
622,car,19.0,0.76
218,person,19.0,0.76
761,truck,19.0,0.76
218,person,19.0,0.76
701,car,19.0,0.76
217,traffic light,19.0,0.76
217,traffic light,19.0,0.76
217,traffic light,19.0,0.76
217,traffic light,19.0,0.76
217,traffic light,19.0,0.76
217,traffic light,19.0,0.76
217,traffic light,19.0,0.76
217,traffic light,19.0,0.76
217,traffic light,19.0,0.76
217,traffic light,19.0,0.76
217,traffic light,19.0,0.76
217,traffic light,19.0,0.76
217,traffic light,19.0,0.76
217,traffic light,19.0,0.76
521,car,19.0,0.76
217,traffic light,19.0,0.76
217,traffic light,19.0,0.76
217,traffic light,19.0,0.76
217,traffic light,19.0,0.76
217,traffic light,19.0,0.76
217,traffic light,19.0,0.76
217,traffic light,19.0,0.76
217,traffic light,19.0,0.76
217,traffic light,19.0,0.76
759,traffic light,19.0,0.76
217,traffic light,19.0,0.76
284,bicycle,19.0,0.76
467,car,19.0,0.76
255,person,19.0,0.76
752,car,19.0,0.76
59,car,19.0,0.76
307,bicycle,19.0,0.76
217,traffic light,19.0,0.76
753,car,19.0,0.76
752,car,19.0,0.76
424,car,19.0,0.76
196,car,19.0,0.76
307,bicycle,19.0,0.76
307,bicycle,19.0,0.76
217,traffic light,19.0,0.76
720,car,19.0,0.76
253,person,19.0,0.76
239,person,19.0,0.76
222,person,19.0,0.76
731,car,19.0,0.76
217,traffic light,19.0,0.76
217,traffic light,19.0,0.76
217,traffic light,19.0,0.76
217,traffic light,19.0,0.76
217,traffic light,19.0,0.76
217,traffic light,19.0,0.76
217,traffic light,19.0,0.76
671,car,19.0,0.76
217,traffic light,19.0,0.76
217,traffic light,19.0,0.76
217,traffic light,19.0,0.76
217,traffic light,19.0,0.76
217,traffic light,19.0,0.76
217,traffic light,19.0,0.76
754,car,19.0,0.76
753,car,19.0,0.76
609,car,19.0,0.76
754,car,19.0,0.76
754,car,19.0,0.76
419,car,19.0,0.76
754,car,19.0,0.76
753,car,19.0,0.76
609,car,19.0,0.76
753,car,19.0,0.76
426,car,19.0,0.76
188,car,19.0,0.76
754,car,19.0,0.76
781,car,19.0,0.76
609,car,19.0,0.76
407,car,19.0,0.76
787,car,19.0,0.76
793,car,19.0,0.76
749,person,19.0,0.76
622,car,19.0,0.76
737,car,19.0,0.76
217,traffic light,19.0,0.76
217,traffic light,19.0,0.76
217,traffic light,19.0,0.76
217,traffic light,19.0,0.76
91,car,19.0,0.76
731,car,19.0,0.76
624,car,19.0,0.76
737,car,19.0,0.76
217,traffic light,19.0,0.76
217,traffic light,19.0,0.76
217,traffic light,19.0,0.76
609,car,19.0,0.76
217,traffic light,19.0,0.76
217,traffic light,19.0,0.76
217,traffic light,19.0,0.76
217,traffic light,19.0,0.76
224,person,19.0,0.76
609,car,19.0,0.76
609,car,19.0,0.76
224,person,19.0,0.76
217,traffic light,19.0,0.76
217,traffic light,19.0,0.76
224,person,19.0,0.76
224,person,19.0,0.76
586,car,19.0,0.76
586,car,19.0,0.76
235,person,19.0,0.76
217,traffic light,19.0,0.76
217,traffic light,19.0,0.76
217,traffic light,19.0,0.76
689,car,19.0,0.76
217,traffic light,19.0,0.76
217,traffic light,19.0,0.76
217,traffic light,19.0,0.76
217,traffic light,19.0,0.76
217,traffic light,19.0,0.76
353,car,19.0,0.76
217,traffic light,19.0,0.76
217,traffic light,19.0,0.76
217,traffic light,19.0,0.76
217,traffic light,19.0,0.76
217,traffic light,19.0,0.76
217,traffic light,19.0,0.76
217,traffic light,19.0,0.76
98,car,19.0,0.76
367,car,19.0,0.76
647,car,19.0,0.76
359,car,19.0,0.76
550,car,19.0,0.76
844,car,19.0,0.76
560,car,19.0,0.76
847,car,19.0,0.76
853,car,19.0,0.76
857,car,19.0,0.76
844,car,19.0,0.76
372,car,19.0,0.76
217,traffic light,19.0,0.76
217,traffic light,19.0,0.76
217,traffic light,19.0,0.76
217,traffic light,19.0,0.76
217,traffic light,19.0,0.76
649,traffic light,19.0,0.76
649,traffic light,18.0,0.72
1010,car,18.0,0.72
217,traffic light,18.0,0.72
98,car,18.0,0.72
686,car,18.0,0.72
865,car,18.0,0.72
224,person,18.0,0.72
609,car,18.0,0.72
224,person,18.0,0.72
571,car,18.0,0.72
747,car,18.0,0.72
275,bicycle,18.0,0.72
630,car,18.0,0.72
717,car,18.0,0.72
1111,car,18.0,0.72
1111,car,18.0,0.72
609,car,18.0,0.72
1111,car,18.0,0.72
558,car,18.0,0.72
609,car,18.0,0.72
257,person,18.0,0.72
718,car,18.0,0.72
217,traffic light,18.0,0.72
752,car,18.0,0.72
217,traffic light,18.0,0.72
307,bicycle,18.0,0.72
291,bus,18.0,0.72
604,car,18.0,0.72
611,car,18.0,0.72
611,car,18.0,0.72
759,traffic light,18.0,0.72
36,person,18.0,0.72
752,car,18.0,0.72
217,traffic light,18.0,0.72
307,bicycle,18.0,0.72
217,traffic light,18.0,0.72
217,traffic light,18.0,0.72
686,car,18.0,0.72
754,car,18.0,0.72
754,car,18.0,0.72
237,bicycle,18.0,0.72
790,car,18.0,0.72
707,car,18.0,0.72
76,car,18.0,0.72
695,car,18.0,0.72
792,car,18.0,0.72
769,traffic light,18.0,0.72
754,car,18.0,0.72
609,car,18.0,0.72
260,bicycle,18.0,0.72
217,traffic light,18.0,0.72
217,traffic light,18.0,0.72
217,traffic light,18.0,0.72
75,car,18.0,0.72
75,car,18.0,0.72
761,truck,18.0,0.72
761,truck,18.0,0.72
761,truck,18.0,0.72
761,truck,18.0,0.72
761,truck,18.0,0.72
622,car,18.0,0.72
761,truck,18.0,0.72
249,person,18.0,0.72
249,person,18.0,0.72
761,truck,18.0,0.72
375,car,18.0,0.72
761,truck,18.0,0.72
217,traffic light,18.0,0.72
218,person,18.0,0.72
941,car,18.0,0.72
217,traffic light,18.0,0.72
968,car,18.0,0.72
1010,car,18.0,0.72
1010,car,18.0,0.72
1116,car,18.0,0.72
1010,car,18.0,0.72
217,traffic light,18.0,0.72
459,truck,18.0,0.72
260,bicycle,18.0,0.72
761,truck,18.0,0.72
255,person,18.0,0.72
761,truck,18.0,0.72
261,person,18.0,0.72
91,car,18.0,0.72
255,person,18.0,0.72
759,traffic light,18.0,0.72
596,car,18.0,0.72
217,traffic light,18.0,0.72
218,person,18.0,0.72
218,person,18.0,0.72
59,car,18.0,0.72
286,bicycle,18.0,0.72
286,bicycle,18.0,0.72
218,person,18.0,0.72
222,person,18.0,0.72
642,car,18.0,0.72
261,person,18.0,0.72
707,car,18.0,0.72
222,person,18.0,0.72
217,traffic light,18.0,0.72
217,traffic light,18.0,0.72
761,truck,18.0,0.72
761,truck,18.0,0.72
761,truck,18.0,0.72
217,traffic light,18.0,0.72
761,truck,18.0,0.72
761,truck,18.0,0.72
761,truck,18.0,0.72
761,truck,18.0,0.72
217,traffic light,18.0,0.72
255,person,18.0,0.72
761,truck,18.0,0.72
217,traffic light,18.0,0.72
217,traffic light,18.0,0.72
761,truck,18.0,0.72
761,truck,18.0,0.72
761,truck,18.0,0.72
217,traffic light,18.0,0.72
217,traffic light,18.0,0.72
217,traffic light,18.0,0.72
188,car,17.0,0.68
615,car,17.0,0.68
611,car,17.0,0.68
73,truck,17.0,0.68
722,car,17.0,0.68
394,car,17.0,0.68
776,car,17.0,0.68
465,car,17.0,0.68
239,person,17.0,0.68
705,car,17.0,0.68
218,person,17.0,0.68
752,car,17.0,0.68
218,person,17.0,0.68
753,car,17.0,0.68
419,car,17.0,0.68
257,person,17.0,0.68
777,car,17.0,0.68
609,car,17.0,0.68
407,car,17.0,0.68
224,person,17.0,0.68
384,truck,17.0,0.68
417,car,17.0,0.68
753,car,17.0,0.68
753,car,17.0,0.68
754,car,17.0,0.68
426,car,17.0,0.68
76,car,17.0,0.68
76,car,17.0,0.68
235,person,17.0,0.68
609,car,17.0,0.68
609,car,17.0,0.68
551,car,17.0,0.68
821,car,17.0,0.68
95,car,17.0,0.68
941,car,17.0,0.68
560,car,17.0,0.68
560,car,17.0,0.68
1023,car,17.0,0.68
1023,car,17.0,0.68
941,car,17.0,0.68
941,car,17.0,0.68
1010,car,17.0,0.68
98,car,17.0,0.68
847,car,17.0,0.68
843,car,17.0,0.68
224,person,17.0,0.68
746,car,17.0,0.68
224,person,17.0,0.68
235,person,17.0,0.68
748,car,17.0,0.68
150,car,17.0,0.68
1111,car,17.0,0.68
1111,car,17.0,0.68
359,car,17.0,0.68
247,person,17.0,0.68
609,car,17.0,0.68
224,person,17.0,0.68
474,car,17.0,0.68
239,person,17.0,0.68
790,car,17.0,0.68
747,car,17.0,0.68
1010,car,17.0,0.68
941,car,17.0,0.68
550,car,17.0,0.68
841,car,17.0,0.68
752,car,17.0,0.68
255,person,17.0,0.68
722,car,17.0,0.68
144,car,17.0,0.68
218,person,17.0,0.68
615,car,17.0,0.68
861,car,17.0,0.68
218,person,17.0,0.68
218,person,17.0,0.68
444,car,17.0,0.68
444,car,17.0,0.68
534,car,17.0,0.68
218,person,17.0,0.68
218,person,17.0,0.68
18,person,17.0,0.68
521,car,17.0,0.68
810,car,17.0,0.68
810,car,17.0,0.68
218,person,17.0,0.68
761,truck,17.0,0.68
761,truck,17.0,0.68
465,car,17.0,0.68
604,car,17.0,0.68
604,car,17.0,0.68
218,person,17.0,0.68
283,person,17.0,0.68
59,car,17.0,0.68
217,traffic light,17.0,0.68
217,traffic light,17.0,0.68
128,car,17.0,0.68
821,car,17.0,0.68
134,car,17.0,0.68
93,car,17.0,0.68
96,car,17.0,0.68
261,person,17.0,0.68
861,car,17.0,0.68
217,traffic light,17.0,0.68
624,car,17.0,0.68
260,bicycle,17.0,0.68
249,person,17.0,0.68
773,car,17.0,0.68
75,car,17.0,0.68
761,truck,17.0,0.68
261,person,17.0,0.68
394,car,17.0,0.68
260,bicycle,17.0,0.68
260,bicycle,17.0,0.68
128,car,17.0,0.68
818,car,17.0,0.68
565,car,17.0,0.68
119,truck,17.0,0.68
96,car,17.0,0.68
624,car,17.0,0.68
624,car,17.0,0.68
609,car,17.0,0.68
609,car,17.0,0.68
609,car,17.0,0.68
286,bicycle,17.0,0.68
1010,car,17.0,0.68
1010,car,17.0,0.68
609,car,16.0,0.64
941,car,16.0,0.64
609,car,16.0,0.64
609,car,16.0,0.64
609,car,16.0,0.64
609,car,16.0,0.64
609,car,16.0,0.64
609,car,16.0,0.64
609,car,16.0,0.64
609,car,16.0,0.64
609,car,16.0,0.64
609,car,16.0,0.64
693,car,16.0,0.64
2,car,16.0,0.64
2,car,16.0,0.64
2,car,16.0,0.64
2,car,16.0,0.64
2,car,16.0,0.64
2,car,16.0,0.64
117,truck,16.0,0.64
117,truck,16.0,0.64
117,truck,16.0,0.64
2,car,16.0,0.64
2,car,16.0,0.64
866,car,16.0,0.64
96,car,16.0,0.64
821,car,16.0,0.64
866,car,16.0,0.64
866,car,16.0,0.64
866,car,16.0,0.64
866,car,16.0,0.64
866,car,16.0,0.64
609,car,16.0,0.64
609,car,16.0,0.64
835,car,16.0,0.64
261,person,16.0,0.64
821,car,16.0,0.64
859,car,16.0,0.64
135,car,16.0,0.64
128,car,16.0,0.64
261,person,16.0,0.64
866,car,16.0,0.64
609,car,16.0,0.64
609,car,16.0,0.64
609,car,16.0,0.64
609,car,16.0,0.64
695,car,16.0,0.64
609,car,16.0,0.64
609,car,16.0,0.64
866,car,16.0,0.64
866,car,16.0,0.64
866,car,16.0,0.64
866,car,16.0,0.64
866,car,16.0,0.64
810,car,16.0,0.64
145,car,16.0,0.64
570,car,16.0,0.64
609,car,16.0,0.64
866,car,16.0,0.64
866,car,16.0,0.64
866,car,16.0,0.64
866,car,16.0,0.64
866,car,16.0,0.64
866,car,16.0,0.64
866,car,16.0,0.64
866,car,16.0,0.64
866,car,16.0,0.64
866,car,16.0,0.64
866,car,16.0,0.64
218,person,16.0,0.64
609,car,16.0,0.64
609,car,16.0,0.64
866,car,16.0,0.64
866,car,16.0,0.64
866,car,16.0,0.64
866,car,16.0,0.64
866,car,16.0,0.64
866,car,16.0,0.64
866,car,16.0,0.64
866,car,16.0,0.64
866,car,16.0,0.64
866,car,16.0,0.64
866,car,16.0,0.64
866,car,16.0,0.64
2,car,16.0,0.64
866,car,16.0,0.64
866,car,16.0,0.64
866,car,16.0,0.64
866,car,16.0,0.64
866,car,16.0,0.64
866,car,16.0,0.64
866,car,16.0,0.64
866,car,16.0,0.64
866,car,16.0,0.64
866,car,16.0,0.64
436,car,16.0,0.64
444,car,16.0,0.64
866,car,16.0,0.64
866,car,16.0,0.64
866,car,16.0,0.64
866,car,16.0,0.64
866,car,16.0,0.64
866,car,16.0,0.64
866,car,16.0,0.64
866,car,16.0,0.64
866,car,16.0,0.64
866,car,16.0,0.64
866,car,16.0,0.64
866,car,16.0,0.64
866,car,16.0,0.64
866,car,16.0,0.64
866,car,16.0,0.64
866,car,16.0,0.64
866,car,16.0,0.64
609,car,16.0,0.64
609,car,16.0,0.64
609,car,16.0,0.64
609,car,16.0,0.64
866,car,16.0,0.64
866,car,16.0,0.64
866,car,16.0,0.64
609,car,16.0,0.64
609,car,16.0,0.64
866,car,16.0,0.64
866,car,16.0,0.64
866,car,16.0,0.64
260,bicycle,16.0,0.64
609,car,16.0,0.64
609,car,16.0,0.64
609,car,16.0,0.64
609,car,16.0,0.64
866,car,16.0,0.64
866,car,16.0,0.64
866,car,16.0,0.64
866,car,16.0,0.64
866,car,16.0,0.64
609,car,16.0,0.64
866,car,16.0,0.64
866,car,16.0,0.64
866,car,16.0,0.64
866,car,16.0,0.64
866,car,16.0,0.64
866,car,16.0,0.64
609,car,16.0,0.64
866,car,16.0,0.64
866,car,16.0,0.64
866,car,16.0,0.64
866,car,16.0,0.64
866,car,16.0,0.64
866,car,16.0,0.64
866,car,16.0,0.64
609,car,16.0,0.64
609,car,16.0,0.64
866,car,16.0,0.64
866,car,16.0,0.64
866,car,16.0,0.64
866,car,16.0,0.64
866,car,16.0,0.64
866,car,16.0,0.64
866,car,16.0,0.64
866,car,16.0,0.64
866,car,16.0,0.64
866,car,16.0,0.64
217,traffic light,16.0,0.64
217,traffic light,16.0,0.64
866,car,16.0,0.64
866,car,16.0,0.64
866,car,16.0,0.64
866,car,16.0,0.64
866,car,16.0,0.64
866,car,16.0,0.64
866,car,16.0,0.64
866,car,16.0,0.64
866,car,16.0,0.64
866,car,16.0,0.64
866,car,16.0,0.64
866,car,16.0,0.64
866,car,16.0,0.64
249,person,16.0,0.64
249,person,16.0,0.64
249,person,16.0,0.64
249,person,16.0,0.64
866,car,16.0,0.64
866,car,16.0,0.64
866,car,16.0,0.64
866,car,16.0,0.64
866,car,16.0,0.64
866,car,16.0,0.64
866,car,16.0,0.64
866,car,16.0,0.64
218,person,16.0,0.64
866,car,16.0,0.64
866,car,16.0,0.64
866,car,16.0,0.64
866,car,16.0,0.64
866,car,16.0,0.64
866,car,16.0,0.64
866,car,16.0,0.64
866,car,16.0,0.64
866,car,16.0,0.64
866,car,16.0,0.64
866,car,16.0,0.64
866,car,16.0,0.64
866,car,16.0,0.64
866,car,16.0,0.64
866,car,16.0,0.64
866,car,16.0,0.64
866,car,16.0,0.64
866,car,16.0,0.64
866,car,16.0,0.64
866,car,16.0,0.64
866,car,16.0,0.64
866,car,16.0,0.64
866,car,16.0,0.64
866,car,16.0,0.64
866,car,16.0,0.64
866,car,16.0,0.64
866,car,16.0,0.64
866,car,16.0,0.64
866,car,16.0,0.64
866,car,16.0,0.64
866,car,16.0,0.64
866,car,16.0,0.64
255,person,16.0,0.64
866,car,16.0,0.64
218,person,16.0,0.64
611,car,16.0,0.64
615,car,16.0,0.64
866,car,16.0,0.64
866,car,16.0,0.64
866,car,16.0,0.64
866,car,16.0,0.64
866,car,16.0,0.64
866,car,16.0,0.64
866,car,16.0,0.64
866,car,16.0,0.64
761,truck,16.0,0.64
866,car,16.0,0.64
866,car,16.0,0.64
866,car,16.0,0.64
200,car,16.0,0.64
866,car,16.0,0.64
596,car,16.0,0.64
866,car,16.0,0.64
866,car,16.0,0.64
866,car,16.0,0.64
866,car,16.0,0.64
866,car,16.0,0.64
866,car,16.0,0.64
866,car,16.0,0.64
866,car,16.0,0.64
866,car,16.0,0.64
866,car,16.0,0.64
866,car,16.0,0.64
609,car,16.0,0.64
609,car,16.0,0.64
609,car,16.0,0.64
866,car,16.0,0.64
866,car,16.0,0.64
866,car,16.0,0.64
866,car,16.0,0.64
866,car,16.0,0.64
866,car,16.0,0.64
866,car,16.0,0.64
866,car,16.0,0.64
866,car,16.0,0.64
866,car,16.0,0.64
866,car,16.0,0.64
866,car,16.0,0.64
866,car,16.0,0.64
866,car,16.0,0.64
866,car,16.0,0.64
866,car,16.0,0.64
866,car,16.0,0.64
866,car,16.0,0.64
752,car,16.0,0.64
866,car,16.0,0.64
866,car,16.0,0.64
866,car,16.0,0.64
866,car,16.0,0.64
866,car,16.0,0.64
866,car,16.0,0.64
866,car,16.0,0.64
866,car,16.0,0.64
866,car,16.0,0.64
866,car,16.0,0.64
866,car,16.0,0.64
866,car,16.0,0.64
866,car,16.0,0.64
866,car,16.0,0.64
866,car,16.0,0.64
866,car,16.0,0.64
866,car,16.0,0.64
866,car,16.0,0.64
866,car,16.0,0.64
866,car,16.0,0.64
866,car,16.0,0.64
866,car,16.0,0.64
866,car,16.0,0.64
752,car,16.0,0.64
218,person,16.0,0.64
752,car,16.0,0.64
866,car,16.0,0.64
866,car,16.0,0.64
866,car,16.0,0.64
609,car,16.0,0.64
2,car,16.0,0.64
2,car,16.0,0.64
2,car,16.0,0.64
2,car,16.0,0.64
866,car,16.0,0.64
866,car,16.0,0.64
866,car,16.0,0.64
866,car,16.0,0.64
866,car,16.0,0.64
866,car,16.0,0.64
866,car,16.0,0.64
866,car,16.0,0.64
866,car,16.0,0.64
866,car,16.0,0.64
866,car,16.0,0.64
866,car,16.0,0.64
866,car,16.0,0.64
866,car,16.0,0.64
465,car,16.0,0.64
866,car,16.0,0.64
866,car,16.0,0.64
866,car,16.0,0.64
866,car,16.0,0.64
866,car,16.0,0.64
866,car,16.0,0.64
866,car,16.0,0.64
866,car,16.0,0.64
866,car,16.0,0.64
866,car,16.0,0.64
866,car,16.0,0.64
866,car,16.0,0.64
866,car,16.0,0.64
866,car,16.0,0.64
866,car,16.0,0.64
609,car,16.0,0.64
185,car,16.0,0.64
776,car,16.0,0.64
866,car,16.0,0.64
866,car,16.0,0.64
609,car,16.0,0.64
609,car,16.0,0.64
866,car,16.0,0.64
866,car,16.0,0.64
866,car,16.0,0.64
866,car,16.0,0.64
866,car,16.0,0.64
866,car,16.0,0.64
866,car,16.0,0.64
237,bicycle,16.0,0.64
753,car,16.0,0.64
866,car,16.0,0.64
866,car,16.0,0.64
866,car,16.0,0.64
866,car,16.0,0.64
609,car,16.0,0.64
754,car,16.0,0.64
754,car,16.0,0.64
237,bicycle,16.0,0.64
754,car,16.0,0.64
866,car,16.0,0.64
866,car,16.0,0.64
866,car,16.0,0.64
866,car,16.0,0.64
866,car,16.0,0.64
609,car,16.0,0.64
609,car,16.0,0.64
866,car,16.0,0.64
866,car,16.0,0.64
866,car,16.0,0.64
866,car,16.0,0.64
866,car,16.0,0.64
866,car,16.0,0.64
777,car,16.0,0.64
777,car,16.0,0.64
781,car,16.0,0.64
478,car,16.0,0.64
474,car,16.0,0.64
257,person,16.0,0.64
866,car,16.0,0.64
866,car,16.0,0.64
866,car,16.0,0.64
866,car,16.0,0.64
778,car,16.0,0.64
866,car,16.0,0.64
866,car,16.0,0.64
866,car,16.0,0.64
866,car,16.0,0.64
609,car,16.0,0.64
781,car,16.0,0.64
866,car,16.0,0.64
866,car,16.0,0.64
866,car,16.0,0.64
866,car,16.0,0.64
866,car,16.0,0.64
866,car,16.0,0.64
866,car,16.0,0.64
866,car,16.0,0.64
866,car,16.0,0.64
866,car,16.0,0.64
866,car,16.0,0.64
866,car,16.0,0.64
866,car,16.0,0.64
609,car,16.0,0.64
609,car,16.0,0.64
609,car,16.0,0.64
609,car,16.0,0.64
609,car,16.0,0.64
609,car,16.0,0.64
609,car,16.0,0.64
609,car,16.0,0.64
609,car,16.0,0.64
224,person,16.0,0.64
609,car,16.0,0.64
609,car,16.0,0.64
224,person,16.0,0.64
224,person,16.0,0.64
224,person,16.0,0.64
746,car,16.0,0.64
609,car,16.0,0.64
609,car,16.0,0.64
609,car,16.0,0.64
609,car,16.0,0.64
609,car,16.0,0.64
609,car,16.0,0.64
609,car,16.0,0.64
609,car,16.0,0.64
247,person,16.0,0.64
866,car,16.0,0.64
609,car,16.0,0.64
609,car,16.0,0.64
609,car,16.0,0.64
609,car,16.0,0.64
609,car,16.0,0.64
609,car,16.0,0.64
609,car,16.0,0.64
866,car,16.0,0.64
866,car,16.0,0.64
866,car,16.0,0.64
586,car,16.0,0.64
866,car,16.0,0.64
787,car,16.0,0.64
586,car,16.0,0.64
609,car,16.0,0.64
866,car,16.0,0.64
866,car,16.0,0.64
866,car,16.0,0.64
866,car,16.0,0.64
866,car,16.0,0.64
866,car,16.0,0.64
866,car,16.0,0.64
866,car,16.0,0.64
866,car,16.0,0.64
866,car,16.0,0.64
866,car,16.0,0.64
866,car,16.0,0.64
866,car,16.0,0.64
866,car,16.0,0.64
866,car,16.0,0.64
866,car,16.0,0.64
609,car,16.0,0.64
609,car,16.0,0.64
609,car,16.0,0.64
866,car,16.0,0.64
866,car,16.0,0.64
866,car,16.0,0.64
866,car,16.0,0.64
866,car,16.0,0.64
609,car,16.0,0.64
609,car,16.0,0.64
866,car,16.0,0.64
866,car,16.0,0.64
866,car,16.0,0.64
866,car,16.0,0.64
609,car,16.0,0.64
609,car,16.0,0.64
2,car,16.0,0.64
2,car,16.0,0.64
609,car,16.0,0.64
2,car,16.0,0.64
2,car,16.0,0.64
2,car,16.0,0.64
2,car,16.0,0.64
609,car,16.0,0.64
866,car,16.0,0.64
866,car,16.0,0.64
2,car,16.0,0.64
866,car,16.0,0.64
866,car,16.0,0.64
866,car,16.0,0.64
866,car,16.0,0.64
2,car,16.0,0.64
609,car,16.0,0.64
609,car,16.0,0.64
866,car,16.0,0.64
866,car,16.0,0.64
866,car,16.0,0.64
866,car,16.0,0.64
866,car,16.0,0.64
866,car,16.0,0.64
866,car,16.0,0.64
866,car,16.0,0.64
866,car,16.0,0.64
866,car,16.0,0.64
491,car,16.0,0.64
494,car,16.0,0.64
492,car,16.0,0.64
571,car,16.0,0.64
411,car,16.0,0.64
866,car,16.0,0.64
866,car,16.0,0.64
866,car,16.0,0.64
866,car,16.0,0.64
571,car,16.0,0.64
571,car,16.0,0.64
570,car,16.0,0.64
609,car,16.0,0.64
609,car,16.0,0.64
609,car,16.0,0.64
609,car,16.0,0.64
609,car,16.0,0.64
609,car,16.0,0.64
609,car,16.0,0.64
407,car,16.0,0.64
609,car,16.0,0.64
609,car,16.0,0.64
609,car,16.0,0.64
609,car,16.0,0.64
609,car,16.0,0.64
609,car,16.0,0.64
609,car,16.0,0.64
609,car,16.0,0.64
731,car,16.0,0.64
720,car,16.0,0.64
609,car,16.0,0.64
609,car,16.0,0.64
609,car,16.0,0.64
609,car,16.0,0.64
609,car,16.0,0.64
609,car,16.0,0.64
624,car,16.0,0.64
624,car,16.0,0.64
400,car,16.0,0.64
630,car,16.0,0.64
729,car,16.0,0.64
253,person,16.0,0.64
720,car,16.0,0.64
624,car,16.0,0.64
570,car,16.0,0.64
152,car,16.0,0.64
152,car,16.0,0.64
810,car,16.0,0.64
480,truck,16.0,0.64
866,car,16.0,0.64
866,car,16.0,0.64
866,car,16.0,0.64
571,car,16.0,0.64
571,car,16.0,0.64
866,car,16.0,0.64
866,car,16.0,0.64
866,car,16.0,0.64
790,car,16.0,0.64
150,car,16.0,0.64
257,person,16.0,0.64
76,car,16.0,0.64
73,truck,16.0,0.64
76,car,16.0,0.64
76,car,16.0,0.64
76,car,16.0,0.64
866,car,16.0,0.64
866,car,16.0,0.64
866,car,16.0,0.64
866,car,16.0,0.64
866,car,16.0,0.64
866,car,16.0,0.64
73,truck,16.0,0.64
76,car,16.0,0.64
866,car,16.0,0.64
866,car,16.0,0.64
866,car,16.0,0.64
866,car,16.0,0.64
790,car,16.0,0.64
570,car,16.0,0.64
866,car,16.0,0.64
866,car,16.0,0.64
866,car,16.0,0.64
866,car,16.0,0.64
866,car,16.0,0.64
609,car,16.0,0.64
609,car,16.0,0.64
609,car,16.0,0.64
235,person,16.0,0.64
671,car,16.0,0.64
671,car,16.0,0.64
866,car,16.0,0.64
866,car,16.0,0.64
866,car,16.0,0.64
866,car,16.0,0.64
866,car,16.0,0.64
520,traffic light,16.0,0.64
520,traffic light,16.0,0.64
491,car,16.0,0.64
570,car,16.0,0.64
866,car,16.0,0.64
222,person,16.0,0.64
810,car,16.0,0.64
866,car,16.0,0.64
866,car,16.0,0.64
866,car,16.0,0.64
866,car,16.0,0.64
866,car,16.0,0.64
866,car,16.0,0.64
609,car,16.0,0.64
609,car,16.0,0.64
609,car,16.0,0.64
609,car,16.0,0.64
609,car,16.0,0.64
632,car,16.0,0.64
714,car,16.0,0.64
609,car,16.0,0.64
73,car,16.0,0.64
866,car,16.0,0.64
609,car,16.0,0.64
609,car,16.0,0.64
609,car,16.0,0.64
609,car,16.0,0.64
609,car,16.0,0.64
609,car,16.0,0.64
866,car,16.0,0.64
866,car,16.0,0.64
866,car,16.0,0.64
866,car,16.0,0.64
866,car,16.0,0.64
866,car,16.0,0.64
570,car,16.0,0.64
570,car,16.0,0.64
609,car,16.0,0.64
609,car,16.0,0.64
609,car,16.0,0.64
866,car,16.0,0.64
866,car,16.0,0.64
866,car,16.0,0.64
866,car,16.0,0.64
866,car,16.0,0.64
866,car,16.0,0.64
866,car,16.0,0.64
866,car,16.0,0.64
609,car,16.0,0.64
609,car,16.0,0.64
609,car,16.0,0.64
609,car,16.0,0.64
609,car,16.0,0.64
866,car,16.0,0.64
866,car,16.0,0.64
866,car,16.0,0.64
866,car,16.0,0.64
866,car,16.0,0.64
866,car,16.0,0.64
866,car,16.0,0.64
866,car,16.0,0.64
609,car,16.0,0.64
941,car,16.0,0.64
609,car,16.0,0.64
1010,car,16.0,0.64
252,bicycle,16.0,0.64
968,car,16.0,0.64
2,car,16.0,0.64
353,car,16.0,0.64
551,car,16.0,0.64
833,car,16.0,0.64
2,car,16.0,0.64
2,car,16.0,0.64
609,car,16.0,0.64
609,car,16.0,0.64
609,car,16.0,0.64
359,car,16.0,0.64
866,car,16.0,0.64
866,car,16.0,0.64
105,car,16.0,0.64
866,car,16.0,0.64
866,car,16.0,0.64
866,car,16.0,0.64
818,car,16.0,0.64
826,car,16.0,0.64
609,car,16.0,0.64
609,car,16.0,0.64
866,car,16.0,0.64
866,car,16.0,0.64
866,car,16.0,0.64
866,car,16.0,0.64
866,car,16.0,0.64
866,car,16.0,0.64
866,car,16.0,0.64
866,car,16.0,0.64
866,car,16.0,0.64
866,car,16.0,0.64
866,car,16.0,0.64
866,car,16.0,0.64
866,car,16.0,0.64
866,car,16.0,0.64
866,car,16.0,0.64
866,car,16.0,0.64
866,car,16.0,0.64
866,car,16.0,0.64
866,car,16.0,0.64
866,car,16.0,0.64
866,car,16.0,0.64
866,car,16.0,0.64
866,car,16.0,0.64
866,car,16.0,0.64
866,car,16.0,0.64
609,car,16.0,0.64
866,car,16.0,0.64
866,car,16.0,0.64
866,car,16.0,0.64
866,car,16.0,0.64
968,car,16.0,0.64
456,car,16.0,0.64
866,car,16.0,0.64
866,car,16.0,0.64
866,car,16.0,0.64
866,car,16.0,0.64
866,car,16.0,0.64
866,car,16.0,0.64
2,car,15.0,0.6
833,car,15.0,0.6
842,car,15.0,0.6
844,car,15.0,0.6
551,car,15.0,0.6
1116,car,15.0,0.6
1111,car,15.0,0.6
1111,car,15.0,0.6
372,car,15.0,0.6
866,car,15.0,0.6
866,car,15.0,0.6
866,car,15.0,0.6
866,car,15.0,0.6
853,car,15.0,0.6
853,car,15.0,0.6
821,car,15.0,0.6
833,car,15.0,0.6
866,car,15.0,0.6
866,car,15.0,0.6
866,car,15.0,0.6
866,car,15.0,0.6
866,car,15.0,0.6
866,car,15.0,0.6
866,car,15.0,0.6
866,car,15.0,0.6
866,car,15.0,0.6
859,car,15.0,0.6
819,car,15.0,0.6
142,car,15.0,0.6
821,car,15.0,0.6
821,car,15.0,0.6
94,car,15.0,0.6
865,car,15.0,0.6
609,car,15.0,0.6
737,car,15.0,0.6
624,car,15.0,0.6
253,person,15.0,0.6
630,car,15.0,0.6
630,car,15.0,0.6
411,car,15.0,0.6
747,car,15.0,0.6
634,car,15.0,0.6
222,person,15.0,0.6
633,car,15.0,0.6
634,car,15.0,0.6
609,car,15.0,0.6
609,car,15.0,0.6
609,car,15.0,0.6
609,car,15.0,0.6
689,car,15.0,0.6
647,car,15.0,0.6
689,car,15.0,0.6
634,car,15.0,0.6
642,car,15.0,0.6
717,car,15.0,0.6
609,car,15.0,0.6
634,car,15.0,0.6
686,car,15.0,0.6
686,car,15.0,0.6
373,car,15.0,0.6
363,car,15.0,0.6
1010,car,15.0,0.6
1010,car,15.0,0.6
1010,car,15.0,0.6
2,car,15.0,0.6
609,car,15.0,0.6
609,car,15.0,0.6
609,car,15.0,0.6
609,car,15.0,0.6
2,car,15.0,0.6
752,car,15.0,0.6
752,car,15.0,0.6
752,car,15.0,0.6
609,car,15.0,0.6
609,car,15.0,0.6
609,car,15.0,0.6
609,car,15.0,0.6
609,car,15.0,0.6
609,car,15.0,0.6
609,car,15.0,0.6
609,car,15.0,0.6
2,car,15.0,0.6
2,car,15.0,0.6
2,car,15.0,0.6
417,car,15.0,0.6
224,person,15.0,0.6
746,car,15.0,0.6
609,car,15.0,0.6
609,car,15.0,0.6
609,car,15.0,0.6
609,car,15.0,0.6
609,car,15.0,0.6
609,car,15.0,0.6
609,car,15.0,0.6
747,car,15.0,0.6
739,car,15.0,0.6
2,car,15.0,0.6
752,car,15.0,0.6
752,car,15.0,0.6
752,car,15.0,0.6
761,truck,15.0,0.6
761,truck,15.0,0.6
761,truck,15.0,0.6
761,truck,15.0,0.6
761,truck,15.0,0.6
752,car,15.0,0.6
752,car,15.0,0.6
752,car,15.0,0.6
752,car,15.0,0.6
752,car,15.0,0.6
255,person,15.0,0.6
218,person,15.0,0.6
752,car,15.0,0.6
686,car,15.0,0.6
686,car,15.0,0.6
307,bicycle,15.0,0.6
752,car,15.0,0.6
752,car,15.0,0.6
752,car,15.0,0.6
752,car,15.0,0.6
752,car,15.0,0.6
752,car,15.0,0.6
752,car,15.0,0.6
752,car,15.0,0.6
752,car,15.0,0.6
752,car,15.0,0.6
36,person,15.0,0.6
401,car,15.0,0.6
400,car,15.0,0.6
286,bicycle,15.0,0.6
455,car,15.0,0.6
759,traffic light,15.0,0.6
217,traffic light,15.0,0.6
217,traffic light,15.0,0.6
609,car,15.0,0.6
73,truck,15.0,0.6
218,person,15.0,0.6
392,car,15.0,0.6
392,car,15.0,0.6
615,car,15.0,0.6
609,car,15.0,0.6
609,car,15.0,0.6
609,car,15.0,0.6
609,car,15.0,0.6
609,car,15.0,0.6
59,car,15.0,0.6
447,car,15.0,0.6
445,car,15.0,0.6
286,bicycle,15.0,0.6
286,bicycle,15.0,0.6
286,bicycle,15.0,0.6
217,traffic light,15.0,0.6
217,traffic light,15.0,0.6
761,truck,15.0,0.6
761,truck,15.0,0.6
761,truck,15.0,0.6
761,truck,15.0,0.6
761,truck,15.0,0.6
761,truck,15.0,0.6
761,truck,15.0,0.6
761,truck,15.0,0.6
777,car,15.0,0.6
777,car,15.0,0.6
776,car,15.0,0.6
776,car,15.0,0.6
585,car,15.0,0.6
481,car,15.0,0.6
586,car,15.0,0.6
781,car,15.0,0.6
383,car,15.0,0.6
777,car,15.0,0.6
777,car,15.0,0.6
781,car,15.0,0.6
783,car,15.0,0.6
792,car,15.0,0.6
787,car,15.0,0.6
585,car,15.0,0.6
188,car,15.0,0.6
188,car,15.0,0.6
219,person,15.0,0.6
219,person,15.0,0.6
759,traffic light,15.0,0.6
193,car,15.0,0.6
289,bicycle,15.0,0.6
200,car,15.0,0.6
218,person,15.0,0.6
761,truck,15.0,0.6
461,car,15.0,0.6
622,car,15.0,0.6
761,truck,15.0,0.6
196,car,15.0,0.6
196,car,15.0,0.6
193,car,15.0,0.6
866,car,15.0,0.6
866,car,15.0,0.6
866,car,15.0,0.6
866,car,15.0,0.6
866,car,15.0,0.6
866,car,15.0,0.6
866,car,15.0,0.6
866,car,15.0,0.6
377,car,15.0,0.6
866,car,15.0,0.6
570,car,15.0,0.6
810,car,15.0,0.6
534,car,15.0,0.6
866,car,15.0,0.6
866,car,15.0,0.6
866,car,15.0,0.6
73,truck,15.0,0.6
76,car,15.0,0.6
866,car,15.0,0.6
866,car,15.0,0.6
526,car,15.0,0.6
866,car,15.0,0.6
866,car,15.0,0.6
352,car,15.0,0.6
777,car,15.0,0.6
185,car,15.0,0.6
793,car,15.0,0.6
144,car,15.0,0.6
152,car,15.0,0.6
810,car,15.0,0.6
810,car,15.0,0.6
261,person,15.0,0.6
2,car,15.0,0.6
2,car,15.0,0.6
2,car,15.0,0.6
2,car,15.0,0.6
2,car,15.0,0.6
2,car,15.0,0.6
2,car,15.0,0.6
2,car,15.0,0.6
2,car,15.0,0.6
2,car,15.0,0.6
2,car,15.0,0.6
2,car,15.0,0.6
2,car,15.0,0.6
2,car,15.0,0.6
2,car,15.0,0.6
2,car,15.0,0.6
1116,car,15.0,0.6
1116,car,15.0,0.6
2,car,15.0,0.6
2,car,15.0,0.6
2,car,15.0,0.6
2,car,15.0,0.6
2,car,15.0,0.6
2,car,15.0,0.6
2,car,15.0,0.6
2,car,15.0,0.6
2,car,15.0,0.6
2,car,15.0,0.6
2,car,15.0,0.6
843,car,15.0,0.6
117,car,15.0,0.6
1116,car,15.0,0.6
2,car,15.0,0.6
2,car,15.0,0.6
2,car,15.0,0.6
2,car,15.0,0.6
2,car,15.0,0.6
2,car,15.0,0.6
2,car,15.0,0.6
609,car,15.0,0.6
2,car,15.0,0.6
2,car,15.0,0.6
2,car,15.0,0.6
2,car,15.0,0.6
2,car,15.0,0.6
2,car,15.0,0.6
2,car,15.0,0.6
2,car,15.0,0.6
2,car,15.0,0.6
2,car,15.0,0.6
2,car,15.0,0.6
2,car,15.0,0.6
2,car,15.0,0.6
2,car,15.0,0.6
2,car,15.0,0.6
2,car,15.0,0.6
2,car,15.0,0.6
2,car,15.0,0.6
2,car,15.0,0.6
2,car,15.0,0.6
2,car,15.0,0.6
2,car,15.0,0.6
2,car,15.0,0.6
2,car,15.0,0.6
2,car,14.000000000000002,0.56
2,car,14.000000000000002,0.56
2,car,14.000000000000002,0.56
2,car,14.000000000000002,0.56
2,car,14.000000000000002,0.56
2,car,14.000000000000002,0.56
366,car,14.000000000000002,0.56
551,car,14.000000000000002,0.56
844,car,14.000000000000002,0.56
844,car,14.000000000000002,0.56
545,car,14.000000000000002,0.56
549,person,14.000000000000002,0.56
843,car,14.000000000000002,0.56
565,car,14.000000000000002,0.56
833,car,14.000000000000002,0.56
125,car,14.000000000000002,0.56
2,car,14.000000000000002,0.56
2,car,14.000000000000002,0.56
375,car,14.000000000000002,0.56
647,truck,14.000000000000002,0.56
686,car,14.000000000000002,0.56
1116,car,14.000000000000002,0.56
1116,car,14.000000000000002,0.56
2,car,14.000000000000002,0.56
609,car,14.000000000000002,0.56
609,car,14.000000000000002,0.56
235,person,14.000000000000002,0.56
1116,car,14.000000000000002,0.56
1116,car,14.000000000000002,0.56
609,car,14.000000000000002,0.56
609,car,14.000000000000002,0.56
609,car,14.000000000000002,0.56
609,car,14.000000000000002,0.56
609,car,14.000000000000002,0.56
609,car,14.000000000000002,0.56
609,car,14.000000000000002,0.56
609,car,14.000000000000002,0.56
857,car,14.000000000000002,0.56
826,car,14.000000000000002,0.56
128,car,14.000000000000002,0.56
857,car,14.000000000000002,0.56
828,car,14.000000000000002,0.56
826,car,14.000000000000002,0.56
98,car,14.000000000000002,0.56
261,person,14.000000000000002,0.56
564,car,14.000000000000002,0.56
609,car,14.000000000000002,0.56
609,car,14.000000000000002,0.56
609,car,14.000000000000002,0.56
609,car,14.000000000000002,0.56
379,car,14.000000000000002,0.56
609,car,14.000000000000002,0.56
609,car,14.000000000000002,0.56
609,car,14.000000000000002,0.56
609,car,14.000000000000002,0.56
609,car,14.000000000000002,0.56
609,car,14.000000000000002,0.56
700,car,14.000000000000002,0.56
700,car,14.000000000000002,0.56
693,car,14.000000000000002,0.56
695,car,14.000000000000002,0.56
701,car,14.000000000000002,0.56
222,person,14.000000000000002,0.56
821,car,14.000000000000002,0.56
821,car,14.000000000000002,0.56
821,car,14.000000000000002,0.56
261,person,14.000000000000002,0.56
821,car,14.000000000000002,0.56
135,car,14.000000000000002,0.56
865,car,14.000000000000002,0.56
865,car,14.000000000000002,0.56
526,car,14.000000000000002,0.56
520,traffic light,14.000000000000002,0.56
526,car,14.000000000000002,0.56
861,car,14.000000000000002,0.56
96,car,14.000000000000002,0.56
609,car,14.000000000000002,0.56
609,car,14.000000000000002,0.56
609,car,14.000000000000002,0.56
705,car,14.000000000000002,0.56
609,car,14.000000000000002,0.56
609,car,14.000000000000002,0.56
609,car,14.000000000000002,0.56
609,car,14.000000000000002,0.56
1111,car,14.000000000000002,0.56
1111,car,14.000000000000002,0.56
379,car,14.000000000000002,0.56
609,car,14.000000000000002,0.56
609,car,14.000000000000002,0.56
609,car,14.000000000000002,0.56
392,car,14.000000000000002,0.56
1111,car,14.000000000000002,0.56
707,car,14.000000000000002,0.56
609,car,14.000000000000002,0.56
609,car,14.000000000000002,0.56
609,car,14.000000000000002,0.56
609,car,14.000000000000002,0.56
566,car,14.000000000000002,0.56
135,car,14.000000000000002,0.56
570,car,14.000000000000002,0.56
261,person,14.000000000000002,0.56
570,car,14.000000000000002,0.56
144,car,14.000000000000002,0.56
810,car,14.000000000000002,0.56
820,car,14.000000000000002,0.56
810,car,14.000000000000002,0.56
819,car,14.000000000000002,0.56
2,car,14.000000000000002,0.56
2,car,14.000000000000002,0.56
2,car,14.000000000000002,0.56
2,car,14.000000000000002,0.56
2,car,14.000000000000002,0.56
307,bicycle,14.000000000000002,0.56
392,car,14.000000000000002,0.56
2,car,14.000000000000002,0.56
2,car,14.000000000000002,0.56
2,car,14.000000000000002,0.56
609,car,14.000000000000002,0.56
609,car,14.000000000000002,0.56
609,car,14.000000000000002,0.56
609,car,14.000000000000002,0.56
810,car,14.000000000000002,0.56
810,car,14.000000000000002,0.56
491,car,14.000000000000002,0.56
275,bicycle,14.000000000000002,0.56
275,bicycle,14.000000000000002,0.56
257,person,14.000000000000002,0.56
790,car,14.000000000000002,0.56
586,car,14.000000000000002,0.56
586,car,14.000000000000002,0.56
787,car,14.000000000000002,0.56
792,car,14.000000000000002,0.56
792,car,14.000000000000002,0.56
492,car,14.000000000000002,0.56
483,car,14.000000000000002,0.56
782,car,14.000000000000002,0.56
782,car,14.000000000000002,0.56
168,car,14.000000000000002,0.56
172,car,14.000000000000002,0.56
585,car,14.000000000000002,0.56
1100,traffic light,14.000000000000002,0.56
609,car,14.000000000000002,0.56
609,car,14.000000000000002,0.56
609,car,14.000000000000002,0.56
609,car,14.000000000000002,0.56
609,car,14.000000000000002,0.56
609,car,14.000000000000002,0.56
609,car,14.000000000000002,0.56
609,car,14.000000000000002,0.56
609,car,14.000000000000002,0.56
609,car,14.000000000000002,0.56
384,truck,14.000000000000002,0.56
384,truck,14.000000000000002,0.56
384,truck,14.000000000000002,0.56
609,car,14.000000000000002,0.56
609,car,14.000000000000002,0.56
866,car,14.000000000000002,0.56
866,car,14.000000000000002,0.56
594,car,14.000000000000002,0.56
866,car,14.000000000000002,0.56
866,car,14.000000000000002,0.56
777,car,14.000000000000002,0.56
777,car,14.000000000000002,0.56
777,car,14.000000000000002,0.56
777,car,14.000000000000002,0.56
777,car,14.000000000000002,0.56
183,car,14.000000000000002,0.56
91,car,14.000000000000002,0.56
773,car,14.000000000000002,0.56
776,car,14.000000000000002,0.56
632,car,14.000000000000002,0.56
304,car,14.000000000000002,0.56
304,car,14.000000000000002,0.56
304,car,14.000000000000002,0.56
633,car,14.000000000000002,0.56
633,car,14.000000000000002,0.56
633,car,14.000000000000002,0.56
718,car,14.000000000000002,0.56
188,car,14.000000000000002,0.56
773,car,14.000000000000002,0.56
596,car,14.000000000000002,0.56
59,car,14.000000000000002,0.56
604,car,14.000000000000002,0.56
604,car,14.000000000000002,0.56
773,car,14.000000000000002,0.56
773,car,14.000000000000002,0.56
59,car,14.000000000000002,0.56
200,car,14.000000000000002,0.56
773,car,14.000000000000002,0.56
773,car,14.000000000000002,0.56
66,car,14.000000000000002,0.56
66,car,14.000000000000002,0.56
66,car,14.000000000000002,0.56
66,car,14.000000000000002,0.56
611,car,14.000000000000002,0.56
76,car,14.000000000000002,0.56
479,car,14.000000000000002,0.56
73,car,14.000000000000002,0.56
73,truck,14.000000000000002,0.56
759,traffic light,14.000000000000002,0.56
759,traffic light,14.000000000000002,0.56
759,traffic light,14.000000000000002,0.56
219,person,14.000000000000002,0.56
218,person,14.000000000000002,0.56
218,person,14.000000000000002,0.56
218,person,14.000000000000002,0.56
761,truck,14.000000000000002,0.56
218,person,14.000000000000002,0.56
761,truck,14.000000000000002,0.56
761,truck,14.000000000000002,0.56
609,car,14.000000000000002,0.56
609,car,14.000000000000002,0.56
609,car,14.000000000000002,0.56
609,car,14.000000000000002,0.56
731,car,14.000000000000002,0.56
731,car,14.000000000000002,0.56
720,car,14.000000000000002,0.56
1010,car,14.000000000000002,0.56
1010,car,14.000000000000002,0.56
722,car,14.000000000000002,0.56
720,car,14.000000000000002,0.56
630,car,14.000000000000002,0.56
630,car,14.000000000000002,0.56
2,car,14.000000000000002,0.56
2,car,14.000000000000002,0.56
761,truck,14.000000000000002,0.56
761,truck,14.000000000000002,0.56
761,truck,14.000000000000002,0.56
761,truck,14.000000000000002,0.56
761,truck,14.000000000000002,0.56
217,traffic light,14.000000000000002,0.56
2,car,14.000000000000002,0.56
2,car,14.000000000000002,0.56
2,car,14.000000000000002,0.56
759,traffic light,14.000000000000002,0.56
217,traffic light,14.000000000000002,0.56
613,car,14.000000000000002,0.56
36,person,14.000000000000002,0.56
613,car,14.000000000000002,0.56
613,car,14.000000000000002,0.56
615,car,14.000000000000002,0.56
1010,car,14.000000000000002,0.56
408,car,14.000000000000002,0.56
2,car,14.000000000000002,0.56
2,car,14.000000000000002,0.56
1010,car,14.000000000000002,0.56
1023,car,14.000000000000002,0.56
1023,car,14.000000000000002,0.56
609,car,14.000000000000002,0.56
609,car,14.000000000000002,0.56
737,car,14.000000000000002,0.56
1010,car,14.000000000000002,0.56
1010,car,14.000000000000002,0.56
1010,car,14.000000000000002,0.56
609,car,14.000000000000002,0.56
609,car,14.000000000000002,0.56
866,car,14.000000000000002,0.56
866,car,14.000000000000002,0.56
467,car,14.000000000000002,0.56
613,car,14.000000000000002,0.56
754,car,14.000000000000002,0.56
468,car,14.000000000000002,0.56
467,car,14.000000000000002,0.56
474,car,14.000000000000002,0.56
866,car,14.000000000000002,0.56
866,car,14.000000000000002,0.56
754,car,14.000000000000002,0.56
754,car,14.000000000000002,0.56
754,car,14.000000000000002,0.56
754,car,14.000000000000002,0.56
2,car,14.000000000000002,0.56
2,car,14.000000000000002,0.56
2,car,14.000000000000002,0.56
2,car,14.000000000000002,0.56
2,car,14.000000000000002,0.56
2,car,14.000000000000002,0.56
2,car,14.000000000000002,0.56
2,car,14.000000000000002,0.56
2,car,14.000000000000002,0.56
2,car,14.000000000000002,0.56
2,car,14.000000000000002,0.56
2,car,14.000000000000002,0.56
2,car,14.000000000000002,0.56
2,car,14.000000000000002,0.56
2,car,14.000000000000002,0.56
737,car,14.000000000000002,0.56
609,car,14.000000000000002,0.56
609,car,14.000000000000002,0.56
739,car,14.000000000000002,0.56
609,car,14.000000000000002,0.56
609,car,14.000000000000002,0.56
407,car,14.000000000000002,0.56
420,car,14.000000000000002,0.56
609,car,14.000000000000002,0.56
609,car,14.000000000000002,0.56
752,car,14.000000000000002,0.56
752,car,14.000000000000002,0.56
752,car,14.000000000000002,0.56
752,car,14.000000000000002,0.56
752,car,14.000000000000002,0.56
752,car,14.000000000000002,0.56
752,car,14.000000000000002,0.56
218,person,14.000000000000002,0.56
752,car,14.000000000000002,0.56
622,car,14.000000000000002,0.56
752,car,14.000000000000002,0.56
752,car,14.000000000000002,0.56
752,car,14.000000000000002,0.56
609,car,14.000000000000002,0.56
609,car,14.000000000000002,0.56
609,car,14.000000000000002,0.56
609,car,14.000000000000002,0.56
609,car,14.000000000000002,0.56
752,car,14.000000000000002,0.56
752,car,14.000000000000002,0.56
218,person,14.000000000000002,0.56
2,car,14.000000000000002,0.56
2,car,14.000000000000002,0.56
2,car,14.000000000000002,0.56
2,car,14.000000000000002,0.56
2,car,14.000000000000002,0.56
609,car,14.000000000000002,0.56
609,car,14.000000000000002,0.56
609,car,14.000000000000002,0.56
609,car,14.000000000000002,0.56
609,car,14.000000000000002,0.56
609,car,14.000000000000002,0.56
609,car,14.000000000000002,0.56
609,car,14.000000000000002,0.56
609,car,14.000000000000002,0.56
609,car,14.000000000000002,0.56
2,car,14.000000000000002,0.56
2,car,14.000000000000002,0.56
2,car,14.000000000000002,0.56
2,car,14.000000000000002,0.56
2,car,14.000000000000002,0.56
2,car,14.000000000000002,0.56
2,car,14.000000000000002,0.56
2,car,14.000000000000002,0.56
609,car,14.000000000000002,0.56
609,car,14.000000000000002,0.56
424,car,14.000000000000002,0.56
426,car,14.000000000000002,0.56
609,car,14.000000000000002,0.56
609,car,14.000000000000002,0.56
609,car,14.000000000000002,0.56
609,car,14.000000000000002,0.56
746,car,14.000000000000002,0.56
609,car,14.000000000000002,0.56
609,car,14.000000000000002,0.56
609,car,14.000000000000002,0.56
746,car,14.000000000000002,0.56
609,car,14.000000000000002,0.56
609,car,14.000000000000002,0.56
609,car,14.000000000000002,0.56
2,car,14.000000000000002,0.56
2,car,14.000000000000002,0.56
609,car,14.000000000000002,0.56
609,car,14.000000000000002,0.56
609,car,14.000000000000002,0.56
2,car,14.000000000000002,0.56
2,car,14.000000000000002,0.56
2,car,14.000000000000002,0.56
2,car,14.000000000000002,0.56
2,car,14.000000000000002,0.56
2,car,14.000000000000002,0.56
2,car,14.000000000000002,0.56
746,car,14.000000000000002,0.56
2,car,14.000000000000002,0.56
2,car,14.000000000000002,0.56
746,car,14.000000000000002,0.56
609,car,14.000000000000002,0.56
609,car,14.000000000000002,0.56
609,car,14.000000000000002,0.56
609,car,14.000000000000002,0.56
609,car,14.000000000000002,0.56
426,car,14.000000000000002,0.56
968,car,14.000000000000002,0.56
748,car,14.000000000000002,0.56
609,car,14.000000000000002,0.56
609,car,14.000000000000002,0.56
609,car,14.000000000000002,0.56
609,car,14.000000000000002,0.56
752,car,14.000000000000002,0.56
761,truck,14.000000000000002,0.56
752,car,14.000000000000002,0.56
752,car,14.000000000000002,0.56
752,car,14.000000000000002,0.56
752,car,14.000000000000002,0.56
465,car,14.000000000000002,0.56
461,car,14.000000000000002,0.56
283,person,14.000000000000002,0.56
615,car,14.000000000000002,0.56
761,truck,14.000000000000002,0.56
761,truck,14.000000000000002,0.56
460,car,14.000000000000002,0.56
459,truck,14.000000000000002,0.56
761,truck,14.000000000000002,0.56
761,truck,14.000000000000002,0.56
761,truck,14.000000000000002,0.56
761,truck,14.000000000000002,0.56
2,car,14.000000000000002,0.56
2,car,14.000000000000002,0.56
2,car,14.000000000000002,0.56
2,car,14.000000000000002,0.56
2,car,14.000000000000002,0.56
2,car,14.000000000000002,0.56
2,car,14.000000000000002,0.56
2,car,14.000000000000002,0.56
2,car,14.000000000000002,0.56
2,car,14.000000000000002,0.56
2,car,14.000000000000002,0.56
2,car,14.000000000000002,0.56
2,car,14.000000000000002,0.56
609,car,14.000000000000002,0.56
609,car,14.000000000000002,0.56
2,car,14.000000000000002,0.56
2,car,14.000000000000002,0.56
2,car,14.000000000000002,0.56
2,car,14.000000000000002,0.56
2,car,14.000000000000002,0.56
2,car,14.000000000000002,0.56
761,truck,14.000000000000002,0.56
761,truck,14.000000000000002,0.56
761,truck,14.000000000000002,0.56
761,truck,14.000000000000002,0.56
624,car,14.000000000000002,0.56
218,person,14.000000000000002,0.56
624,car,14.000000000000002,0.56
752,car,14.000000000000002,0.56
237,bicycle,14.000000000000002,0.56
752,car,14.000000000000002,0.56
753,car,14.000000000000002,0.56
445,car,14.000000000000002,0.56
754,car,14.000000000000002,0.56
255,person,14.000000000000002,0.56
249,person,14.000000000000002,0.56
249,person,14.000000000000002,0.56
752,car,14.000000000000002,0.56
752,car,14.000000000000002,0.56
752,car,14.000000000000002,0.56
752,car,14.000000000000002,0.56
752,car,14.000000000000002,0.56
752,car,14.000000000000002,0.56
752,car,14.000000000000002,0.56
752,car,14.000000000000002,0.56
752,car,14.000000000000002,0.56
754,car,14.000000000000002,0.56
752,car,14.000000000000002,0.56
754,car,14.000000000000002,0.56
752,car,14.000000000000002,0.56
754,car,14.000000000000002,0.56
752,car,14.000000000000002,0.56
754,car,14.000000000000002,0.56
752,car,14.000000000000002,0.56
754,car,14.000000000000002,0.56
752,car,14.000000000000002,0.56
752,car,14.000000000000002,0.56
752,car,14.000000000000002,0.56
752,car,14.000000000000002,0.56
754,car,14.000000000000002,0.56
752,car,14.000000000000002,0.56
752,car,14.000000000000002,0.56
752,car,14.000000000000002,0.56
752,car,14.000000000000002,0.56
752,car,14.000000000000002,0.56
752,car,14.000000000000002,0.56
752,car,14.000000000000002,0.56
255,person,14.000000000000002,0.56
752,car,14.000000000000002,0.56
2,car,14.000000000000002,0.56
649,traffic light,14.000000000000002,0.56
649,traffic light,14.000000000000002,0.56
119,car,14.000000000000002,0.56
116,car,14.000000000000002,0.56
545,car,14.000000000000002,0.56
609,car,14.000000000000002,0.56
609,car,14.000000000000002,0.56
609,car,14.000000000000002,0.56
609,car,14.000000000000002,0.56
609,car,14.000000000000002,0.56
609,car,14.000000000000002,0.56
365,car,14.000000000000002,0.56
609,car,14.000000000000002,0.56
609,car,14.000000000000002,0.56
359,car,14.000000000000002,0.56
367,car,13.0,0.52
2,car,13.0,0.52
2,car,13.0,0.52
2,car,13.0,0.52
2,car,13.0,0.52
2,car,13.0,0.52
2,car,13.0,0.52
2,car,13.0,0.52
2,car,13.0,0.52
2,car,13.0,0.52
609,car,13.0,0.52
353,car,13.0,0.52
375,car,13.0,0.52
375,car,13.0,0.52
375,car,13.0,0.52
352,car,13.0,0.52
377,car,13.0,0.52
647,truck,13.0,0.52
560,car,13.0,0.52
558,car,13.0,0.52
558,car,13.0,0.52
125,car,13.0,0.52
560,car,13.0,0.52
352,car,13.0,0.52
353,car,13.0,0.52
1116,car,13.0,0.52
1116,car,13.0,0.52
1116,car,13.0,0.52
857,car,13.0,0.52
857,car,13.0,0.52
98,car,13.0,0.52
98,car,13.0,0.52
98,car,13.0,0.52
859,car,13.0,0.52
859,car,13.0,0.52
128,car,13.0,0.52
565,car,13.0,0.52
134,car,13.0,0.52
134,car,13.0,0.52
826,car,13.0,0.52
826,car,13.0,0.52
565,car,13.0,0.52
841,car,13.0,0.52
98,car,13.0,0.52
761,truck,13.0,0.52
761,truck,13.0,0.52
761,truck,13.0,0.52
761,truck,13.0,0.52
761,truck,13.0,0.52
761,truck,13.0,0.52
761,truck,13.0,0.52
753,car,13.0,0.52
445,car,13.0,0.52
286,bicycle,13.0,0.52
446,car,13.0,0.52
249,person,13.0,0.52
761,truck,13.0,0.52
761,truck,13.0,0.52
761,truck,13.0,0.52
761,truck,13.0,0.52
754,car,13.0,0.52
754,car,13.0,0.52
447,car,13.0,0.52
237,bicycle,13.0,0.52
255,person,13.0,0.52
255,person,13.0,0.52
249,person,13.0,0.52
446,car,13.0,0.52
649,traffic light,13.0,0.52
1116,car,13.0,0.52
1116,car,13.0,0.52
366,car,13.0,0.52
752,car,13.0,0.52
754,car,13.0,0.52
754,car,13.0,0.52
754,car,13.0,0.52
752,car,13.0,0.52
752,car,13.0,0.52
752,car,13.0,0.52
761,truck,13.0,0.52
761,truck,13.0,0.52
761,truck,13.0,0.52
761,truck,13.0,0.52
761,truck,13.0,0.52
752,car,13.0,0.52
752,car,13.0,0.52
752,car,13.0,0.52
752,car,13.0,0.52
754,car,13.0,0.52
752,car,13.0,0.52
754,car,13.0,0.52
752,car,13.0,0.52
224,person,13.0,0.52
754,car,13.0,0.52
753,car,13.0,0.52
609,car,13.0,0.52
753,car,13.0,0.52
752,car,13.0,0.52
224,person,13.0,0.52
752,car,13.0,0.52
753,car,13.0,0.52
753,car,13.0,0.52
753,car,13.0,0.52
753,car,13.0,0.52
224,person,13.0,0.52
224,person,13.0,0.52
753,car,13.0,0.52
753,car,13.0,0.52
609,car,13.0,0.52
609,car,13.0,0.52
443,car,13.0,0.52
753,car,13.0,0.52
753,car,13.0,0.52
753,car,13.0,0.52
753,car,13.0,0.52
218,person,13.0,0.52
761,truck,13.0,0.52
761,truck,13.0,0.52
761,truck,13.0,0.52
761,truck,13.0,0.52
2,car,13.0,0.52
2,car,13.0,0.52
609,car,13.0,0.52
609,car,13.0,0.52
761,truck,13.0,0.52
624,car,13.0,0.52
624,car,13.0,0.52
624,car,13.0,0.52
624,car,13.0,0.52
761,truck,13.0,0.52
455,car,13.0,0.52
455,car,13.0,0.52
761,truck,13.0,0.52
761,truck,13.0,0.52
761,truck,13.0,0.52
761,truck,13.0,0.52
761,truck,13.0,0.52
761,truck,13.0,0.52
761,truck,13.0,0.52
761,truck,13.0,0.52
746,car,13.0,0.52
746,car,13.0,0.52
746,car,13.0,0.52
746,car,13.0,0.52
746,car,13.0,0.52
941,car,13.0,0.52
2,car,13.0,0.52
426,car,13.0,0.52
609,car,13.0,0.52
609,car,13.0,0.52
609,car,13.0,0.52
609,car,13.0,0.52
746,car,13.0,0.52
291,bus,13.0,0.52
746,car,13.0,0.52
746,car,13.0,0.52
459,car,13.0,0.52
459,truck,13.0,0.52
624,car,13.0,0.52
624,car,13.0,0.52
218,person,13.0,0.52
955,car,13.0,0.52
609,car,13.0,0.52
609,car,13.0,0.52
624,car,13.0,0.52
624,car,13.0,0.52
624,car,13.0,0.52
465,car,13.0,0.52
459,truck,13.0,0.52
465,truck,13.0,0.52
465,car,13.0,0.52
283,person,13.0,0.52
609,car,13.0,0.52
609,car,13.0,0.52
609,car,13.0,0.52
419,car,13.0,0.52
218,person,13.0,0.52
218,person,13.0,0.52
622,car,13.0,0.52
622,car,13.0,0.52
866,car,13.0,0.52
752,car,13.0,0.52
752,car,13.0,0.52
752,car,13.0,0.52
752,car,13.0,0.52
609,car,13.0,0.52
609,car,13.0,0.52
609,car,13.0,0.52
423,car,13.0,0.52
424,car,13.0,0.52
609,car,13.0,0.52
609,car,13.0,0.52
468,car,13.0,0.52
467,car,13.0,0.52
467,car,13.0,0.52
866,car,13.0,0.52
426,car,13.0,0.52
747,car,13.0,0.52
609,car,13.0,0.52
609,car,13.0,0.52
747,car,13.0,0.52
748,car,13.0,0.52
746,car,13.0,0.52
609,car,13.0,0.52
1023,car,13.0,0.52
1010,car,13.0,0.52
1010,car,13.0,0.52
1010,car,13.0,0.52
731,car,13.0,0.52
609,car,13.0,0.52
609,car,13.0,0.52
754,car,13.0,0.52
609,car,13.0,0.52
609,car,13.0,0.52
609,car,13.0,0.52
609,car,13.0,0.52
1010,car,13.0,0.52
1010,car,13.0,0.52
1010,car,13.0,0.52
1010,car,13.0,0.52
2,car,13.0,0.52
468,car,13.0,0.52
468,car,13.0,0.52
866,car,13.0,0.52
866,car,13.0,0.52
467,car,13.0,0.52
609,car,13.0,0.52
609,car,13.0,0.52
622,car,13.0,0.52
622,car,13.0,0.52
752,car,13.0,0.52
752,car,13.0,0.52
622,car,13.0,0.52
752,car,13.0,0.52
752,car,13.0,0.52
752,car,13.0,0.52
737,car,13.0,0.52
737,car,13.0,0.52
737,car,13.0,0.52
239,person,13.0,0.52
239,person,13.0,0.52
609,car,13.0,0.52
609,car,13.0,0.52
609,car,13.0,0.52
729,car,13.0,0.52
729,car,13.0,0.52
407,car,13.0,0.52
1029,car,13.0,0.52
1029,car,13.0,0.52
1029,car,13.0,0.52
1029,car,13.0,0.52
1029,car,13.0,0.52
2,car,13.0,0.52
2,car,13.0,0.52
2,car,13.0,0.52
2,car,13.0,0.52
2,car,13.0,0.52
633,car,13.0,0.52
720,car,13.0,0.52
731,car,13.0,0.52
615,car,13.0,0.52
615,car,13.0,0.52
615,car,13.0,0.52
615,car,13.0,0.52
759,traffic light,13.0,0.52
217,traffic light,13.0,0.52
217,traffic light,13.0,0.52
2,car,13.0,0.52
73,truck,13.0,0.52
73,truck,13.0,0.52
73,truck,13.0,0.52
611,car,13.0,0.52
188,car,13.0,0.52
773,car,13.0,0.52
773,car,13.0,0.52
773,car,13.0,0.52
196,car,13.0,0.52
604,car,13.0,0.52
773,car,13.0,0.52
483,car,13.0,0.52
76,car,13.0,0.52
73,car,13.0,0.52
76,car,13.0,0.52
73,truck,13.0,0.52
73,truck,13.0,0.52
59,car,13.0,0.52
59,car,13.0,0.52
66,car,13.0,0.52
59,car,13.0,0.52
200,car,13.0,0.52
773,car,13.0,0.52
773,car,13.0,0.52
761,truck,13.0,0.52
613,car,13.0,0.52
613,car,13.0,0.52
613,car,13.0,0.52
759,traffic light,13.0,0.52
73,truck,13.0,0.52
73,truck,13.0,0.52
480,car,13.0,0.52
773,car,13.0,0.52
776,car,13.0,0.52
776,car,13.0,0.52
777,car,13.0,0.52
777,car,13.0,0.52
777,car,13.0,0.52
594,car,13.0,0.52
483,car,13.0,0.52
630,car,13.0,0.52
717,car,13.0,0.52
720,car,13.0,0.52
720,car,13.0,0.52
632,car,13.0,0.52
720,car,13.0,0.52
720,car,13.0,0.52
720,car,13.0,0.52
609,car,13.0,0.52
609,car,13.0,0.52
634,car,13.0,0.52
634,car,13.0,0.52
634,car,13.0,0.52
609,car,13.0,0.52
609,car,13.0,0.52
633,car,13.0,0.52
2,car,13.0,0.52
2,car,13.0,0.52
2,car,13.0,0.52
307,bicycle,13.0,0.52
217,traffic light,13.0,0.52
2,car,13.0,0.52
633,car,13.0,0.52
634,car,13.0,0.52
2,car,13.0,0.52
2,car,13.0,0.52
596,car,13.0,0.52
594,car,13.0,0.52
594,car,13.0,0.52
781,car,13.0,0.52
781,car,13.0,0.52
778,car,13.0,0.52
609,car,13.0,0.52
609,car,13.0,0.52
2,car,13.0,0.52
2,car,13.0,0.52
2,car,13.0,0.52
2,car,13.0,0.52
2,car,13.0,0.52
2,car,13.0,0.52
594,car,13.0,0.52
781,car,13.0,0.52
2,car,13.0,0.52
2,car,13.0,0.52
384,truck,13.0,0.52
609,car,13.0,0.52
609,car,13.0,0.52
609,car,13.0,0.52
866,car,13.0,0.52
866,car,13.0,0.52
866,car,13.0,0.52
866,car,13.0,0.52
94,car,13.0,0.52
866,car,13.0,0.52
594,car,13.0,0.52
594,car,13.0,0.52
150,car,13.0,0.52
790,car,13.0,0.52
150,car,13.0,0.52
150,car,13.0,0.52
790,car,13.0,0.52
491,car,13.0,0.52
96,car,13.0,0.52
810,car,13.0,0.52
586,car,13.0,0.52
586,car,13.0,0.52
586,car,13.0,0.52
586,car,13.0,0.52
793,car,13.0,0.52
790,car,13.0,0.52
790,car,13.0,0.52
150,car,13.0,0.52
585,car,13.0,0.52
585,car,13.0,0.52
585,car,13.0,0.52
782,car,13.0,0.52
585,car,13.0,0.52
168,car,13.0,0.52
793,car,13.0,0.52
168,car,13.0,0.52
585,car,13.0,0.52
778,car,13.0,0.52
778,car,13.0,0.52
782,car,13.0,0.52
172,car,13.0,0.52
492,car,13.0,0.52
492,car,13.0,0.52
483,car,13.0,0.52
1100,traffic light,13.0,0.52
790,car,13.0,0.52
144,car,13.0,0.52
144,car,13.0,0.52
818,car,13.0,0.52
818,car,13.0,0.52
144,car,13.0,0.52
818,car,13.0,0.52
2,car,13.0,0.52
2,car,13.0,0.52
2,car,13.0,0.52
2,car,13.0,0.52
2,car,13.0,0.52
2,car,13.0,0.52
2,car,13.0,0.52
2,car,13.0,0.52
705,car,13.0,0.52
634,car,13.0,0.52
634,car,13.0,0.52
634,car,13.0,0.52
634,car,13.0,0.52
634,car,13.0,0.52
2,car,13.0,0.52
2,car,13.0,0.52
150,car,13.0,0.52
144,car,13.0,0.52
152,car,13.0,0.52
571,car,13.0,0.52
145,car,13.0,0.52
145,car,13.0,0.52
145,car,13.0,0.52
222,person,13.0,0.52
1111,car,13.0,0.52
1111,car,13.0,0.52
861,car,13.0,0.52
861,car,13.0,0.52
861,car,13.0,0.52
861,car,13.0,0.52
859,car,13.0,0.52
95,car,13.0,0.52
705,car,13.0,0.52
705,car,13.0,0.52
705,car,13.0,0.52
217,traffic light,13.0,0.52
217,traffic light,13.0,0.52
1111,car,13.0,0.52
1111,car,13.0,0.52
1111,car,13.0,0.52
142,car,13.0,0.52
818,car,13.0,0.52
566,car,13.0,0.52
566,car,13.0,0.52
566,car,13.0,0.52
566,car,13.0,0.52
566,car,13.0,0.52
642,car,13.0,0.52
819,car,13.0,0.52
818,car,13.0,0.52
818,car,13.0,0.52
144,car,13.0,0.52
818,car,13.0,0.52
818,car,13.0,0.52
566,car,13.0,0.52
142,car,13.0,0.52
642,car,13.0,0.52
642,car,13.0,0.52
705,car,13.0,0.52
705,car,13.0,0.52
124,car,13.0,0.52
828,car,13.0,0.52
828,car,13.0,0.52
828,car,13.0,0.52
646,car,13.0,0.52
701,car,13.0,0.52
1111,car,13.0,0.52
1111,car,13.0,0.52
1111,car,13.0,0.52
1111,car,13.0,0.52
1111,car,13.0,0.52
707,car,13.0,0.52
821,car,13.0,0.52
565,car,13.0,0.52
135,car,13.0,0.52
261,person,13.0,0.52
564,car,13.0,0.52
686,car,13.0,0.52
689,car,13.0,0.52
689,car,13.0,0.52
865,car,13.0,0.52
859,car,13.0,0.52
859,car,13.0,0.52
134,car,13.0,0.52
135,car,13.0,0.52
135,car,13.0,0.52
133,car,13.0,0.52
821,car,13.0,0.52
2,car,13.0,0.52
2,car,13.0,0.52
2,car,13.0,0.52
2,car,13.0,0.52
1116,car,13.0,0.52
1116,car,13.0,0.52
2,car,13.0,0.52
353,car,13.0,0.52
844,car,13.0,0.52
117,car,13.0,0.52
550,car,13.0,0.52
841,car,13.0,0.52
119,car,13.0,0.52
366,car,13.0,0.52
366,car,13.0,0.52
2,car,13.0,0.52
558,car,13.0,0.52
833,car,13.0,0.52
545,car,13.0,0.52
538,car,13.0,0.52
102,car,13.0,0.52
550,car,13.0,0.52
843,car,13.0,0.52
843,car,13.0,0.52
558,car,13.0,0.52
558,car,13.0,0.52
565,car,13.0,0.52
564,car,13.0,0.52
558,car,13.0,0.52
826,car,13.0,0.52
564,car,13.0,0.52
565,car,13.0,0.52
847,car,13.0,0.52
847,car,13.0,0.52
545,car,13.0,0.52
1116,car,13.0,0.52
1116,car,13.0,0.52
1116,car,13.0,0.52
1116,car,13.0,0.52
1116,car,13.0,0.52
841,car,13.0,0.52
841,car,13.0,0.52
119,car,13.0,0.52
119,car,13.0,0.52
116,car,13.0,0.52
841,car,13.0,0.52
847,car,13.0,0.52
847,car,13.0,0.52
671,car,13.0,0.52
671,car,13.0,0.52
119,car,13.0,0.52
119,car,13.0,0.52
119,car,13.0,0.52
841,car,13.0,0.52
841,car,13.0,0.52
843,car,13.0,0.52
352,car,13.0,0.52
371,car,13.0,0.52
371,car,13.0,0.52
371,car,13.0,0.52
371,car,13.0,0.52
609,car,13.0,0.52
609,car,13.0,0.52
609,car,13.0,0.52
1116,car,12.0,0.48
532,car,12.0,0.48
371,car,12.0,0.48
371,car,12.0,0.48
365,car,12.0,0.48
366,car,12.0,0.48
366,car,12.0,0.48
366,car,12.0,0.48
366,car,12.0,0.48
847,car,12.0,0.48
847,car,12.0,0.48
847,car,12.0,0.48
235,person,12.0,0.48
235,person,12.0,0.48
235,person,12.0,0.48
686,car,12.0,0.48
686,car,12.0,0.48
689,car,12.0,0.48
689,car,12.0,0.48
353,car,12.0,0.48
353,car,12.0,0.48
235,person,12.0,0.48
235,person,12.0,0.48
686,car,12.0,0.48
686,car,12.0,0.48
686,car,12.0,0.48
844,car,12.0,0.48
843,car,12.0,0.48
844,car,12.0,0.48
550,car,12.0,0.48
550,car,12.0,0.48
257,person,12.0,0.48
841,car,12.0,0.48
844,car,12.0,0.48
844,car,12.0,0.48
844,car,12.0,0.48
365,car,12.0,0.48
365,car,12.0,0.48
365,car,12.0,0.48
363,car,12.0,0.48
371,car,12.0,0.48
371,car,12.0,0.48
365,car,12.0,0.48
353,car,12.0,0.48
377,car,12.0,0.48
701,car,12.0,0.48
375,car,12.0,0.48
353,car,12.0,0.48
695,car,12.0,0.48
689,car,12.0,0.48
689,car,12.0,0.48
701,car,12.0,0.48
695,car,12.0,0.48
695,car,12.0,0.48
695,car,12.0,0.48
261,person,12.0,0.48
261,person,12.0,0.48
261,person,12.0,0.48
847,car,12.0,0.48
261,person,12.0,0.48
261,person,12.0,0.48
532,car,12.0,0.48
257,person,12.0,0.48
257,person,12.0,0.48
257,person,12.0,0.48
119,car,12.0,0.48
841,car,12.0,0.48
119,car,12.0,0.48
844,car,12.0,0.48
841,car,12.0,0.48
841,car,12.0,0.48
119,car,12.0,0.48
550,car,12.0,0.48
550,car,12.0,0.48
235,person,12.0,0.48
689,car,12.0,0.48
689,car,12.0,0.48
689,car,12.0,0.48
689,car,12.0,0.48
689,car,12.0,0.48
700,car,12.0,0.48
700,car,12.0,0.48
700,car,12.0,0.48
700,car,12.0,0.48
700,car,12.0,0.48
558,car,12.0,0.48
835,car,12.0,0.48
565,car,12.0,0.48
257,person,12.0,0.48
257,person,12.0,0.48
560,car,12.0,0.48
560,car,12.0,0.48
564,car,12.0,0.48
558,car,12.0,0.48
257,person,12.0,0.48
257,person,12.0,0.48
257,person,12.0,0.48
261,person,12.0,0.48
261,person,12.0,0.48
261,person,12.0,0.48
128,car,12.0,0.48
105,car,12.0,0.48
105,car,12.0,0.48
105,car,12.0,0.48
700,car,12.0,0.48
705,car,12.0,0.48
705,car,12.0,0.48
352,car,12.0,0.48
352,car,12.0,0.48
352,car,12.0,0.48
705,car,12.0,0.48
102,car,12.0,0.48
853,car,12.0,0.48
853,car,12.0,0.48
857,car,12.0,0.48
859,car,12.0,0.48
124,car,12.0,0.48
102,car,12.0,0.48
98,car,12.0,0.48
98,car,12.0,0.48
95,car,12.0,0.48
124,car,12.0,0.48
124,car,12.0,0.48
124,car,12.0,0.48
545,car,12.0,0.48
545,car,12.0,0.48
564,car,12.0,0.48
564,car,12.0,0.48
564,car,12.0,0.48
128,car,12.0,0.48
128,car,12.0,0.48
124,car,12.0,0.48
124,car,12.0,0.48
352,car,12.0,0.48
352,car,12.0,0.48
379,car,12.0,0.48
705,car,12.0,0.48
705,car,12.0,0.48
705,car,12.0,0.48
642,car,12.0,0.48
705,car,12.0,0.48
646,car,12.0,0.48
142,car,12.0,0.48
135,car,12.0,0.48
134,car,12.0,0.48
134,car,12.0,0.48
134,car,12.0,0.48
128,car,12.0,0.48
566,car,12.0,0.48
566,car,12.0,0.48
135,car,12.0,0.48
826,car,12.0,0.48
826,car,12.0,0.48
833,car,12.0,0.48
128,car,12.0,0.48
124,car,12.0,0.48
859,car,12.0,0.48
102,car,12.0,0.48
102,car,12.0,0.48
128,car,12.0,0.48
128,car,12.0,0.48
128,car,12.0,0.48
826,car,12.0,0.48
714,car,12.0,0.48
646,car,12.0,0.48
714,car,12.0,0.48
393,car,12.0,0.48
217,traffic light,12.0,0.48
714,car,12.0,0.48
714,car,12.0,0.48
392,car,12.0,0.48
393,car,12.0,0.48
393,car,12.0,0.48
1111,car,12.0,0.48
392,car,12.0,0.48
392,car,12.0,0.48
392,car,12.0,0.48
392,car,12.0,0.48
634,car,12.0,0.48
1100,traffic light,12.0,0.48
642,car,12.0,0.48
634,car,12.0,0.48
859,car,12.0,0.48
859,car,12.0,0.48
565,car,12.0,0.48
565,car,12.0,0.48
261,person,12.0,0.48
261,person,12.0,0.48
261,person,12.0,0.48
261,person,12.0,0.48
859,car,12.0,0.48
134,car,12.0,0.48
134,car,12.0,0.48
853,car,12.0,0.48
853,car,12.0,0.48
853,car,12.0,0.48
853,car,12.0,0.48
134,car,12.0,0.48
828,car,12.0,0.48
261,person,12.0,0.48
133,car,12.0,0.48
826,car,12.0,0.48
642,car,12.0,0.48
634,car,12.0,0.48
642,car,12.0,0.48
717,car,12.0,0.48
1100,traffic light,12.0,0.48
571,car,12.0,0.48
818,car,12.0,0.48
135,car,12.0,0.48
861,car,12.0,0.48
821,car,12.0,0.48
261,person,12.0,0.48
821,car,12.0,0.48
526,car,12.0,0.48
526,car,12.0,0.48
526,car,12.0,0.48
526,car,12.0,0.48
526,car,12.0,0.48
392,car,12.0,0.48
393,car,12.0,0.48
408,car,12.0,0.48
718,car,12.0,0.48
393,car,12.0,0.48
609,car,12.0,0.48
609,car,12.0,0.48
217,traffic light,12.0,0.48
717,car,12.0,0.48
609,car,12.0,0.48
633,car,12.0,0.48
634,car,12.0,0.48
1044,car,12.0,0.48
1044,car,12.0,0.48
634,car,12.0,0.48
1044,car,12.0,0.48
1029,car,12.0,0.48
1029,car,12.0,0.48
633,car,12.0,0.48
633,car,12.0,0.48
633,car,12.0,0.48
150,car,12.0,0.48
145,car,12.0,0.48
865,car,12.0,0.48
865,car,12.0,0.48
571,car,12.0,0.48
571,car,12.0,0.48
144,car,12.0,0.48
865,car,12.0,0.48
859,car,12.0,0.48
865,car,12.0,0.48
865,car,12.0,0.48
566,car,12.0,0.48
566,car,12.0,0.48
865,car,12.0,0.48
865,car,12.0,0.48
633,car,12.0,0.48
633,car,12.0,0.48
722,car,12.0,0.48
720,car,12.0,0.48
720,car,12.0,0.48
720,car,12.0,0.48
720,car,12.0,0.48
633,car,12.0,0.48
720,car,12.0,0.48
633,car,12.0,0.48
253,person,12.0,0.48
633,car,12.0,0.48
720,car,12.0,0.48
633,car,12.0,0.48
633,car,12.0,0.48
720,car,12.0,0.48
633,car,12.0,0.48
633,car,12.0,0.48
633,car,12.0,0.48
491,car,12.0,0.48
819,car,12.0,0.48
820,car,12.0,0.48
819,car,12.0,0.48
820,car,12.0,0.48
144,car,12.0,0.48
818,car,12.0,0.48
820,car,12.0,0.48
819,car,12.0,0.48
819,car,12.0,0.48
820,car,12.0,0.48
819,car,12.0,0.48
633,car,12.0,0.48
633,car,12.0,0.48
633,car,12.0,0.48
633,car,12.0,0.48
632,car,12.0,0.48
609,car,12.0,0.48
632,car,12.0,0.48
633,car,12.0,0.48
633,car,12.0,0.48
632,car,12.0,0.48
633,car,12.0,0.48
609,car,12.0,0.48
632,car,12.0,0.48
632,car,12.0,0.48
609,car,12.0,0.48
729,car,12.0,0.48
609,car,12.0,0.48
633,car,12.0,0.48
793,car,12.0,0.48
792,car,12.0,0.48
790,car,12.0,0.48
787,car,12.0,0.48
571,car,12.0,0.48
793,car,12.0,0.48
793,car,12.0,0.48
150,car,12.0,0.48
150,car,12.0,0.48
150,car,12.0,0.48
150,car,12.0,0.48
810,car,12.0,0.48
810,car,12.0,0.48
720,car,12.0,0.48
632,car,12.0,0.48
633,car,12.0,0.48
731,car,12.0,0.48
731,car,12.0,0.48
407,car,12.0,0.48
609,car,12.0,0.48
632,car,12.0,0.48
609,car,12.0,0.48
632,car,12.0,0.48
633,car,12.0,0.48
609,car,12.0,0.48
731,car,12.0,0.48
224,person,12.0,0.48
609,car,12.0,0.48
609,car,12.0,0.48
633,car,12.0,0.48
632,car,12.0,0.48
633,car,12.0,0.48
737,car,12.0,0.48
632,car,12.0,0.48
609,car,12.0,0.48
632,car,12.0,0.48
632,car,12.0,0.48
737,car,12.0,0.48
737,car,12.0,0.48
737,car,12.0,0.48
1029,car,12.0,0.48
609,car,12.0,0.48
632,car,12.0,0.48
408,car,12.0,0.48
402,car,12.0,0.48
150,car,12.0,0.48
790,car,12.0,0.48
865,car,12.0,0.48
96,car,12.0,0.48
793,car,12.0,0.48
793,car,12.0,0.48
793,car,12.0,0.48
790,car,12.0,0.48
790,car,12.0,0.48
420,car,12.0,0.48
1035,car,12.0,0.48
1029,car,12.0,0.48
632,car,12.0,0.48
609,car,12.0,0.48
632,car,12.0,0.48
609,car,12.0,0.48
609,car,12.0,0.48
222,person,12.0,0.48
222,person,12.0,0.48
222,person,12.0,0.48
253,person,12.0,0.48
632,car,12.0,0.48
782,car,12.0,0.48
778,car,12.0,0.48
778,car,12.0,0.48
782,car,12.0,0.48
782,car,12.0,0.48
781,car,12.0,0.48
782,car,12.0,0.48
792,car,12.0,0.48
792,car,12.0,0.48
782,car,12.0,0.48
778,car,12.0,0.48
778,car,12.0,0.48
492,car,12.0,0.48
793,car,12.0,0.48
793,car,12.0,0.48
792,car,12.0,0.48
585,car,12.0,0.48
787,car,12.0,0.48
630,car,12.0,0.48
239,person,12.0,0.48
609,car,12.0,0.48
609,car,12.0,0.48
222,person,12.0,0.48
222,person,12.0,0.48
737,car,12.0,0.48
609,car,12.0,0.48
609,car,12.0,0.48
609,car,12.0,0.48
222,person,12.0,0.48
609,car,12.0,0.48
222,person,12.0,0.48
609,car,12.0,0.48
739,car,12.0,0.48
609,car,12.0,0.48
609,car,12.0,0.48
609,car,12.0,0.48
609,car,12.0,0.48
609,car,12.0,0.48
594,car,12.0,0.48
866,car,12.0,0.48
792,car,12.0,0.48
172,car,12.0,0.48
782,car,12.0,0.48
782,car,12.0,0.48
172,car,12.0,0.48
1010,car,12.0,0.48
407,car,12.0,0.48
407,car,12.0,0.48
1010,car,12.0,0.48
423,car,12.0,0.48
419,car,12.0,0.48
419,car,12.0,0.48
247,person,12.0,0.48
253,person,12.0,0.48
253,person,12.0,0.48
748,car,12.0,0.48
222,person,12.0,0.48
222,person,12.0,0.48
222,person,12.0,0.48
247,person,12.0,0.48
622,car,12.0,0.48
974,car,12.0,0.48
247,person,12.0,0.48
253,person,12.0,0.48
253,person,12.0,0.48
253,person,12.0,0.48
222,person,12.0,0.48
746,car,12.0,0.48
974,car,12.0,0.48
974,car,12.0,0.48
974,car,12.0,0.48
974,car,12.0,0.48
746,car,12.0,0.48
974,car,12.0,0.48
974,car,12.0,0.48
424,car,12.0,0.48
424,car,12.0,0.48
193,car,12.0,0.48
193,car,12.0,0.48
193,car,12.0,0.48
776,car,12.0,0.48
776,car,12.0,0.48
776,car,12.0,0.48
777,car,12.0,0.48
777,car,12.0,0.48
168,car,12.0,0.48
781,car,12.0,0.48
781,car,12.0,0.48
193,car,12.0,0.48
193,car,12.0,0.48
193,car,12.0,0.48
193,car,12.0,0.48
594,car,12.0,0.48
778,car,12.0,0.48
778,car,12.0,0.48
177,person,12.0,0.48
172,car,12.0,0.48
596,car,12.0,0.48
596,car,12.0,0.48
483,car,12.0,0.48
594,car,12.0,0.48
183,car,12.0,0.48
777,car,12.0,0.48
776,car,12.0,0.48
776,car,12.0,0.48
776,car,12.0,0.48
183,car,12.0,0.48
183,car,12.0,0.48
247,person,12.0,0.48
746,car,12.0,0.48
746,car,12.0,0.48
746,car,12.0,0.48
247,person,12.0,0.48
941,car,12.0,0.48
746,car,12.0,0.48
748,car,12.0,0.48
974,car,12.0,0.48
974,car,12.0,0.48
974,car,12.0,0.48
974,car,12.0,0.48
609,car,12.0,0.48
247,person,12.0,0.48
291,bus,12.0,0.48
291,bus,12.0,0.48
247,person,12.0,0.48
255,person,12.0,0.48
436,car,12.0,0.48
436,car,12.0,0.48
59,car,12.0,0.48
196,car,12.0,0.48
200,car,12.0,0.48
200,car,12.0,0.48
59,car,12.0,0.48
604,car,12.0,0.48
59,car,12.0,0.48
188,car,12.0,0.48
188,car,12.0,0.48
611,car,12.0,0.48
611,car,12.0,0.48
753,car,12.0,0.48
753,car,12.0,0.48
753,car,12.0,0.48
239,person,12.0,0.48
446,car,12.0,0.48
255,person,12.0,0.48
255,person,12.0,0.48
753,car,12.0,0.48
753,car,12.0,0.48
753,car,12.0,0.48
609,car,12.0,0.48
2,car,12.0,0.48
224,person,12.0,0.48
754,car,12.0,0.48
754,car,12.0,0.48
754,car,12.0,0.48
754,car,12.0,0.48
754,car,12.0,0.48
613,car,12.0,0.48
613,car,12.0,0.48
761,truck,12.0,0.48
761,truck,12.0,0.48
613,car,12.0,0.48
611,car,12.0,0.48
196,car,12.0,0.48
196,car,12.0,0.48
196,car,12.0,0.48
480,car,12.0,0.48
200,car,12.0,0.48
200,car,12.0,0.48
773,car,12.0,0.48
754,car,12.0,0.48
196,car,12.0,0.48
196,car,12.0,0.48
446,car,12.0,0.48
753,car,12.0,0.48
753,car,12.0,0.48
443,car,12.0,0.48
443,car,12.0,0.48
443,car,12.0,0.48
443,car,12.0,0.48
754,car,12.0,0.48
754,car,12.0,0.48
249,person,12.0,0.48
249,person,12.0,0.48
249,person,12.0,0.48
754,car,12.0,0.48
754,car,12.0,0.48
754,car,12.0,0.48
754,car,12.0,0.48
754,car,12.0,0.48
754,car,12.0,0.48
249,person,12.0,0.48
249,person,12.0,0.48
754,car,12.0,0.48
224,person,12.0,0.48
754,car,12.0,0.48
754,car,12.0,0.48
754,car,12.0,0.48
224,person,12.0,0.48
224,person,12.0,0.48
754,car,12.0,0.48
754,car,12.0,0.48
754,car,12.0,0.48
479,car,12.0,0.48
18,person,12.0,0.48
18,person,12.0,0.48
2,car,12.0,0.48
2,car,12.0,0.48
2,car,12.0,0.48
92,car,12.0,0.48
92,car,12.0,0.48
200,car,12.0,0.48
73,truck,12.0,0.48
73,truck,12.0,0.48
613,car,12.0,0.48
613,car,12.0,0.48
217,traffic light,12.0,0.48
249,person,12.0,0.48
249,person,12.0,0.48
754,car,12.0,0.48
754,car,12.0,0.48
754,car,12.0,0.48
224,person,12.0,0.48
249,person,12.0,0.48
249,person,12.0,0.48
249,person,12.0,0.48
754,car,12.0,0.48
754,car,12.0,0.48
761,truck,12.0,0.48
2,car,12.0,0.48
2,car,12.0,0.48
2,car,12.0,0.48
224,person,12.0,0.48
224,person,12.0,0.48
224,person,12.0,0.48
754,car,12.0,0.48
754,car,12.0,0.48
754,car,12.0,0.48
224,person,12.0,0.48
224,person,12.0,0.48
286,bicycle,12.0,0.48
286,bicycle,12.0,0.48
286,bicycle,12.0,0.48
761,truck,12.0,0.48
761,truck,12.0,0.48
286,bicycle,12.0,0.48
445,car,12.0,0.48
445,car,12.0,0.48
286,bicycle,12.0,0.48
455,car,12.0,0.48
455,car,12.0,0.48
286,bicycle,12.0,0.48
286,bicycle,12.0,0.48
218,person,12.0,0.48
219,person,12.0,0.48
763,car,12.0,0.48
474,car,12.0,0.48
752,car,12.0,0.48
752,car,12.0,0.48
467,car,12.0,0.48
467,car,12.0,0.48
217,traffic light,12.0,0.48
478,car,12.0,0.48
615,car,12.0,0.48
217,traffic light,12.0,0.48
218,person,12.0,0.48
218,person,12.0,0.48
218,person,12.0,0.48
763,car,12.0,0.48
763,car,12.0,0.48
763,car,12.0,0.48
219,person,12.0,0.48
219,person,12.0,0.48
763,car,12.0,0.48
763,car,12.0,0.48
763,car,12.0,0.48
763,car,12.0,0.48
763,car,12.0,0.48
763,car,12.0,0.48
763,car,12.0,0.48
763,car,12.0,0.48
763,car,12.0,0.48
763,car,12.0,0.48
609,car,12.0,0.48
609,car,12.0,0.48
622,car,12.0,0.48
622,car,12.0,0.48
622,car,12.0,0.48
622,car,12.0,0.48
622,car,12.0,0.48
622,car,12.0,0.48
455,car,12.0,0.48
218,person,12.0,0.48
218,person,12.0,0.48
218,person,12.0,0.48
763,car,12.0,0.48
218,person,12.0,0.48
218,person,12.0,0.48
763,car,12.0,0.48
218,person,12.0,0.48
615,car,12.0,0.48
286,bicycle,12.0,0.48
468,car,12.0,0.48
468,car,12.0,0.48
609,car,12.0,0.48
866,car,12.0,0.48
763,car,12.0,0.48
260,bicycle,12.0,0.48
763,car,12.0,0.48
763,car,12.0,0.48
763,car,12.0,0.48
218,person,12.0,0.48
218,person,12.0,0.48
624,car,12.0,0.48
615,car,12.0,0.48
866,car,12.0,0.48
26,person,12.0,0.48
622,car,12.0,0.48
752,car,12.0,0.48
752,car,12.0,0.48
847,car,12.0,0.48
847,car,12.0,0.48
609,car,12.0,0.48
844,car,12.0,0.48
847,car,12.0,0.48
551,car,12.0,0.48
551,car,12.0,0.48
609,car,12.0,0.48
609,car,12.0,0.48
609,car,12.0,0.48
353,car,12.0,0.48
371,car,12.0,0.48
359,car,12.0,0.48
363,car,12.0,0.48
373,car,12.0,0.48
379,car,12.0,0.48
365,car,12.0,0.48
366,car,12.0,0.48
365,car,12.0,0.48
1116,car,11.0,0.44
365,car,11.0,0.44
365,car,11.0,0.44
647,car,11.0,0.44
647,car,11.0,0.44
609,car,11.0,0.44
538,car,11.0,0.44
538,car,11.0,0.44
532,car,11.0,0.44
538,car,11.0,0.44
363,car,11.0,0.44
365,car,11.0,0.44
371,car,11.0,0.44
363,car,11.0,0.44
383,car,11.0,0.44
647,car,11.0,0.44
700,car,11.0,0.44
700,car,11.0,0.44
701,car,11.0,0.44
537,car,11.0,0.44
532,car,11.0,0.44
866,car,11.0,0.44
866,car,11.0,0.44
866,car,11.0,0.44
866,car,11.0,0.44
866,car,11.0,0.44
866,car,11.0,0.44
866,car,11.0,0.44
866,car,11.0,0.44
866,car,11.0,0.44
866,car,11.0,0.44
866,car,11.0,0.44
866,car,11.0,0.44
866,car,11.0,0.44
866,car,11.0,0.44
866,car,11.0,0.44
763,car,11.0,0.44
763,car,11.0,0.44
468,car,11.0,0.44
752,car,11.0,0.44
105,car,11.0,0.44
609,car,11.0,0.44
763,car,11.0,0.44
763,car,11.0,0.44
763,car,11.0,0.44
763,car,11.0,0.44
763,car,11.0,0.44
763,car,11.0,0.44
763,car,11.0,0.44
218,person,11.0,0.44
866,car,11.0,0.44
866,car,11.0,0.44
624,car,11.0,0.44
624,car,11.0,0.44
763,car,11.0,0.44
218,person,11.0,0.44
218,person,11.0,0.44
763,car,11.0,0.44
763,car,11.0,0.44
763,car,11.0,0.44
763,car,11.0,0.44
763,car,11.0,0.44
763,car,11.0,0.44
866,car,11.0,0.44
866,car,11.0,0.44
866,car,11.0,0.44
866,car,11.0,0.44
119,car,11.0,0.44
700,car,11.0,0.44
693,car,11.0,0.44
384,truck,11.0,0.44
705,car,11.0,0.44
826,car,11.0,0.44
105,car,11.0,0.44
835,car,11.0,0.44
257,person,11.0,0.44
560,car,11.0,0.44
647,car,11.0,0.44
705,car,11.0,0.44
609,car,11.0,0.44
609,car,11.0,0.44
646,car,11.0,0.44
609,car,11.0,0.44
1111,car,11.0,0.44
353,car,11.0,0.44
353,car,11.0,0.44
353,car,11.0,0.44
353,car,11.0,0.44
647,car,11.0,0.44
763,car,11.0,0.44
866,car,11.0,0.44
866,car,11.0,0.44
866,car,11.0,0.44
866,car,11.0,0.44
866,car,11.0,0.44
866,car,11.0,0.44
866,car,11.0,0.44
624,car,11.0,0.44
615,car,11.0,0.44
866,car,11.0,0.44
866,car,11.0,0.44
866,car,11.0,0.44
866,car,11.0,0.44
866,car,11.0,0.44
866,car,11.0,0.44
866,car,11.0,0.44
866,car,11.0,0.44
866,car,11.0,0.44
866,car,11.0,0.44
866,car,11.0,0.44
866,car,11.0,0.44
763,car,11.0,0.44
460,car,11.0,0.44
866,car,11.0,0.44
866,car,11.0,0.44
763,car,11.0,0.44
763,car,11.0,0.44
763,car,11.0,0.44
763,car,11.0,0.44
866,car,11.0,0.44
866,car,11.0,0.44
866,car,11.0,0.44
218,person,11.0,0.44
218,person,11.0,0.44
752,car,11.0,0.44
763,car,11.0,0.44
763,car,11.0,0.44
752,car,11.0,0.44
763,car,11.0,0.44
752,car,11.0,0.44
218,person,11.0,0.44
218,person,11.0,0.44
218,person,11.0,0.44
866,car,11.0,0.44
283,person,11.0,0.44
456,car,11.0,0.44
455,car,11.0,0.44
468,car,11.0,0.44
833,car,11.0,0.44
842,car,11.0,0.44
857,car,11.0,0.44
859,car,11.0,0.44
853,car,11.0,0.44
383,car,11.0,0.44
124,car,11.0,0.44
545,car,11.0,0.44
609,car,11.0,0.44
609,car,11.0,0.44
1111,car,11.0,0.44
352,car,11.0,0.44
384,truck,11.0,0.44
609,car,11.0,0.44
646,car,11.0,0.44
609,car,11.0,0.44
609,car,11.0,0.44
615,car,11.0,0.44
615,car,11.0,0.44
467,car,11.0,0.44
763,car,11.0,0.44
763,car,11.0,0.44
763,car,11.0,0.44
217,traffic light,11.0,0.44
474,car,11.0,0.44
478,car,11.0,0.44
59,car,11.0,0.44
219,person,11.0,0.44
218,person,11.0,0.44
218,person,11.0,0.44
218,person,11.0,0.44
217,traffic light,11.0,0.44
283,person,11.0,0.44
615,car,11.0,0.44
218,person,11.0,0.44
218,person,11.0,0.44
219,person,11.0,0.44
286,bicycle,11.0,0.44
286,bicycle,11.0,0.44
866,car,11.0,0.44
866,car,11.0,0.44
866,car,11.0,0.44
866,car,11.0,0.44
866,car,11.0,0.44
866,car,11.0,0.44
286,bicycle,11.0,0.44
445,car,11.0,0.44
455,car,11.0,0.44
286,bicycle,11.0,0.44
866,car,11.0,0.44
219,person,11.0,0.44
219,person,11.0,0.44
866,car,11.0,0.44
866,car,11.0,0.44
866,car,11.0,0.44
866,car,11.0,0.44
866,car,11.0,0.44
866,car,11.0,0.44
763,car,11.0,0.44
219,person,11.0,0.44
866,car,11.0,0.44
866,car,11.0,0.44
866,car,11.0,0.44
866,car,11.0,0.44
566,car,11.0,0.44
609,car,11.0,0.44
609,car,11.0,0.44
609,car,11.0,0.44
609,car,11.0,0.44
609,car,11.0,0.44
821,car,11.0,0.44
125,car,11.0,0.44
609,car,11.0,0.44
609,car,11.0,0.44
609,car,11.0,0.44
609,car,11.0,0.44
609,car,11.0,0.44
609,car,11.0,0.44
707,car,11.0,0.44
707,car,11.0,0.44
609,car,11.0,0.44
609,car,11.0,0.44
286,bicycle,11.0,0.44
866,car,11.0,0.44
866,car,11.0,0.44
866,car,11.0,0.44
445,car,11.0,0.44
446,car,11.0,0.44
866,car,11.0,0.44
866,car,11.0,0.44
761,truck,11.0,0.44
761,truck,11.0,0.44
761,truck,11.0,0.44
392,car,11.0,0.44
705,car,11.0,0.44
1111,car,11.0,0.44
609,car,11.0,0.44
609,car,11.0,0.44
609,car,11.0,0.44
609,car,11.0,0.44
609,car,11.0,0.44
609,car,11.0,0.44
609,car,11.0,0.44
609,car,11.0,0.44
609,car,11.0,0.44
634,car,11.0,0.44
642,car,11.0,0.44
98,car,11.0,0.44
98,car,11.0,0.44
609,car,11.0,0.44
609,car,11.0,0.44
609,car,11.0,0.44
763,car,11.0,0.44
763,car,11.0,0.44
752,car,11.0,0.44
763,car,11.0,0.44
752,car,11.0,0.44
763,car,11.0,0.44
622,car,11.0,0.44
763,car,11.0,0.44
763,car,11.0,0.44
763,car,11.0,0.44
763,car,11.0,0.44
763,car,11.0,0.44
763,car,11.0,0.44
763,car,11.0,0.44
866,car,11.0,0.44
866,car,11.0,0.44
763,car,11.0,0.44
763,car,11.0,0.44
763,car,11.0,0.44
763,car,11.0,0.44
763,car,11.0,0.44
763,car,11.0,0.44
283,person,11.0,0.44
283,person,11.0,0.44
866,car,11.0,0.44
866,car,11.0,0.44
866,car,11.0,0.44
224,person,11.0,0.44
200,car,11.0,0.44
866,car,11.0,0.44
866,car,11.0,0.44
866,car,11.0,0.44
866,car,11.0,0.44
866,car,11.0,0.44
866,car,11.0,0.44
866,car,11.0,0.44
866,car,11.0,0.44
866,car,11.0,0.44
866,car,11.0,0.44
866,car,11.0,0.44
866,car,11.0,0.44
866,car,11.0,0.44
622,car,11.0,0.44
763,car,11.0,0.44
763,car,11.0,0.44
763,car,11.0,0.44
866,car,11.0,0.44
866,car,11.0,0.44
609,car,11.0,0.44
135,car,11.0,0.44
826,car,11.0,0.44
560,car,11.0,0.44
609,car,11.0,0.44
609,car,11.0,0.44
609,car,11.0,0.44
609,car,11.0,0.44
609,car,11.0,0.44
609,car,11.0,0.44
1100,traffic light,11.0,0.44
399,car,11.0,0.44
402,car,11.0,0.44
400,car,11.0,0.44
754,car,11.0,0.44
752,car,11.0,0.44
754,car,11.0,0.44
237,bicycle,11.0,0.44
479,car,11.0,0.44
478,car,11.0,0.44
224,person,11.0,0.44
249,person,11.0,0.44
759,traffic light,11.0,0.44
219,person,11.0,0.44
75,car,11.0,0.44
76,car,11.0,0.44
865,car,11.0,0.44
865,car,11.0,0.44
234,car,11.0,0.44
135,car,11.0,0.44
821,car,11.0,0.44
819,car,11.0,0.44
720,car,11.0,0.44
705,car,11.0,0.44
393,car,11.0,0.44
234,car,11.0,0.44
866,car,11.0,0.44
866,car,11.0,0.44
866,car,11.0,0.44
866,car,11.0,0.44
866,car,11.0,0.44
866,car,11.0,0.44
866,car,11.0,0.44
866,car,11.0,0.44
866,car,11.0,0.44
866,car,11.0,0.44
866,car,11.0,0.44
866,car,11.0,0.44
866,car,11.0,0.44
866,car,11.0,0.44
866,car,11.0,0.44
866,car,11.0,0.44
754,car,11.0,0.44
866,car,11.0,0.44
866,car,11.0,0.44
866,car,11.0,0.44
866,car,11.0,0.44
866,car,11.0,0.44
866,car,11.0,0.44
866,car,11.0,0.44
752,car,11.0,0.44
754,car,11.0,0.44
754,car,11.0,0.44
754,car,11.0,0.44
752,car,11.0,0.44
752,car,11.0,0.44
611,car,11.0,0.44
613,car,11.0,0.44
763,car,11.0,0.44
196,car,11.0,0.44
596,car,11.0,0.44
773,car,11.0,0.44
436,car,11.0,0.44
866,car,11.0,0.44
754,car,11.0,0.44
443,car,11.0,0.44
866,car,11.0,0.44
866,car,11.0,0.44
609,car,11.0,0.44
609,car,11.0,0.44
304,car,11.0,0.44
609,car,11.0,0.44
609,car,11.0,0.44
609,car,11.0,0.44
609,car,11.0,0.44
609,car,11.0,0.44
720,car,11.0,0.44
609,car,11.0,0.44
722,car,11.0,0.44
609,car,11.0,0.44
609,car,11.0,0.44
609,car,11.0,0.44
307,bicycle,11.0,0.44
217,traffic light,11.0,0.44
217,traffic light,11.0,0.44
717,car,11.0,0.44
634,car,11.0,0.44
609,car,11.0,0.44
634,car,11.0,0.44
753,car,11.0,0.44
753,car,11.0,0.44
753,car,11.0,0.44
753,car,11.0,0.44
446,car,11.0,0.44
441,car,11.0,0.44
255,person,11.0,0.44
753,car,11.0,0.44
255,person,11.0,0.44
866,car,11.0,0.44
754,car,11.0,0.44
255,person,11.0,0.44
255,person,11.0,0.44
255,person,11.0,0.44
866,car,11.0,0.44
754,car,11.0,0.44
255,person,11.0,0.44
754,car,11.0,0.44
1044,car,11.0,0.44
722,car,11.0,0.44
1029,car,11.0,0.44
1044,car,11.0,0.44
609,car,11.0,0.44
633,car,11.0,0.44
634,car,11.0,0.44
609,car,11.0,0.44
609,car,11.0,0.44
609,car,11.0,0.44
1029,car,11.0,0.44
609,car,11.0,0.44
609,car,11.0,0.44
609,car,11.0,0.44
630,car,11.0,0.44
634,car,11.0,0.44
59,car,11.0,0.44
66,car,11.0,0.44
604,car,11.0,0.44
604,car,11.0,0.44
188,car,11.0,0.44
188,car,11.0,0.44
255,person,11.0,0.44
255,person,11.0,0.44
247,person,11.0,0.44
247,person,11.0,0.44
255,person,11.0,0.44
420,car,11.0,0.44
424,car,11.0,0.44
145,car,11.0,0.44
865,car,11.0,0.44
865,car,11.0,0.44
95,car,11.0,0.44
253,person,11.0,0.44
634,car,11.0,0.44
609,car,11.0,0.44
609,car,11.0,0.44
609,car,11.0,0.44
609,car,11.0,0.44
720,car,11.0,0.44
609,car,11.0,0.44
253,person,11.0,0.44
720,car,11.0,0.44
720,car,11.0,0.44
253,person,11.0,0.44
253,person,11.0,0.44
426,car,11.0,0.44
426,car,11.0,0.44
426,car,11.0,0.44
746,car,11.0,0.44
247,person,11.0,0.44
238,car,11.0,0.44
291,bus,11.0,0.44
441,car,11.0,0.44
424,car,11.0,0.44
193,car,11.0,0.44
436,car,11.0,0.44
436,car,11.0,0.44
609,car,11.0,0.44
609,car,11.0,0.44
436,car,11.0,0.44
494,car,11.0,0.44
866,car,11.0,0.44
866,car,11.0,0.44
866,car,11.0,0.44
135,car,11.0,0.44
609,car,11.0,0.44
609,car,11.0,0.44
257,person,11.0,0.44
257,person,11.0,0.44
609,car,11.0,0.44
609,car,11.0,0.44
609,car,11.0,0.44
790,car,11.0,0.44
790,car,11.0,0.44
866,car,11.0,0.44
492,car,11.0,0.44
494,car,11.0,0.44
866,car,11.0,0.44
866,car,11.0,0.44
150,car,11.0,0.44
810,car,11.0,0.44
609,car,11.0,0.44
224,person,11.0,0.44
866,car,11.0,0.44
810,car,11.0,0.44
224,person,11.0,0.44
866,car,11.0,0.44
746,car,11.0,0.44
423,car,11.0,0.44
423,car,11.0,0.44
183,car,11.0,0.44
974,car,11.0,0.44
958,car,11.0,0.44
958,car,11.0,0.44
955,car,11.0,0.44
746,car,11.0,0.44
609,car,11.0,0.44
609,car,11.0,0.44
224,person,11.0,0.44
224,person,11.0,0.44
737,car,11.0,0.44
1029,car,11.0,0.44
609,car,11.0,0.44
866,car,11.0,0.44
866,car,11.0,0.44
866,car,11.0,0.44
866,car,11.0,0.44
402,car,11.0,0.44
866,car,11.0,0.44
866,car,11.0,0.44
866,car,11.0,0.44
866,car,11.0,0.44
866,car,11.0,0.44
866,car,11.0,0.44
622,car,11.0,0.44
622,car,11.0,0.44
748,car,11.0,0.44
748,car,11.0,0.44
622,car,11.0,0.44
622,car,11.0,0.44
622,car,11.0,0.44
746,car,11.0,0.44
974,car,11.0,0.44
420,car,11.0,0.44
974,car,11.0,0.44
974,car,11.0,0.44
622,car,11.0,0.44
778,car,11.0,0.44
746,car,11.0,0.44
866,car,11.0,0.44
866,car,11.0,0.44
866,car,11.0,0.44
790,car,11.0,0.44
866,car,11.0,0.44
790,car,11.0,0.44
790,car,11.0,0.44
790,car,11.0,0.44
609,car,11.0,0.44
609,car,11.0,0.44
1010,car,11.0,0.44
1010,car,11.0,0.44
1023,car,11.0,0.44
420,car,11.0,0.44
783,car,11.0,0.44
253,person,11.0,0.44
609,car,11.0,0.44
609,car,11.0,0.44
866,car,11.0,0.44
866,car,11.0,0.44
866,car,11.0,0.44
866,car,11.0,0.44
778,car,11.0,0.44
73,car,11.0,0.44
73,car,11.0,0.44
73,car,11.0,0.44
782,car,11.0,0.44
172,car,11.0,0.44
866,car,11.0,0.44
866,car,11.0,0.44
419,car,11.0,0.44
417,car,11.0,0.44
609,car,11.0,0.44
609,car,11.0,0.44
609,car,11.0,0.44
622,car,11.0,0.44
622,car,11.0,0.44
748,car,11.0,0.44
402,car,11.0,0.44
407,car,11.0,0.44
492,car,11.0,0.44
782,car,11.0,0.44
609,car,11.0,0.44
630,car,11.0,0.44
630,car,11.0,0.44
866,car,11.0,0.44
866,car,11.0,0.44
866,car,11.0,0.44
609,car,11.0,0.44
94,car,11.0,0.44
94,car,11.0,0.44
866,car,11.0,0.44
866,car,11.0,0.44
866,car,11.0,0.44
609,car,11.0,0.44
609,car,11.0,0.44
371,car,11.0,0.44
371,car,11.0,0.44
609,car,11.0,0.44
609,car,11.0,0.44
609,car,11.0,0.44
609,car,11.0,0.44
609,car,11.0,0.44
609,car,11.0,0.44
609,car,11.0,0.44
842,car,11.0,0.44
689,car,11.0,0.44
609,car,11.0,0.44
609,car,11.0,0.44
841,car,11.0,0.44
609,car,11.0,0.44
609,car,11.0,0.44
609,car,11.0,0.44
550,car,11.0,0.44
549,car,11.0,0.44
609,car,11.0,0.44
609,car,11.0,0.44
609,car,11.0,0.44
252,bicycle,11.0,0.44
609,car,11.0,0.44
609,car,11.0,0.44
609,car,11.0,0.44
359,car,11.0,0.44
363,car,11.0,0.44
609,car,11.0,0.44
609,car,11.0,0.44
609,car,11.0,0.44
377,car,11.0,0.44
2,car,10.0,0.4
2,car,10.0,0.4
2,car,10.0,0.4
763,car,10.0,0.4
532,car,10.0,0.4
537,car,10.0,0.4
257,person,10.0,0.4
257,person,10.0,0.4
624,car,10.0,0.4
624,car,10.0,0.4
218,person,10.0,0.4
260,bicycle,10.0,0.4
218,person,10.0,0.4
844,car,10.0,0.4
609,car,10.0,0.4
2,car,10.0,0.4
116,car,10.0,0.4
526,car,10.0,0.4
759,traffic light,10.0,0.4
219,person,10.0,0.4
759,traffic light,10.0,0.4
759,traffic light,10.0,0.4
759,traffic light,10.0,0.4
759,traffic light,10.0,0.4
609,car,10.0,0.4
689,car,10.0,0.4
689,car,10.0,0.4
689,car,10.0,0.4
116,car,10.0,0.4
119,car,10.0,0.4
117,car,10.0,0.4
116,car,10.0,0.4
168,car,10.0,0.4
783,car,10.0,0.4
777,car,10.0,0.4
622,car,10.0,0.4
622,car,10.0,0.4
1010,car,10.0,0.4
222,person,10.0,0.4
411,car,10.0,0.4
419,car,10.0,0.4
746,car,10.0,0.4
739,car,10.0,0.4
419,car,10.0,0.4
1010,car,10.0,0.4
778,car,10.0,0.4
172,car,10.0,0.4
782,car,10.0,0.4
630,car,10.0,0.4
778,car,10.0,0.4
492,car,10.0,0.4
492,car,10.0,0.4
483,car,10.0,0.4
782,car,10.0,0.4
586,car,10.0,0.4
257,person,10.0,0.4
73,car,10.0,0.4
407,car,10.0,0.4
407,car,10.0,0.4
407,car,10.0,0.4
739,car,10.0,0.4
609,car,10.0,0.4
609,car,10.0,0.4
609,car,10.0,0.4
622,car,10.0,0.4
870,traffic light,10.0,0.4
492,car,10.0,0.4
1029,car,10.0,0.4
1010,car,10.0,0.4
402,car,10.0,0.4
400,car,10.0,0.4
609,car,10.0,0.4
596,car,10.0,0.4
596,car,10.0,0.4
594,car,10.0,0.4
594,car,10.0,0.4
778,car,10.0,0.4
604,car,10.0,0.4
424,car,10.0,0.4
974,car,10.0,0.4
861,car,10.0,0.4
861,car,10.0,0.4
93,car,10.0,0.4
92,car,10.0,0.4
93,car,10.0,0.4
92,car,10.0,0.4
76,car,10.0,0.4
93,car,10.0,0.4
411,car,10.0,0.4
407,car,10.0,0.4
1035,car,10.0,0.4
1035,car,10.0,0.4
1035,car,10.0,0.4
790,car,10.0,0.4
790,car,10.0,0.4
865,car,10.0,0.4
93,car,10.0,0.4
76,car,10.0,0.4
93,car,10.0,0.4
76,car,10.0,0.4
76,car,10.0,0.4
737,car,10.0,0.4
239,person,10.0,0.4
722,car,10.0,0.4
776,car,10.0,0.4
91,car,10.0,0.4
91,car,10.0,0.4
91,car,10.0,0.4
494,car,10.0,0.4
184,car,10.0,0.4
93,car,10.0,0.4
76,car,10.0,0.4
958,car,10.0,0.4
746,car,10.0,0.4
746,car,10.0,0.4
748,car,10.0,0.4
748,car,10.0,0.4
184,car,10.0,0.4
776,car,10.0,0.4
185,car,10.0,0.4
609,car,10.0,0.4
609,car,10.0,0.4
609,car,10.0,0.4
630,car,10.0,0.4
737,car,10.0,0.4
731,car,10.0,0.4
402,car,10.0,0.4
974,car,10.0,0.4
144,car,10.0,0.4
144,car,10.0,0.4
810,car,10.0,0.4
820,car,10.0,0.4
866,car,10.0,0.4
866,car,10.0,0.4
866,car,10.0,0.4
866,car,10.0,0.4
632,car,10.0,0.4
630,car,10.0,0.4
609,car,10.0,0.4
609,car,10.0,0.4
609,car,10.0,0.4
632,car,10.0,0.4
609,car,10.0,0.4
257,person,10.0,0.4
810,car,10.0,0.4
168,car,10.0,0.4
168,car,10.0,0.4
168,car,10.0,0.4
792,car,10.0,0.4
150,car,10.0,0.4
224,person,10.0,0.4
722,car,10.0,0.4
729,car,10.0,0.4
717,car,10.0,0.4
717,car,10.0,0.4
609,car,10.0,0.4
609,car,10.0,0.4
224,person,10.0,0.4
866,car,10.0,0.4
866,car,10.0,0.4
609,car,10.0,0.4
609,car,10.0,0.4
609,car,10.0,0.4
609,car,10.0,0.4
609,car,10.0,0.4
609,car,10.0,0.4
609,car,10.0,0.4
224,person,10.0,0.4
941,car,10.0,0.4
941,car,10.0,0.4
974,car,10.0,0.4
974,car,10.0,0.4
866,car,10.0,0.4
624,car,10.0,0.4
609,car,10.0,0.4
722,car,10.0,0.4
1003,car,10.0,0.4
1003,car,10.0,0.4
1003,car,10.0,0.4
739,car,10.0,0.4
746,car,10.0,0.4
746,car,10.0,0.4
955,car,10.0,0.4
424,car,10.0,0.4
494,car,10.0,0.4
491,car,10.0,0.4
866,car,10.0,0.4
188,car,10.0,0.4
247,person,10.0,0.4
291,bus,10.0,0.4
436,car,10.0,0.4
423,car,10.0,0.4
865,car,10.0,0.4
93,car,10.0,0.4
96,car,10.0,0.4
566,car,10.0,0.4
145,car,10.0,0.4
145,car,10.0,0.4
145,car,10.0,0.4
257,person,10.0,0.4
609,car,10.0,0.4
634,car,10.0,0.4
717,car,10.0,0.4
609,car,10.0,0.4
609,car,10.0,0.4
526,car,10.0,0.4
95,car,10.0,0.4
94,car,10.0,0.4
609,car,10.0,0.4
609,car,10.0,0.4
609,car,10.0,0.4
609,car,10.0,0.4
609,car,10.0,0.4
609,car,10.0,0.4
722,car,10.0,0.4
609,car,10.0,0.4
224,person,10.0,0.4
609,car,10.0,0.4
609,car,10.0,0.4
720,car,10.0,0.4
609,car,10.0,0.4
609,car,10.0,0.4
609,car,10.0,0.4
609,car,10.0,0.4
634,car,10.0,0.4
634,car,10.0,0.4
1029,car,10.0,0.4
1029,car,10.0,0.4
1029,car,10.0,0.4
1029,car,10.0,0.4
1044,car,10.0,0.4
1044,car,10.0,0.4
188,car,10.0,0.4
611,car,10.0,0.4
66,car,10.0,0.4
59,car,10.0,0.4
59,car,10.0,0.4
66,car,10.0,0.4
634,car,10.0,0.4
634,car,10.0,0.4
247,person,10.0,0.4
76,car,10.0,0.4
93,car,10.0,0.4
76,car,10.0,0.4
611,car,10.0,0.4
92,car,10.0,0.4
188,car,10.0,0.4
188,car,10.0,0.4
257,person,10.0,0.4
257,person,10.0,0.4
609,car,10.0,0.4
974,car,10.0,0.4
974,car,10.0,0.4
974,car,10.0,0.4
974,car,10.0,0.4
974,car,10.0,0.4
633,car,10.0,0.4
718,car,10.0,0.4
253,person,10.0,0.4
304,car,10.0,0.4
304,car,10.0,0.4
304,car,10.0,0.4
304,car,10.0,0.4
866,car,10.0,0.4
753,car,10.0,0.4
247,person,10.0,0.4
443,car,10.0,0.4
446,car,10.0,0.4
1044,car,10.0,0.4
1044,car,10.0,0.4
633,car,10.0,0.4
253,person,10.0,0.4
754,car,10.0,0.4
754,car,10.0,0.4
752,car,10.0,0.4
752,car,10.0,0.4
247,person,10.0,0.4
255,person,10.0,0.4
753,car,10.0,0.4
753,car,10.0,0.4
1029,car,10.0,0.4
1029,car,10.0,0.4
1029,car,10.0,0.4
1044,car,10.0,0.4
1044,car,10.0,0.4
1044,car,10.0,0.4
866,car,10.0,0.4
754,car,10.0,0.4
234,car,10.0,0.4
234,car,10.0,0.4
222,person,10.0,0.4
532,car,10.0,0.4
532,car,10.0,0.4
534,car,10.0,0.4
526,car,10.0,0.4
98,car,10.0,0.4
761,truck,10.0,0.4
613,car,10.0,0.4
866,car,10.0,0.4
752,car,10.0,0.4
752,car,10.0,0.4
717,car,10.0,0.4
717,car,10.0,0.4
222,person,10.0,0.4
196,car,10.0,0.4
483,car,10.0,0.4
483,car,10.0,0.4
93,car,10.0,0.4
93,car,10.0,0.4
596,car,10.0,0.4
613,car,10.0,0.4
761,truck,10.0,0.4
866,car,10.0,0.4
866,car,10.0,0.4
866,car,10.0,0.4
866,car,10.0,0.4
866,car,10.0,0.4
866,car,10.0,0.4
866,car,10.0,0.4
866,car,10.0,0.4
609,car,10.0,0.4
752,car,10.0,0.4
752,car,10.0,0.4
752,car,10.0,0.4
609,car,10.0,0.4
752,car,10.0,0.4
752,car,10.0,0.4
718,car,10.0,0.4
481,car,10.0,0.4
479,car,10.0,0.4
249,person,10.0,0.4
752,car,10.0,0.4
609,car,10.0,0.4
752,car,10.0,0.4
752,car,10.0,0.4
752,car,10.0,0.4
861,car,10.0,0.4
861,car,10.0,0.4
234,car,10.0,0.4
217,traffic light,10.0,0.4
480,car,10.0,0.4
2,car,10.0,0.4
2,car,10.0,0.4
479,car,10.0,0.4
98,car,10.0,0.4
134,car,10.0,0.4
821,car,10.0,0.4
257,person,10.0,0.4
134,car,10.0,0.4
142,car,10.0,0.4
142,car,10.0,0.4
820,car,10.0,0.4
613,car,10.0,0.4
196,car,10.0,0.4
217,traffic light,10.0,0.4
217,traffic light,10.0,0.4
249,person,10.0,0.4
218,person,10.0,0.4
761,truck,10.0,0.4
766,car,10.0,0.4
859,car,10.0,0.4
752,car,10.0,0.4
752,car,10.0,0.4
447,car,10.0,0.4
445,car,10.0,0.4
247,person,10.0,0.4
247,person,10.0,0.4
247,person,10.0,0.4
1100,traffic light,10.0,0.4
1044,car,10.0,0.4
633,car,10.0,0.4
633,car,10.0,0.4
642,car,10.0,0.4
261,person,10.0,0.4
135,car,10.0,0.4
826,car,10.0,0.4
1044,car,10.0,0.4
1044,car,10.0,0.4
1044,car,10.0,0.4
1044,car,10.0,0.4
1044,car,10.0,0.4
718,car,10.0,0.4
222,person,10.0,0.4
217,traffic light,10.0,0.4
753,car,10.0,0.4
761,truck,10.0,0.4
753,car,10.0,0.4
761,truck,10.0,0.4
753,car,10.0,0.4
218,person,10.0,0.4
753,car,10.0,0.4
761,truck,10.0,0.4
761,truck,10.0,0.4
286,bicycle,10.0,0.4
445,car,10.0,0.4
753,car,10.0,0.4
761,truck,10.0,0.4
761,truck,10.0,0.4
753,car,10.0,0.4
761,truck,10.0,0.4
1111,car,10.0,0.4
394,car,10.0,0.4
705,car,10.0,0.4
384,truck,10.0,0.4
384,truck,10.0,0.4
1111,car,10.0,0.4
761,truck,10.0,0.4
761,truck,10.0,0.4
622,car,10.0,0.4
98,car,10.0,0.4
98,car,10.0,0.4
98,car,10.0,0.4
642,car,10.0,0.4
393,car,10.0,0.4
1111,car,10.0,0.4
1111,car,10.0,0.4
218,person,10.0,0.4
219,person,10.0,0.4
219,person,10.0,0.4
217,traffic light,10.0,0.4
217,traffic light,10.0,0.4
615,car,10.0,0.4
467,car,10.0,0.4
18,person,10.0,0.4
124,car,10.0,0.4
468,car,10.0,0.4
218,person,10.0,0.4
446,car,10.0,0.4
255,person,10.0,0.4
255,person,10.0,0.4
286,bicycle,10.0,0.4
218,person,10.0,0.4
609,car,10.0,0.4
128,car,10.0,0.4
828,car,10.0,0.4
124,car,10.0,0.4
128,car,10.0,0.4
564,car,10.0,0.4
135,car,10.0,0.4
133,car,10.0,0.4
753,car,10.0,0.4
761,truck,10.0,0.4
459,truck,10.0,0.4
707,car,10.0,0.4
707,car,10.0,0.4
705,car,10.0,0.4
647,car,10.0,0.4
609,car,10.0,0.4
609,car,10.0,0.4
609,car,10.0,0.4
460,car,10.0,0.4
465,car,10.0,0.4
286,bicycle,10.0,0.4
461,car,10.0,0.4
460,car,10.0,0.4
288,person,10.0,0.4
1116,car,10.0,0.4
455,car,10.0,0.4
467,car,10.0,0.4
467,car,10.0,0.4
622,car,10.0,0.4
622,car,10.0,0.4
219,person,10.0,0.4
219,person,10.0,0.4
352,car,10.0,0.4
377,car,10.0,0.4
383,car,10.0,0.4
1116,car,10.0,0.4
545,car,10.0,0.4
538,car,10.0,0.4
859,car,10.0,0.4
1116,car,10.0,0.4
2,car,10.0,0.4
474,car,10.0,0.4
609,car,10.0,0.4
609,car,10.0,0.4
609,car,10.0,0.4
609,car,10.0,0.4
1111,car,10.0,0.4
352,car,10.0,0.4
701,car,10.0,0.4
384,truck,10.0,0.4
383,car,10.0,0.4
705,car,10.0,0.4
705,car,10.0,0.4
222,person,10.0,0.4
693,car,10.0,0.4
609,car,10.0,0.4
828,car,10.0,0.4
125,car,10.0,0.4
564,car,10.0,0.4
609,car,10.0,0.4
609,car,10.0,0.4
646,car,10.0,0.4
700,car,10.0,0.4
700,car,10.0,0.4
609,car,10.0,0.4
609,car,10.0,0.4
609,car,10.0,0.4
102,car,10.0,0.4
102,car,10.0,0.4
257,person,10.0,0.4
261,person,10.0,0.4
128,car,10.0,0.4
705,car,10.0,0.4
609,car,10.0,0.4
609,car,10.0,0.4
707,car,10.0,0.4
646,car,10.0,0.4
609,car,10.0,0.4
609,car,10.0,0.4
609,car,10.0,0.4
367,car,10.0,0.4
609,car,10.0,0.4
609,car,10.0,0.4
609,car,10.0,0.4
647,car,10.0,0.4
367,car,10.0,0.4
371,car,10.0,0.4
366,car,10.0,0.4
353,car,10.0,0.4
609,car,10.0,0.4
609,car,10.0,0.4
538,car,10.0,0.4
609,car,10.0,0.4
609,car,10.0,0.4
366,car,10.0,0.4
609,car,10.0,0.4
375,car,10.0,0.4
1116,car,10.0,0.4
384,truck,10.0,0.4
384,truck,10.0,0.4
609,car,10.0,0.4
609,car,10.0,0.4
377,car,10.0,0.4
671,car,10.0,0.4
689,car,10.0,0.4
693,car,10.0,0.4
609,car,10.0,0.4
609,car,10.0,0.4
700,car,10.0,0.4
700,car,10.0,0.4
700,car,10.0,0.4
695,car,10.0,0.4
689,car,10.0,0.4
609,car,10.0,0.4
609,car,10.0,0.4
365,car,10.0,0.4
367,car,10.0,0.4
609,car,10.0,0.4
93,car,10.0,0.4
93,car,10.0,0.4
235,person,10.0,0.4
671,car,10.0,0.4
671,car,10.0,0.4
671,car,10.0,0.4
843,car,10.0,0.4
371,car,10.0,0.4
646,car,10.0,0.4
689,car,10.0,0.4
609,car,10.0,0.4
609,car,10.0,0.4
609,car,10.0,0.4
550,car,10.0,0.4
261,person,10.0,0.4
105,car,10.0,0.4
235,person,10.0,0.4
235,person,10.0,0.4
609,car,10.0,0.4
609,car,10.0,0.4
609,car,10.0,0.4
373,car,10.0,0.4
371,car,10.0,0.4
379,car,10.0,0.4
371,car,10.0,0.4
609,car,10.0,0.4
752,car,9.0,0.36
752,car,9.0,0.36
217,traffic light,9.0,0.36
866,car,9.0,0.36
866,car,9.0,0.36
752,car,9.0,0.36
609,car,9.0,0.36
609,car,9.0,0.36
866,car,9.0,0.36
609,car,9.0,0.36
609,car,9.0,0.36
1116,car,9.0,0.36
866,car,9.0,0.36
866,car,9.0,0.36
866,car,9.0,0.36
609,car,9.0,0.36
609,car,9.0,0.36
609,car,9.0,0.36
649,traffic light,9.0,0.36
286,bicycle,9.0,0.36
286,bicycle,9.0,0.36
286,bicycle,9.0,0.36
286,bicycle,9.0,0.36
286,bicycle,9.0,0.36
609,car,9.0,0.36
609,car,9.0,0.36
609,car,9.0,0.36
752,car,9.0,0.36
224,person,9.0,0.36
286,bicycle,9.0,0.36
866,car,9.0,0.36
866,car,9.0,0.36
866,car,9.0,0.36
866,car,9.0,0.36
866,car,9.0,0.36
609,car,9.0,0.36
609,car,9.0,0.36
609,car,9.0,0.36
609,car,9.0,0.36
609,car,9.0,0.36
609,car,9.0,0.36
609,car,9.0,0.36
866,car,9.0,0.36
609,car,9.0,0.36
609,car,9.0,0.36
609,car,9.0,0.36
609,car,9.0,0.36
609,car,9.0,0.36
252,bicycle,9.0,0.36
609,car,9.0,0.36
609,car,9.0,0.36
609,car,9.0,0.36
609,car,9.0,0.36
609,car,9.0,0.36
609,car,9.0,0.36
609,car,9.0,0.36
609,car,9.0,0.36
609,car,9.0,0.36
609,car,9.0,0.36
350,car,9.0,0.36
609,car,9.0,0.36
350,car,9.0,0.36
384,truck,9.0,0.36
866,car,9.0,0.36
609,car,9.0,0.36
609,car,9.0,0.36
609,car,9.0,0.36
866,car,9.0,0.36
866,car,9.0,0.36
866,car,9.0,0.36
671,car,9.0,0.36
609,car,9.0,0.36
609,car,9.0,0.36
671,car,9.0,0.36
609,car,9.0,0.36
609,car,9.0,0.36
671,car,9.0,0.36
609,car,9.0,0.36
609,car,9.0,0.36
609,car,9.0,0.36
866,car,9.0,0.36
609,car,9.0,0.36
866,car,9.0,0.36
609,car,9.0,0.36
609,car,9.0,0.36
609,car,9.0,0.36
609,car,9.0,0.36
609,car,9.0,0.36
491,car,9.0,0.36
866,car,9.0,0.36
1044,car,9.0,0.36
974,car,9.0,0.36
974,car,9.0,0.36
974,car,9.0,0.36
974,car,9.0,0.36
974,car,9.0,0.36
286,bicycle,9.0,0.36
2,car,9.0,0.36
974,car,9.0,0.36
974,car,9.0,0.36
974,car,9.0,0.36
974,car,9.0,0.36
974,car,9.0,0.36
974,car,9.0,0.36
974,car,9.0,0.36
2,car,9.0,0.36
2,car,9.0,0.36
2,car,9.0,0.36
2,car,9.0,0.36
2,car,9.0,0.36
2,car,9.0,0.36
609,car,9.0,0.36
609,car,9.0,0.36
609,car,9.0,0.36
609,car,9.0,0.36
609,car,9.0,0.36
609,car,9.0,0.36
609,car,9.0,0.36
759,traffic light,9.0,0.36
689,car,9.0,0.36
219,person,9.0,0.36
609,car,9.0,0.36
752,car,9.0,0.36
609,car,9.0,0.36
2,car,9.0,0.36
2,car,9.0,0.36
2,car,9.0,0.36
2,car,9.0,0.36
2,car,9.0,0.36
2,car,9.0,0.36
18,person,9.0,0.36
2,car,9.0,0.36
974,car,9.0,0.36
974,car,9.0,0.36
974,car,9.0,0.36
761,truck,9.0,0.36
974,car,9.0,0.36
761,truck,9.0,0.36
974,car,9.0,0.36
424,car,9.0,0.36
286,bicycle,9.0,0.36
286,bicycle,9.0,0.36
286,bicycle,9.0,0.36
188,car,9.0,0.36
188,car,9.0,0.36
420,car,9.0,0.36
419,car,9.0,0.36
98,car,9.0,0.36
483,car,9.0,0.36
483,car,9.0,0.36
98,car,9.0,0.36
494,car,9.0,0.36
98,car,9.0,0.36
98,car,9.0,0.36
73,car,9.0,0.36
73,car,9.0,0.36
73,car,9.0,0.36
73,car,9.0,0.36
249,person,9.0,0.36
249,person,9.0,0.36
974,car,9.0,0.36
974,car,9.0,0.36
286,bicycle,9.0,0.36
586,car,9.0,0.36
18,person,9.0,0.36
586,car,9.0,0.36
761,truck,9.0,0.36
761,truck,9.0,0.36
253,person,9.0,0.36
857,car,9.0,0.36
73,car,9.0,0.36
73,car,9.0,0.36
95,car,9.0,0.36
98,car,9.0,0.36
219,person,9.0,0.36
253,person,9.0,0.36
624,car,9.0,0.36
759,traffic light,9.0,0.36
759,traffic light,9.0,0.36
609,car,9.0,0.36
283,person,9.0,0.36
974,car,9.0,0.36
253,person,9.0,0.36
286,bicycle,9.0,0.36
611,car,9.0,0.36
773,car,9.0,0.36
596,car,9.0,0.36
188,car,9.0,0.36
611,car,9.0,0.36
18,person,9.0,0.36
2,car,9.0,0.36
2,car,9.0,0.36
2,car,9.0,0.36
2,car,9.0,0.36
2,car,9.0,0.36
752,car,9.0,0.36
752,car,9.0,0.36
474,car,9.0,0.36
172,car,9.0,0.36
474,car,9.0,0.36
474,car,9.0,0.36
474,car,9.0,0.36
479,car,9.0,0.36
144,car,9.0,0.36
253,person,9.0,0.36
253,person,9.0,0.36
609,car,9.0,0.36
459,truck,9.0,0.36
459,truck,9.0,0.36
459,truck,9.0,0.36
424,car,9.0,0.36
532,car,9.0,0.36
759,traffic light,9.0,0.36
759,traffic light,9.0,0.36
759,traffic light,9.0,0.36
759,traffic light,9.0,0.36
609,car,9.0,0.36
861,car,9.0,0.36
857,car,9.0,0.36
218,person,9.0,0.36
773,car,9.0,0.36
773,car,9.0,0.36
773,car,9.0,0.36
446,car,9.0,0.36
218,person,9.0,0.36
218,person,9.0,0.36
238,car,9.0,0.36
218,person,9.0,0.36
974,car,9.0,0.36
974,car,9.0,0.36
218,person,9.0,0.36
773,car,9.0,0.36
958,car,9.0,0.36
571,car,9.0,0.36
239,person,9.0,0.36
98,car,9.0,0.36
239,person,9.0,0.36
861,car,9.0,0.36
483,car,9.0,0.36
483,car,9.0,0.36
700,car,9.0,0.36
249,person,9.0,0.36
239,person,9.0,0.36
695,car,9.0,0.36
424,car,9.0,0.36
420,car,9.0,0.36
1020,car,9.0,0.36
746,car,9.0,0.36
474,car,9.0,0.36
746,car,9.0,0.36
193,car,9.0,0.36
238,car,9.0,0.36
613,car,9.0,0.36
613,car,9.0,0.36
613,car,9.0,0.36
611,car,9.0,0.36
753,car,9.0,0.36
967,person,9.0,0.36
753,car,9.0,0.36
967,person,9.0,0.36
753,car,9.0,0.36
790,car,9.0,0.36
249,person,9.0,0.36
974,car,9.0,0.36
974,car,9.0,0.36
752,car,9.0,0.36
255,person,9.0,0.36
585,car,9.0,0.36
474,car,9.0,0.36
2,car,9.0,0.36
2,car,9.0,0.36
2,car,9.0,0.36
752,car,9.0,0.36
2,car,9.0,0.36
782,car,9.0,0.36
229,bicycle,9.0,0.36
289,bicycle,9.0,0.36
286,bicycle,9.0,0.36
286,bicycle,9.0,0.36
1023,car,9.0,0.36
1020,car,9.0,0.36
647,car,9.0,0.36
701,car,9.0,0.36
693,car,9.0,0.36
98,car,9.0,0.36
752,car,9.0,0.36
571,car,9.0,0.36
571,car,9.0,0.36
145,car,9.0,0.36
145,car,9.0,0.36
739,car,9.0,0.36
746,car,9.0,0.36
746,car,9.0,0.36
748,car,9.0,0.36
746,car,9.0,0.36
922,car,9.0,0.36
93,car,9.0,0.36
286,bicycle,9.0,0.36
624,car,9.0,0.36
752,car,9.0,0.36
76,car,9.0,0.36
467,car,9.0,0.36
752,car,9.0,0.36
752,car,9.0,0.36
752,car,9.0,0.36
1023,car,9.0,0.36
1020,car,9.0,0.36
596,car,9.0,0.36
596,car,9.0,0.36
219,person,9.0,0.36
217,traffic light,9.0,0.36
219,person,9.0,0.36
218,person,9.0,0.36
66,car,9.0,0.36
752,car,9.0,0.36
144,car,9.0,0.36
570,car,9.0,0.36
144,car,9.0,0.36
144,car,9.0,0.36
752,car,9.0,0.36
752,car,9.0,0.36
752,car,9.0,0.36
752,car,9.0,0.36
752,car,9.0,0.36
752,car,9.0,0.36
752,car,9.0,0.36
752,car,9.0,0.36
401,car,9.0,0.36
402,car,9.0,0.36
402,car,9.0,0.36
739,car,9.0,0.36
479,car,9.0,0.36
261,person,9.0,0.36
247,person,9.0,0.36
609,car,9.0,0.36
609,car,9.0,0.36
609,car,9.0,0.36
144,car,9.0,0.36
700,car,9.0,0.36
102,car,9.0,0.36
859,car,9.0,0.36
700,car,9.0,0.36
695,car,9.0,0.36
695,car,9.0,0.36
93,car,9.0,0.36
222,person,9.0,0.36
257,person,9.0,0.36
624,car,9.0,0.36
624,car,9.0,0.36
752,car,9.0,0.36
752,car,9.0,0.36
144,car,9.0,0.36
609,car,9.0,0.36
609,car,9.0,0.36
570,car,9.0,0.36
570,car,9.0,0.36
609,car,9.0,0.36
609,car,9.0,0.36
609,car,9.0,0.36
609,car,9.0,0.36
737,car,9.0,0.36
609,car,9.0,0.36
609,car,9.0,0.36
737,car,9.0,0.36
92,car,9.0,0.36
1029,car,9.0,0.36
1020,car,9.0,0.36
615,car,9.0,0.36
615,car,9.0,0.36
615,car,9.0,0.36
761,truck,9.0,0.36
752,car,9.0,0.36
752,car,9.0,0.36
257,person,9.0,0.36
538,car,9.0,0.36
538,car,9.0,0.36
701,car,9.0,0.36
752,car,9.0,0.36
401,car,9.0,0.36
609,car,9.0,0.36
737,car,9.0,0.36
609,car,9.0,0.36
609,car,9.0,0.36
609,car,9.0,0.36
609,car,9.0,0.36
752,car,9.0,0.36
752,car,9.0,0.36
752,car,9.0,0.36
752,car,9.0,0.36
753,car,9.0,0.36
752,car,9.0,0.36
752,car,9.0,0.36
752,car,9.0,0.36
753,car,9.0,0.36
752,car,9.0,0.36
753,car,9.0,0.36
752,car,9.0,0.36
753,car,9.0,0.36
2,car,9.0,0.36
753,car,9.0,0.36
752,car,9.0,0.36
753,car,9.0,0.36
752,car,9.0,0.36
752,car,9.0,0.36
753,car,9.0,0.36
753,car,9.0,0.36
117,truck,9.0,0.36
92,car,9.0,0.36
752,car,9.0,0.36
1035,car,9.0,0.36
1023,car,9.0,0.36
777,car,9.0,0.36
752,car,9.0,0.36
752,car,9.0,0.36
752,car,9.0,0.36
307,bicycle,9.0,0.36
307,bicycle,9.0,0.36
752,car,9.0,0.36
753,car,9.0,0.36
752,car,9.0,0.36
2,car,9.0,0.36
2,car,9.0,0.36
609,car,9.0,0.36
609,car,9.0,0.36
609,car,9.0,0.36
609,car,9.0,0.36
731,car,9.0,0.36
609,car,9.0,0.36
609,car,9.0,0.36
609,car,9.0,0.36
609,car,9.0,0.36
59,car,9.0,0.36
752,car,9.0,0.36
752,car,9.0,0.36
752,car,9.0,0.36
647,car,9.0,0.36
1111,car,9.0,0.36
117,truck,9.0,0.36
117,truck,9.0,0.36
59,car,9.0,0.36
642,car,9.0,0.36
646,car,9.0,0.36
257,person,9.0,0.36
545,car,9.0,0.36
752,car,9.0,0.36
752,car,9.0,0.36
609,car,9.0,0.36
609,car,9.0,0.36
217,traffic light,9.0,0.36
609,car,9.0,0.36
609,car,9.0,0.36
570,car,9.0,0.36
722,car,9.0,0.36
609,car,9.0,0.36
609,car,9.0,0.36
609,car,9.0,0.36
609,car,9.0,0.36
480,car,9.0,0.36
609,car,9.0,0.36
609,car,9.0,0.36
224,person,9.0,0.36
234,car,9.0,0.36
609,car,9.0,0.36
707,car,9.0,0.36
707,car,9.0,0.36
700,car,9.0,0.36
384,truck,9.0,0.36
384,truck,9.0,0.36
384,truck,9.0,0.36
384,truck,9.0,0.36
234,car,9.0,0.36
1029,car,9.0,0.36
1029,car,9.0,0.36
468,car,9.0,0.36
468,car,9.0,0.36
249,person,9.0,0.36
609,car,9.0,0.36
717,car,9.0,0.36
234,car,9.0,0.36
609,car,9.0,0.36
941,car,9.0,0.36
261,person,9.0,0.36
609,car,9.0,0.36
426,car,9.0,0.36
609,car,9.0,0.36
752,car,9.0,0.36
752,car,9.0,0.36
759,traffic light,9.0,0.36
752,car,9.0,0.36
752,car,9.0,0.36
752,car,9.0,0.36
753,car,9.0,0.36
604,car,9.0,0.36
974,car,9.0,0.36
974,car,9.0,0.36
974,car,9.0,0.36
234,car,9.0,0.36
234,car,9.0,0.36
2,car,9.0,0.36
117,car,9.0,0.36
261,person,9.0,0.36
261,person,9.0,0.36
59,car,9.0,0.36
842,car,9.0,0.36
59,car,9.0,0.36
266,bicycle,9.0,0.36
350,car,9.0,0.36
117,truck,9.0,0.36
257,person,9.0,0.36
234,car,9.0,0.36
234,car,9.0,0.36
821,car,9.0,0.36
560,car,9.0,0.36
632,car,9.0,0.36
234,car,9.0,0.36
257,person,9.0,0.36
257,person,9.0,0.36
234,car,9.0,0.36
752,car,9.0,0.36
752,car,9.0,0.36
630,car,9.0,0.36
234,car,9.0,0.36
753,car,9.0,0.36
753,car,9.0,0.36
752,car,9.0,0.36
752,car,9.0,0.36
752,car,9.0,0.36
752,car,9.0,0.36
752,car,9.0,0.36
2,car,9.0,0.36
2,car,9.0,0.36
260,bicycle,9.0,0.36
260,bicycle,9.0,0.36
752,car,9.0,0.36
752,car,9.0,0.36
752,car,9.0,0.36
752,car,9.0,0.36
1029,car,9.0,0.36
1029,car,9.0,0.36
399,car,9.0,0.36
304,car,9.0,0.36
304,car,9.0,0.36
2,car,9.0,0.36
400,car,9.0,0.36
2,car,9.0,0.36
2,car,9.0,0.36
289,bicycle,9.0,0.36
2,car,9.0,0.36
407,car,9.0,0.36
1029,car,9.0,0.36
826,car,9.0,0.36
826,car,9.0,0.36
826,car,9.0,0.36
304,car,9.0,0.36
2,car,9.0,0.36
778,car,9.0,0.36
558,car,9.0,0.36
557,person,9.0,0.36
1111,car,9.0,0.36
234,car,9.0,0.36
234,car,9.0,0.36
752,car,9.0,0.36
752,car,9.0,0.36
752,car,9.0,0.36
752,car,9.0,0.36
261,person,9.0,0.36
717,car,9.0,0.36
752,car,9.0,0.36
941,car,9.0,0.36
700,car,9.0,0.36
59,car,9.0,0.36
234,car,9.0,0.36
125,car,9.0,0.36
119,car,9.0,0.36
222,person,9.0,0.36
266,bicycle,9.0,0.36
717,car,9.0,0.36
705,car,9.0,0.36
705,car,9.0,0.36
609,car,9.0,0.36
609,car,9.0,0.36
609,car,9.0,0.36
609,car,9.0,0.36
622,car,9.0,0.36
752,car,9.0,0.36
752,car,9.0,0.36
752,car,9.0,0.36
609,car,9.0,0.36
622,car,9.0,0.36
609,car,9.0,0.36
752,car,9.0,0.36
752,car,9.0,0.36
752,car,9.0,0.36
609,car,9.0,0.36
609,car,9.0,0.36
609,car,9.0,0.36
609,car,9.0,0.36
609,car,9.0,0.36
752,car,9.0,0.36
752,car,9.0,0.36
217,traffic light,9.0,0.36
752,car,9.0,0.36
752,car,9.0,0.36
188,car,9.0,0.36
609,car,9.0,0.36
609,car,9.0,0.36
609,car,9.0,0.36
609,car,9.0,0.36
609,car,9.0,0.36
609,car,9.0,0.36
609,car,9.0,0.36
609,car,9.0,0.36
609,car,9.0,0.36
752,car,9.0,0.36
366,car,9.0,0.36
752,car,9.0,0.36
752,car,9.0,0.36
445,car,8.0,0.32
235,person,8.0,0.32
866,car,8.0,0.32
1044,car,8.0,0.32
671,car,8.0,0.32
752,car,8.0,0.32
353,car,8.0,0.32
1116,car,8.0,0.32
1116,car,8.0,0.32
260,bicycle,8.0,0.32
235,person,8.0,0.32
235,person,8.0,0.32
359,car,8.0,0.32
265,bicycle,8.0,0.32
217,traffic light,8.0,0.32
359,car,8.0,0.32
219,person,8.0,0.32
257,person,8.0,0.32
761,truck,8.0,0.32
761,truck,8.0,0.32
2,car,8.0,0.32
498,traffic light,8.0,0.32
498,traffic light,8.0,0.32
828,car,8.0,0.32
257,person,8.0,0.32
826,car,8.0,0.32
260,bicycle,8.0,0.32
260,bicycle,8.0,0.32
260,bicycle,8.0,0.32
283,person,8.0,0.32
257,person,8.0,0.32
974,car,8.0,0.32
974,car,8.0,0.32
460,car,8.0,0.32
257,person,8.0,0.32
253,person,8.0,0.32
253,person,8.0,0.32
835,car,8.0,0.32
224,person,8.0,0.32
224,person,8.0,0.32
234,car,8.0,0.32
615,car,8.0,0.32
247,person,8.0,0.32
18,person,8.0,0.32
260,bicycle,8.0,0.32
420,car,8.0,0.32
761,truck,8.0,0.32
689,car,8.0,0.32
222,person,8.0,0.32
218,person,8.0,0.32
624,car,8.0,0.32
624,car,8.0,0.32
218,person,8.0,0.32
609,car,8.0,0.32
689,car,8.0,0.32
689,car,8.0,0.32
586,car,8.0,0.32
586,car,8.0,0.32
748,car,8.0,0.32
586,car,8.0,0.32
759,traffic light,8.0,0.32
255,person,8.0,0.32
255,person,8.0,0.32
761,truck,8.0,0.32
761,truck,8.0,0.32
218,person,8.0,0.32
479,car,8.0,0.32
98,car,8.0,0.32
98,car,8.0,0.32
98,car,8.0,0.32
586,car,8.0,0.32
26,person,8.0,0.32
255,person,8.0,0.32
419,car,8.0,0.32
1023,car,8.0,0.32
76,car,8.0,0.32
98,car,8.0,0.32
861,car,8.0,0.32
611,car,8.0,0.32
222,person,8.0,0.32
483,car,8.0,0.32
134,car,8.0,0.32
249,person,8.0,0.32
249,person,8.0,0.32
722,car,8.0,0.32
818,car,8.0,0.32
75,car,8.0,0.32
841,car,8.0,0.32
234,car,8.0,0.32
720,car,8.0,0.32
234,car,8.0,0.32
117,truck,8.0,0.32
75,car,8.0,0.32
257,person,8.0,0.32
261,person,8.0,0.32
224,person,8.0,0.32
224,person,8.0,0.32
753,car,8.0,0.32
753,car,8.0,0.32
753,car,8.0,0.32
261,person,8.0,0.32
777,car,8.0,0.32
304,car,8.0,0.32
974,car,8.0,0.32
974,car,8.0,0.32
761,truck,8.0,0.32
761,truck,8.0,0.32
419,car,8.0,0.32
424,car,8.0,0.32
219,person,8.0,0.32
941,car,8.0,0.32
426,car,8.0,0.32
426,car,8.0,0.32
604,car,8.0,0.32
234,car,8.0,0.32
624,car,8.0,0.32
861,car,8.0,0.32
249,person,8.0,0.32
611,car,8.0,0.32
253,person,8.0,0.32
253,person,8.0,0.32
253,person,8.0,0.32
491,car,8.0,0.32
609,car,8.0,0.32
748,car,8.0,0.32
857,car,8.0,0.32
861,car,8.0,0.32
586,car,8.0,0.32
586,car,8.0,0.32
521,car,8.0,0.32
234,car,8.0,0.32
255,person,8.0,0.32
255,person,8.0,0.32
1029,car,8.0,0.32
307,bicycle,8.0,0.32
307,bicycle,8.0,0.32
394,car,8.0,0.32
1111,car,8.0,0.32
1111,car,8.0,0.32
234,car,8.0,0.32
633,car,8.0,0.32
974,car,8.0,0.32
974,car,8.0,0.32
249,person,8.0,0.32
224,person,8.0,0.32
384,truck,8.0,0.32
234,car,8.0,0.32
479,car,8.0,0.32
467,car,8.0,0.32
761,truck,8.0,0.32
168,car,8.0,0.32
168,car,8.0,0.32
468,car,8.0,0.32
238,car,8.0,0.32
253,person,8.0,0.32
168,car,8.0,0.32
168,car,8.0,0.32
611,car,8.0,0.32
255,person,8.0,0.32
445,car,8.0,0.32
866,car,8.0,0.32
866,car,8.0,0.32
172,car,8.0,0.32
722,car,8.0,0.32
239,person,8.0,0.32
570,car,8.0,0.32
117,truck,8.0,0.32
59,car,8.0,0.32
729,car,8.0,0.32
76,car,8.0,0.32
249,person,8.0,0.32
538,car,8.0,0.32
538,car,8.0,0.32
941,car,8.0,0.32
480,car,8.0,0.32
1111,car,8.0,0.32
532,car,8.0,0.32
521,car,8.0,0.32
261,person,8.0,0.32
480,car,8.0,0.32
253,person,8.0,0.32
861,car,8.0,0.32
261,person,8.0,0.32
624,car,8.0,0.32
759,traffic light,8.0,0.32
260,bicycle,8.0,0.32
445,car,8.0,0.32
261,person,8.0,0.32
861,car,8.0,0.32
238,car,8.0,0.32
479,car,8.0,0.32
152,car,8.0,0.32
624,car,8.0,0.32
759,traffic light,8.0,0.32
759,traffic light,8.0,0.32
731,car,8.0,0.32
18,person,8.0,0.32
224,person,8.0,0.32
407,car,8.0,0.32
419,car,8.0,0.32
419,car,8.0,0.32
249,person,8.0,0.32
1029,car,8.0,0.32
283,person,8.0,0.32
419,car,8.0,0.32
570,car,8.0,0.32
144,car,8.0,0.32
177,person,8.0,0.32
467,car,8.0,0.32
1005,car,8.0,0.32
1020,car,8.0,0.32
1020,car,8.0,0.32
1010,car,8.0,0.32
260,bicycle,8.0,0.32
257,person,8.0,0.32
700,car,8.0,0.32
700,car,8.0,0.32
700,car,8.0,0.32
96,car,8.0,0.32
417,car,8.0,0.32
1023,car,8.0,0.32
238,car,8.0,0.32
479,car,8.0,0.32
700,car,8.0,0.32
235,person,8.0,0.32
286,bicycle,8.0,0.32
1035,car,8.0,0.32
585,car,8.0,0.32
275,bicycle,8.0,0.32
235,person,8.0,0.32
239,person,8.0,0.32
532,car,8.0,0.32
105,car,8.0,0.32
95,car,8.0,0.32
613,car,8.0,0.32
701,car,8.0,0.32
615,car,8.0,0.32
753,car,8.0,0.32
401,car,8.0,0.32
707,car,8.0,0.32
229,bicycle,8.0,0.32
239,person,8.0,0.32
239,person,8.0,0.32
239,person,8.0,0.32
615,car,8.0,0.32
731,car,8.0,0.32
224,person,8.0,0.32
224,person,8.0,0.32
93,car,8.0,0.32
255,person,8.0,0.32
255,person,8.0,0.32
753,car,8.0,0.32
260,bicycle,8.0,0.32
585,car,8.0,0.32
958,car,8.0,0.32
749,person,8.0,0.32
866,car,8.0,0.32
255,person,8.0,0.32
261,person,8.0,0.32
261,person,8.0,0.32
257,person,8.0,0.32
630,car,8.0,0.32
66,car,8.0,0.32
260,bicycle,8.0,0.32
239,person,8.0,0.32
239,person,8.0,0.32
260,bicycle,8.0,0.32
624,car,8.0,0.32
731,car,8.0,0.32
759,traffic light,8.0,0.32
222,person,8.0,0.32
705,car,8.0,0.32
705,car,8.0,0.32
705,car,8.0,0.32
701,car,8.0,0.32
260,bicycle,8.0,0.32
532,car,8.0,0.32
537,car,8.0,0.32
707,car,8.0,0.32
222,person,8.0,0.32
695,car,8.0,0.32
783,car,8.0,0.32
695,car,8.0,0.32
693,car,8.0,0.32
746,car,8.0,0.32
222,person,8.0,0.32
483,car,8.0,0.32
647,car,8.0,0.32
624,car,8.0,0.32
624,car,8.0,0.32
239,person,8.0,0.32
861,car,8.0,0.32
98,car,8.0,0.32
222,person,8.0,0.32
216,person,8.0,0.32
753,car,8.0,0.32
216,person,8.0,0.32
222,person,8.0,0.32
275,bicycle,8.0,0.32
247,person,8.0,0.32
66,car,8.0,0.32
217,traffic light,8.0,0.32
222,person,8.0,0.32
705,car,8.0,0.32
196,car,8.0,0.32
219,person,8.0,0.32
144,car,8.0,0.32
261,person,8.0,0.32
59,car,8.0,0.32
630,car,8.0,0.32
753,car,8.0,0.32
955,car,8.0,0.32
216,person,8.0,0.32
239,person,8.0,0.32
239,person,8.0,0.32
239,person,8.0,0.32
731,car,8.0,0.32
759,traffic light,8.0,0.32
286,bicycle,8.0,0.32
218,person,8.0,0.32
216,person,8.0,0.32
93,car,8.0,0.32
73,truck,8.0,0.32
257,person,8.0,0.32
596,car,8.0,0.32
467,car,8.0,0.32
923,person,8.0,0.32
746,car,8.0,0.32
36,person,8.0,0.32
286,bicycle,8.0,0.32
93,car,8.0,0.32
571,car,8.0,0.32
144,car,8.0,0.32
144,car,8.0,0.32
624,car,8.0,0.32
746,car,8.0,0.32
1116,car,8.0,0.32
219,person,8.0,0.32
219,person,8.0,0.32
1116,car,8.0,0.32
375,car,8.0,0.32
609,car,8.0,0.32
234,car,8.0,0.32
1111,car,8.0,0.32
1111,car,8.0,0.32
776,car,8.0,0.32
188,car,8.0,0.32
1116,car,8.0,0.32
700,car,8.0,0.32
634,car,8.0,0.32
59,car,8.0,0.32
671,car,8.0,0.32
671,car,8.0,0.32
235,person,8.0,0.32
491,car,8.0,0.32
491,car,8.0,0.32
497,car,8.0,0.32
491,car,8.0,0.32
974,car,8.0,0.32
870,traffic light,8.0,0.32
746,car,8.0,0.32
1044,car,8.0,0.32
1044,car,8.0,0.32
870,traffic light,8.0,0.32
870,traffic light,8.0,0.32
480,car,8.0,0.32
491,car,8.0,0.32
217,traffic light,8.0,0.32
217,traffic light,8.0,0.32
367,car,8.0,0.32
219,person,8.0,0.32
647,car,8.0,0.32
870,traffic light,8.0,0.32
870,traffic light,7.000000000000001,0.28
1116,car,7.000000000000001,0.28
870,traffic light,7.000000000000001,0.28
870,traffic light,7.000000000000001,0.28
265,bicycle,7.000000000000001,0.28
235,person,7.000000000000001,0.28
647,car,7.000000000000001,0.28
870,traffic light,7.000000000000001,0.28
494,car,7.000000000000001,0.28
870,traffic light,7.000000000000001,0.28
870,traffic light,7.000000000000001,0.28
255,person,7.000000000000001,0.28
255,person,7.000000000000001,0.28
649,traffic light,7.000000000000001,0.28
235,person,7.000000000000001,0.28
235,person,7.000000000000001,0.28
639,traffic light,7.000000000000001,0.28
1029,car,7.000000000000001,0.28
253,person,7.000000000000001,0.28
222,person,7.000000000000001,0.28
222,person,7.000000000000001,0.28
222,person,7.000000000000001,0.28
402,car,7.000000000000001,0.28
707,car,7.000000000000001,0.28
639,traffic light,7.000000000000001,0.28
1093,truck,7.000000000000001,0.28
1093,truck,7.000000000000001,0.28
1093,truck,7.000000000000001,0.28
222,person,7.000000000000001,0.28
717,car,7.000000000000001,0.28
1093,truck,7.000000000000001,0.28
261,person,7.000000000000001,0.28
1029,car,7.000000000000001,0.28
261,person,7.000000000000001,0.28
257,person,7.000000000000001,0.28
253,person,7.000000000000001,0.28
261,person,7.000000000000001,0.28
1093,truck,7.000000000000001,0.28
1093,truck,7.000000000000001,0.28
1093,truck,7.000000000000001,0.28
222,person,7.000000000000001,0.28
247,person,7.000000000000001,0.28
260,bicycle,7.000000000000001,0.28
260,bicycle,7.000000000000001,0.28
426,car,7.000000000000001,0.28
615,car,7.000000000000001,0.28
759,traffic light,7.000000000000001,0.28
759,traffic light,7.000000000000001,0.28
222,person,7.000000000000001,0.28
759,traffic light,7.000000000000001,0.28
219,person,7.000000000000001,0.28
219,person,7.000000000000001,0.28
247,person,7.000000000000001,0.28
761,truck,7.000000000000001,0.28
761,truck,7.000000000000001,0.28
571,car,7.000000000000001,0.28
759,traffic light,7.000000000000001,0.28
1035,car,7.000000000000001,0.28
239,person,7.000000000000001,0.28
62,car,7.000000000000001,0.28
76,car,7.000000000000001,0.28
753,car,7.000000000000001,0.28
219,person,7.000000000000001,0.28
759,traffic light,7.000000000000001,0.28
219,person,7.000000000000001,0.28
222,person,7.000000000000001,0.28
219,person,7.000000000000001,0.28
483,car,7.000000000000001,0.28
689,car,7.000000000000001,0.28
66,car,7.000000000000001,0.28
59,car,7.000000000000001,0.28
239,person,7.000000000000001,0.28
239,person,7.000000000000001,0.28
759,traffic light,7.000000000000001,0.28
217,traffic light,7.000000000000001,0.28
247,person,7.000000000000001,0.28
739,car,7.000000000000001,0.28
700,car,7.000000000000001,0.28
286,bicycle,7.000000000000001,0.28
286,bicycle,7.000000000000001,0.28
260,bicycle,7.000000000000001,0.28
257,person,7.000000000000001,0.28
436,car,7.000000000000001,0.28
941,car,7.000000000000001,0.28
615,car,7.000000000000001,0.28
257,person,7.000000000000001,0.28
224,person,7.000000000000001,0.28
701,car,7.000000000000001,0.28
76,car,7.000000000000001,0.28
219,person,7.000000000000001,0.28
219,person,7.000000000000001,0.28
923,person,7.000000000000001,0.28
253,person,7.000000000000001,0.28
253,person,7.000000000000001,0.28
257,person,7.000000000000001,0.28
705,car,7.000000000000001,0.28
613,car,7.000000000000001,0.28
967,person,7.000000000000001,0.28
967,person,7.000000000000001,0.28
260,bicycle,7.000000000000001,0.28
753,car,7.000000000000001,0.28
224,person,7.000000000000001,0.28
224,person,7.000000000000001,0.28
255,person,7.000000000000001,0.28
249,person,7.000000000000001,0.28
759,traffic light,7.000000000000001,0.28
256,person,7.000000000000001,0.28
66,car,7.000000000000001,0.28
260,bicycle,7.000000000000001,0.28
257,person,7.000000000000001,0.28
958,car,7.000000000000001,0.28
748,car,7.000000000000001,0.28
958,car,7.000000000000001,0.28
307,bicycle,7.000000000000001,0.28
731,car,7.000000000000001,0.28
307,bicycle,7.000000000000001,0.28
224,person,7.000000000000001,0.28
239,person,7.000000000000001,0.28
239,person,7.000000000000001,0.28
144,car,7.000000000000001,0.28
624,car,7.000000000000001,0.28
783,car,7.000000000000001,0.28
411,car,7.000000000000001,0.28
417,car,7.000000000000001,0.28
759,traffic light,7.000000000000001,0.28
759,traffic light,7.000000000000001,0.28
253,person,7.000000000000001,0.28
1093,truck,7.000000000000001,0.28
731,car,7.000000000000001,0.28
247,person,7.000000000000001,0.28
1010,car,7.000000000000001,0.28
238,car,7.000000000000001,0.28
307,bicycle,7.000000000000001,0.28
234,car,7.000000000000001,0.28
224,person,7.000000000000001,0.28
759,traffic light,7.000000000000001,0.28
1010,car,7.000000000000001,0.28
224,person,7.000000000000001,0.28
1044,car,7.000000000000001,0.28
261,person,7.000000000000001,0.28
478,car,7.000000000000001,0.28
249,person,7.000000000000001,0.28
257,person,7.000000000000001,0.28
532,car,7.000000000000001,0.28
218,person,7.000000000000001,0.28
1093,truck,7.000000000000001,0.28
1093,truck,7.000000000000001,0.28
534,car,7.000000000000001,0.28
222,person,7.000000000000001,0.28
222,person,7.000000000000001,0.28
480,car,7.000000000000001,0.28
436,car,7.000000000000001,0.28
1044,car,7.000000000000001,0.28
759,traffic light,7.000000000000001,0.28
249,person,7.000000000000001,0.28
102,car,7.000000000000001,0.28
534,car,7.000000000000001,0.28
76,car,7.000000000000001,0.28
59,car,7.000000000000001,0.28
234,car,7.000000000000001,0.28
630,car,7.000000000000001,0.28
532,car,7.000000000000001,0.28
218,person,7.000000000000001,0.28
1093,truck,7.000000000000001,0.28
66,car,7.000000000000001,0.28
630,car,7.000000000000001,0.28
76,car,7.000000000000001,0.28
76,car,7.000000000000001,0.28
76,car,7.000000000000001,0.28
624,car,7.000000000000001,0.28
456,car,7.000000000000001,0.28
456,car,7.000000000000001,0.28
586,car,7.000000000000001,0.28
861,car,7.000000000000001,0.28
624,car,7.000000000000001,0.28
218,person,7.000000000000001,0.28
2,car,7.000000000000001,0.28
1029,car,7.000000000000001,0.28
423,car,7.000000000000001,0.28
219,person,7.000000000000001,0.28
1093,truck,7.000000000000001,0.28
247,person,7.000000000000001,0.28
257,person,7.000000000000001,0.28
145,car,7.000000000000001,0.28
491,car,7.000000000000001,0.28
1029,car,7.000000000000001,0.28
1029,car,7.000000000000001,0.28
1029,car,7.000000000000001,0.28
1029,car,7.000000000000001,0.28
1029,car,7.000000000000001,0.28
283,person,7.000000000000001,0.28
18,person,7.000000000000001,0.28
1093,truck,7.000000000000001,0.28
2,car,7.000000000000001,0.28
748,car,7.000000000000001,0.28
238,car,7.000000000000001,0.28
224,person,7.000000000000001,0.28
238,car,7.000000000000001,0.28
974,car,7.000000000000001,0.28
379,car,7.000000000000001,0.28
234,car,7.000000000000001,0.28
1044,car,7.000000000000001,0.28
168,car,7.000000000000001,0.28
168,car,7.000000000000001,0.28
224,person,7.000000000000001,0.28
222,person,7.000000000000001,0.28
224,person,7.000000000000001,0.28
222,person,7.000000000000001,0.28
247,person,7.000000000000001,0.28
255,person,7.000000000000001,0.28
759,traffic light,7.000000000000001,0.28
255,person,7.000000000000001,0.28
249,person,7.000000000000001,0.28
249,person,7.000000000000001,0.28
183,car,7.000000000000001,0.28
604,car,7.000000000000001,0.28
700,car,7.000000000000001,0.28
224,person,7.000000000000001,0.28
761,truck,7.000000000000001,0.28
761,truck,7.000000000000001,0.28
423,car,7.000000000000001,0.28
941,car,7.000000000000001,0.28
257,person,7.000000000000001,0.28
255,person,7.000000000000001,0.28
255,person,7.000000000000001,0.28
218,person,7.000000000000001,0.28
219,person,7.000000000000001,0.28
759,traffic light,7.000000000000001,0.28
759,traffic light,7.000000000000001,0.28
748,car,7.000000000000001,0.28
1093,truck,7.000000000000001,0.28
722,car,7.000000000000001,0.28
566,car,7.000000000000001,0.28
441,car,7.000000000000001,0.28
249,person,7.000000000000001,0.28
249,person,7.000000000000001,0.28
249,person,7.000000000000001,0.28
249,person,7.000000000000001,0.28
689,car,7.000000000000001,0.28
218,person,7.000000000000001,0.28
759,traffic light,7.000000000000001,0.28
624,car,7.000000000000001,0.28
222,person,7.000000000000001,0.28
219,person,7.000000000000001,0.28
218,person,7.000000000000001,0.28
222,person,7.000000000000001,0.28
219,person,7.000000000000001,0.28
761,truck,7.000000000000001,0.28
255,person,7.000000000000001,0.28
1010,car,7.000000000000001,0.28
304,car,7.000000000000001,0.28
609,car,7.000000000000001,0.28
859,car,7.000000000000001,0.28
613,car,7.000000000000001,0.28
255,person,7.000000000000001,0.28
585,car,7.000000000000001,0.28
748,car,7.000000000000001,0.28
76,car,7.000000000000001,0.28
76,car,7.000000000000001,0.28
821,car,7.000000000000001,0.28
611,car,7.000000000000001,0.28
443,car,7.000000000000001,0.28
304,car,7.000000000000001,0.28
1010,car,7.000000000000001,0.28
1010,car,7.000000000000001,0.28
705,car,7.000000000000001,0.28
222,person,7.000000000000001,0.28
234,car,7.000000000000001,0.28
59,car,7.000000000000001,0.28
261,person,7.000000000000001,0.28
261,person,7.000000000000001,0.28
538,car,7.000000000000001,0.28
222,person,7.000000000000001,0.28
494,car,7.000000000000001,0.28
671,car,7.000000000000001,0.28
671,car,7.000000000000001,0.28
1116,car,7.000000000000001,0.28
183,car,7.000000000000001,0.28
1023,car,7.000000000000001,0.28
447,car,7.000000000000001,0.28
125,car,7.000000000000001,0.28
759,traffic light,7.000000000000001,0.28
761,truck,7.000000000000001,0.28
2,car,7.000000000000001,0.28
363,car,7.000000000000001,0.28
224,person,7.000000000000001,0.28
752,car,7.000000000000001,0.28
383,car,7.000000000000001,0.28
649,traffic light,7.000000000000001,0.28
615,car,7.000000000000001,0.28
615,car,7.000000000000001,0.28
253,person,7.000000000000001,0.28
633,car,7.000000000000001,0.28
261,person,7.000000000000001,0.28
639,traffic light,7.000000000000001,0.28
222,person,7.000000000000001,0.28
261,person,7.000000000000001,0.28
639,traffic light,7.000000000000001,0.28
254,car,7.000000000000001,0.28
119,car,7.000000000000001,0.28
254,car,7.000000000000001,0.28
254,car,7.000000000000001,0.28
630,car,7.000000000000001,0.28
224,person,7.000000000000001,0.28
283,person,7.000000000000001,0.28
224,person,7.000000000000001,0.28
224,person,7.000000000000001,0.28
59,car,7.000000000000001,0.28
135,car,7.000000000000001,0.28
257,person,7.000000000000001,0.28
239,person,7.000000000000001,0.28
759,traffic light,7.000000000000001,0.28
759,traffic light,7.000000000000001,0.28
257,person,7.000000000000001,0.28
291,bus,7.000000000000001,0.28
168,car,7.000000000000001,0.28
596,car,7.000000000000001,0.28
286,bicycle,7.000000000000001,0.28
759,traffic light,7.000000000000001,0.28
407,car,7.000000000000001,0.28
217,traffic light,7.000000000000001,0.28
219,person,7.000000000000001,0.28
377,car,7.000000000000001,0.28
144,car,7.000000000000001,0.28
142,car,7.000000000000001,0.28
218,person,7.000000000000001,0.28
922,car,7.000000000000001,0.28
257,person,7.000000000000001,0.28
257,person,7.000000000000001,0.28
124,car,7.000000000000001,0.28
234,car,7.000000000000001,0.28
59,car,7.000000000000001,0.28
218,person,7.000000000000001,0.28
218,person,7.000000000000001,0.28
218,person,7.000000000000001,0.28
222,person,7.000000000000001,0.28
649,traffic light,7.000000000000001,0.28
372,car,6.0,0.24
609,car,6.0,0.24
624,car,6.0,0.24
870,traffic light,6.0,0.24
649,traffic light,6.0,0.24
222,person,6.0,0.24
222,person,6.0,0.24
222,person,6.0,0.24
222,person,6.0,0.24
222,person,6.0,0.24
1044,car,6.0,0.24
1044,car,6.0,0.24
283,person,6.0,0.24
446,car,6.0,0.24
255,person,6.0,0.24
255,person,6.0,0.24
255,person,6.0,0.24
255,person,6.0,0.24
255,person,6.0,0.24
748,car,6.0,0.24
239,person,6.0,0.24
253,person,6.0,0.24
689,car,6.0,0.24
222,person,6.0,0.24
494,car,6.0,0.24
483,car,6.0,0.24
94,car,6.0,0.24
483,car,6.0,0.24
95,car,6.0,0.24
94,car,6.0,0.24
759,traffic light,6.0,0.24
1010,car,6.0,0.24
304,car,6.0,0.24
304,car,6.0,0.24
304,car,6.0,0.24
1010,car,6.0,0.24
1010,car,6.0,0.24
689,car,6.0,0.24
255,person,6.0,0.24
759,traffic light,6.0,0.24
304,car,6.0,0.24
759,traffic light,6.0,0.24
759,traffic light,6.0,0.24
759,traffic light,6.0,0.24
759,traffic light,6.0,0.24
759,traffic light,6.0,0.24
98,car,6.0,0.24
491,car,6.0,0.24
96,car,6.0,0.24
254,car,6.0,0.24
254,car,6.0,0.24
254,car,6.0,0.24
254,car,6.0,0.24
759,traffic light,6.0,0.24
255,person,6.0,0.24
585,car,6.0,0.24
18,person,6.0,0.24
1035,car,6.0,0.24
1029,car,6.0,0.24
1044,car,6.0,0.24
239,person,6.0,0.24
238,car,6.0,0.24
866,car,6.0,0.24
922,car,6.0,0.24
218,person,6.0,0.24
753,car,6.0,0.24
218,person,6.0,0.24
238,car,6.0,0.24
790,car,6.0,0.24
224,person,6.0,0.24
253,person,6.0,0.24
964,car,6.0,0.24
964,car,6.0,0.24
964,car,6.0,0.24
239,person,6.0,0.24
36,person,6.0,0.24
234,car,6.0,0.24
239,person,6.0,0.24
441,car,6.0,0.24
441,car,6.0,0.24
219,person,6.0,0.24
218,person,6.0,0.24
474,car,6.0,0.24
474,car,6.0,0.24
480,car,6.0,0.24
253,person,6.0,0.24
224,person,6.0,0.24
222,person,6.0,0.24
224,person,6.0,0.24
261,person,6.0,0.24
307,bicycle,6.0,0.24
307,bicycle,6.0,0.24
307,bicycle,6.0,0.24
239,person,6.0,0.24
238,car,6.0,0.24
238,car,6.0,0.24
481,car,6.0,0.24
218,person,6.0,0.24
392,car,6.0,0.24
571,car,6.0,0.24
134,car,6.0,0.24
247,person,6.0,0.24
759,traffic light,6.0,0.24
216,person,6.0,0.24
630,car,6.0,0.24
218,person,6.0,0.24
759,traffic light,6.0,0.24
200,car,6.0,0.24
761,truck,6.0,0.24
761,truck,6.0,0.24
566,car,6.0,0.24
866,car,6.0,0.24
217,traffic light,6.0,0.24
218,person,6.0,0.24
759,traffic light,6.0,0.24
759,traffic light,6.0,0.24
219,person,6.0,0.24
218,person,6.0,0.24
759,traffic light,6.0,0.24
219,person,6.0,0.24
761,truck,6.0,0.24
776,car,6.0,0.24
183,car,6.0,0.24
417,car,6.0,0.24
1010,car,6.0,0.24
254,car,6.0,0.24
478,car,6.0,0.24
217,traffic light,6.0,0.24
217,traffic light,6.0,0.24
1093,truck,6.0,0.24
759,traffic light,6.0,0.24
759,traffic light,6.0,0.24
759,traffic light,6.0,0.24
941,car,6.0,0.24
570,car,6.0,0.24
565,car,6.0,0.24
478,car,6.0,0.24
261,person,6.0,0.24
394,car,6.0,0.24
256,person,6.0,0.24
256,person,6.0,0.24
261,person,6.0,0.24
722,car,6.0,0.24
224,person,6.0,0.24
217,traffic light,6.0,0.24
234,car,6.0,0.24
1093,truck,6.0,0.24
717,car,6.0,0.24
234,car,6.0,0.24
261,person,6.0,0.24
1029,car,6.0,0.24
1029,car,6.0,0.24
304,car,6.0,0.24
239,person,6.0,0.24
781,car,6.0,0.24
1093,truck,6.0,0.24
59,car,6.0,0.24
59,car,6.0,0.24
1093,truck,6.0,0.24
1093,truck,6.0,0.24
1093,truck,6.0,0.24
759,traffic light,6.0,0.24
239,person,6.0,0.24
759,traffic light,6.0,0.24
224,person,6.0,0.24
1029,car,6.0,0.24
1093,truck,6.0,0.24
254,car,6.0,0.24
1093,truck,6.0,0.24
1093,truck,6.0,0.24
1093,truck,6.0,0.24
1093,truck,6.0,0.24
133,car,6.0,0.24
133,car,6.0,0.24
134,car,6.0,0.24
256,person,6.0,0.24
256,person,6.0,0.24
256,person,6.0,0.24
224,person,6.0,0.24
256,person,6.0,0.24
1093,truck,6.0,0.24
624,car,6.0,0.24
256,person,6.0,0.24
119,car,6.0,0.24
224,person,6.0,0.24
222,person,6.0,0.24
304,car,6.0,0.24
400,car,6.0,0.24
461,car,6.0,0.24
222,person,6.0,0.24
941,car,6.0,0.24
615,car,6.0,0.24
59,car,6.0,0.24
59,car,6.0,0.24
124,car,6.0,0.24
256,person,6.0,0.24
256,person,6.0,0.24
633,car,6.0,0.24
254,car,6.0,0.24
222,person,6.0,0.24
761,truck,6.0,0.24
615,car,6.0,0.24
761,truck,6.0,0.24
761,truck,6.0,0.24
761,truck,6.0,0.24
761,truck,6.0,0.24
254,car,6.0,0.24
125,car,6.0,0.24
59,car,6.0,0.24
254,car,6.0,0.24
254,car,6.0,0.24
1093,truck,6.0,0.24
254,car,6.0,0.24
254,car,6.0,0.24
1029,car,6.0,0.24
249,person,6.0,0.24
249,person,6.0,0.24
76,car,6.0,0.24
76,car,6.0,0.24
76,car,6.0,0.24
646,car,6.0,0.24
634,car,6.0,0.24
234,car,6.0,0.24
1029,car,6.0,0.24
1029,car,6.0,0.24
1029,car,6.0,0.24
1029,car,6.0,0.24
1029,car,6.0,0.24
1029,car,6.0,0.24
1029,car,6.0,0.24
234,car,6.0,0.24
254,car,6.0,0.24
102,car,6.0,0.24
254,car,6.0,0.24
234,car,6.0,0.24
234,car,6.0,0.24
234,car,6.0,0.24
254,car,6.0,0.24
116,car,6.0,0.24
222,person,6.0,0.24
117,car,6.0,0.24
117,car,6.0,0.24
59,car,6.0,0.24
254,car,6.0,0.24
254,car,6.0,0.24
254,car,6.0,0.24
255,person,6.0,0.24
1035,car,6.0,0.24
1010,car,6.0,0.24
1010,car,6.0,0.24
1010,car,6.0,0.24
304,car,6.0,0.24
402,car,6.0,0.24
257,person,6.0,0.24
235,person,6.0,0.24
254,car,6.0,0.24
537,car,6.0,0.24
76,car,6.0,0.24
634,car,6.0,0.24
235,person,6.0,0.24
235,person,6.0,0.24
545,car,6.0,0.24
76,car,6.0,0.24
105,car,6.0,0.24
76,car,6.0,0.24
615,car,6.0,0.24
532,car,6.0,0.24
257,person,6.0,0.24
257,person,6.0,0.24
257,person,6.0,0.24
634,car,6.0,0.24
1111,car,6.0,0.24
257,person,6.0,0.24
254,car,6.0,0.24
634,car,6.0,0.24
234,car,6.0,0.24
234,car,6.0,0.24
76,car,6.0,0.24
596,car,6.0,0.24
759,traffic light,6.0,0.24
455,car,6.0,0.24
218,person,6.0,0.24
923,person,6.0,0.24
219,person,6.0,0.24
219,person,6.0,0.24
923,person,6.0,0.24
261,person,6.0,0.24
257,person,6.0,0.24
257,person,6.0,0.24
257,person,6.0,0.24
95,car,6.0,0.24
168,car,6.0,0.24
596,car,6.0,0.24
596,car,6.0,0.24
861,car,6.0,0.24
861,car,6.0,0.24
234,car,6.0,0.24
239,person,6.0,0.24
705,car,6.0,0.24
695,car,6.0,0.24
261,person,6.0,0.24
261,person,6.0,0.24
436,car,6.0,0.24
426,car,6.0,0.24
426,car,6.0,0.24
257,person,6.0,0.24
219,person,6.0,0.24
615,car,6.0,0.24
615,car,6.0,0.24
761,truck,6.0,0.24
247,person,6.0,0.24
438,car,6.0,0.24
304,car,6.0,0.24
624,car,6.0,0.24
532,car,6.0,0.24
239,person,6.0,0.24
235,person,6.0,0.24
239,person,6.0,0.24
255,person,6.0,0.24
255,person,6.0,0.24
255,person,6.0,0.24
249,person,6.0,0.24
1005,car,6.0,0.24
1010,car,6.0,0.24
754,car,6.0,0.24
247,person,6.0,0.24
235,person,6.0,0.24
239,person,6.0,0.24
239,person,6.0,0.24
235,person,6.0,0.24
219,person,6.0,0.24
255,person,6.0,0.24
1010,car,6.0,0.24
255,person,6.0,0.24
257,person,6.0,0.24
239,person,6.0,0.24
239,person,6.0,0.24
261,person,6.0,0.24
239,person,6.0,0.24
261,person,6.0,0.24
261,person,6.0,0.24
253,person,6.0,0.24
671,car,6.0,0.24
253,person,6.0,0.24
254,car,6.0,0.24
172,car,6.0,0.24
649,traffic light,6.0,0.24
373,car,6.0,0.24
373,car,6.0,0.24
238,car,6.0,0.24
222,person,6.0,0.24
222,person,6.0,0.24
222,person,6.0,0.24
222,person,6.0,0.24
235,person,6.0,0.24
235,person,6.0,0.24
647,car,6.0,0.24
671,car,6.0,0.24
866,car,6.0,0.24
870,traffic light,6.0,0.24
1116,car,6.0,0.24
235,person,6.0,0.24
253,person,6.0,0.24
235,person,6.0,0.24
646,car,6.0,0.24
222,person,6.0,0.24
76,car,6.0,0.24
479,car,6.0,0.24
646,car,6.0,0.24
624,car,6.0,0.24
624,car,6.0,0.24
689,car,6.0,0.24
689,car,6.0,0.24
491,car,6.0,0.24
239,person,6.0,0.24
234,car,6.0,0.24
239,person,6.0,0.24
253,person,6.0,0.24
145,car,6.0,0.24
224,person,6.0,0.24
218,person,6.0,0.24
255,person,6.0,0.24
238,car,6.0,0.24
239,person,6.0,0.24
752,car,6.0,0.24
260,bicycle,6.0,0.24
260,bicycle,6.0,0.24
224,person,6.0,0.24
239,person,6.0,0.24
480,car,6.0,0.24
239,person,6.0,0.24
585,car,6.0,0.24
585,car,6.0,0.24
255,person,6.0,0.24
611,car,6.0,0.24
441,car,6.0,0.24
239,person,6.0,0.24
239,person,6.0,0.24
18,person,6.0,0.24
26,person,6.0,0.24
761,truck,6.0,0.24
761,truck,6.0,0.24
761,truck,6.0,0.24
423,car,6.0,0.24
249,person,6.0,0.24
249,person,6.0,0.24
257,person,5.0,0.2
257,person,5.0,0.2
870,traffic light,5.0,0.2
275,bicycle,5.0,0.2
870,traffic light,5.0,0.2
870,traffic light,5.0,0.2
649,traffic light,5.0,0.2
352,car,5.0,0.2
447,car,5.0,0.2
500,truck,5.0,0.2
500,truck,5.0,0.2
222,person,5.0,0.2
222,person,5.0,0.2
222,person,5.0,0.2
222,person,5.0,0.2
222,person,5.0,0.2
222,person,5.0,0.2
866,car,5.0,0.2
866,car,5.0,0.2
866,car,5.0,0.2
866,car,5.0,0.2
866,car,5.0,0.2
866,car,5.0,0.2
265,bicycle,5.0,0.2
865,car,5.0,0.2
866,car,5.0,0.2
866,car,5.0,0.2
866,car,5.0,0.2
866,car,5.0,0.2
866,car,5.0,0.2
866,car,5.0,0.2
866,car,5.0,0.2
866,car,5.0,0.2
866,car,5.0,0.2
866,car,5.0,0.2
866,car,5.0,0.2
866,car,5.0,0.2
866,car,5.0,0.2
866,car,5.0,0.2
866,car,5.0,0.2
866,car,5.0,0.2
18,person,5.0,0.2
222,person,5.0,0.2
222,person,5.0,0.2
1044,car,5.0,0.2
1035,car,5.0,0.2
1035,car,5.0,0.2
778,car,5.0,0.2
249,person,5.0,0.2
594,car,5.0,0.2
594,car,5.0,0.2
1029,car,5.0,0.2
239,person,5.0,0.2
239,person,5.0,0.2
222,person,5.0,0.2
185,car,5.0,0.2
247,person,5.0,0.2
249,person,5.0,0.2
249,person,5.0,0.2
249,person,5.0,0.2
249,person,5.0,0.2
249,person,5.0,0.2
249,person,5.0,0.2
283,person,5.0,0.2
260,bicycle,5.0,0.2
1020,car,5.0,0.2
283,person,5.0,0.2
594,car,5.0,0.2
289,bicycle,5.0,0.2
283,person,5.0,0.2
585,car,5.0,0.2
1023,car,5.0,0.2
249,person,5.0,0.2
746,car,5.0,0.2
1049,car,5.0,0.2
222,person,5.0,0.2
222,person,5.0,0.2
447,car,5.0,0.2
446,car,5.0,0.2
759,traffic light,5.0,0.2
219,person,5.0,0.2
1044,car,5.0,0.2
1044,car,5.0,0.2
1044,car,5.0,0.2
1044,car,5.0,0.2
1044,car,5.0,0.2
1044,car,5.0,0.2
1044,car,5.0,0.2
746,car,5.0,0.2
2,car,5.0,0.2
168,car,5.0,0.2
247,person,5.0,0.2
247,person,5.0,0.2
283,person,5.0,0.2
1044,car,5.0,0.2
1044,car,5.0,0.2
1044,car,5.0,0.2
1035,car,5.0,0.2
222,person,5.0,0.2
222,person,5.0,0.2
467,car,5.0,0.2
168,car,5.0,0.2
1035,car,5.0,0.2
1044,car,5.0,0.2
168,car,5.0,0.2
1063,car,5.0,0.2
1063,car,5.0,0.2
1063,car,5.0,0.2
1063,car,5.0,0.2
1063,car,5.0,0.2
1063,car,5.0,0.2
1063,car,5.0,0.2
1063,car,5.0,0.2
1049,car,5.0,0.2
238,car,5.0,0.2
238,car,5.0,0.2
238,car,5.0,0.2
1063,car,5.0,0.2
1063,car,5.0,0.2
1063,car,5.0,0.2
1063,car,5.0,0.2
1049,car,5.0,0.2
1049,car,5.0,0.2
1049,car,5.0,0.2
1049,car,5.0,0.2
1049,car,5.0,0.2
1049,car,5.0,0.2
1049,car,5.0,0.2
1049,car,5.0,0.2
761,truck,5.0,0.2
219,person,5.0,0.2
237,bicycle,5.0,0.2
219,person,5.0,0.2
2,car,5.0,0.2
2,car,5.0,0.2
2,car,5.0,0.2
1049,car,5.0,0.2
1063,car,5.0,0.2
1063,car,5.0,0.2
1063,car,5.0,0.2
1063,car,5.0,0.2
1063,car,5.0,0.2
1063,car,5.0,0.2
1063,car,5.0,0.2
1063,car,5.0,0.2
238,car,5.0,0.2
1063,car,5.0,0.2
1063,car,5.0,0.2
1063,car,5.0,0.2
1063,car,5.0,0.2
1063,car,5.0,0.2
1063,car,5.0,0.2
1063,car,5.0,0.2
249,person,5.0,0.2
426,car,5.0,0.2
611,car,5.0,0.2
611,car,5.0,0.2
238,car,5.0,0.2
1063,car,5.0,0.2
1063,car,5.0,0.2
1063,car,5.0,0.2
222,person,5.0,0.2
238,car,5.0,0.2
748,car,5.0,0.2
238,car,5.0,0.2
238,car,5.0,0.2
748,car,5.0,0.2
2,car,5.0,0.2
2,car,5.0,0.2
1063,car,5.0,0.2
1063,car,5.0,0.2
1063,car,5.0,0.2
1063,car,5.0,0.2
1063,car,5.0,0.2
247,person,5.0,0.2
1063,car,5.0,0.2
1063,car,5.0,0.2
219,person,5.0,0.2
2,car,5.0,0.2
2,car,5.0,0.2
2,car,5.0,0.2
586,car,5.0,0.2
1063,car,5.0,0.2
1063,car,5.0,0.2
1063,car,5.0,0.2
224,person,5.0,0.2
218,person,5.0,0.2
218,person,5.0,0.2
218,person,5.0,0.2
219,person,5.0,0.2
237,bicycle,5.0,0.2
219,person,5.0,0.2
224,person,5.0,0.2
1063,car,5.0,0.2
1063,car,5.0,0.2
1063,car,5.0,0.2
1063,car,5.0,0.2
611,car,5.0,0.2
436,car,5.0,0.2
249,person,5.0,0.2
218,person,5.0,0.2
234,car,5.0,0.2
239,person,5.0,0.2
42,person,5.0,0.2
571,car,5.0,0.2
754,car,5.0,0.2
958,car,5.0,0.2
964,car,5.0,0.2
971,person,5.0,0.2
219,person,5.0,0.2
922,car,5.0,0.2
1063,car,5.0,0.2
1063,car,5.0,0.2
1063,car,5.0,0.2
1063,car,5.0,0.2
234,car,5.0,0.2
239,person,5.0,0.2
234,car,5.0,0.2
247,person,5.0,0.2
480,car,5.0,0.2
481,car,5.0,0.2
2,car,5.0,0.2
219,person,5.0,0.2
219,person,5.0,0.2
219,person,5.0,0.2
1063,car,5.0,0.2
1063,car,5.0,0.2
1063,car,5.0,0.2
247,person,5.0,0.2
239,person,5.0,0.2
239,person,5.0,0.2
234,car,5.0,0.2
234,car,5.0,0.2
1063,car,5.0,0.2
1063,car,5.0,0.2
1063,car,5.0,0.2
1063,car,5.0,0.2
1063,car,5.0,0.2
1063,car,5.0,0.2
1063,car,5.0,0.2
1063,car,5.0,0.2
1063,car,5.0,0.2
1063,car,5.0,0.2
1063,car,5.0,0.2
1063,car,5.0,0.2
1063,car,5.0,0.2
1063,car,5.0,0.2
1063,car,5.0,0.2
1063,car,5.0,0.2
216,person,5.0,0.2
256,person,5.0,0.2
1063,car,5.0,0.2
1063,car,5.0,0.2
1063,car,5.0,0.2
1063,car,5.0,0.2
1063,car,5.0,0.2
239,person,5.0,0.2
964,car,5.0,0.2
964,car,5.0,0.2
964,car,5.0,0.2
759,traffic light,5.0,0.2
218,person,5.0,0.2
216,person,5.0,0.2
759,traffic light,5.0,0.2
759,traffic light,5.0,0.2
255,person,5.0,0.2
255,person,5.0,0.2
749,person,5.0,0.2
255,person,5.0,0.2
255,person,5.0,0.2
255,person,5.0,0.2
622,car,5.0,0.2
739,car,5.0,0.2
866,car,5.0,0.2
866,car,5.0,0.2
1063,car,5.0,0.2
1063,car,5.0,0.2
255,person,5.0,0.2
746,car,5.0,0.2
255,person,5.0,0.2
255,person,5.0,0.2
216,person,5.0,0.2
224,person,5.0,0.2
218,person,5.0,0.2
224,person,5.0,0.2
866,car,5.0,0.2
866,car,5.0,0.2
866,car,5.0,0.2
923,person,5.0,0.2
1063,car,5.0,0.2
1063,car,5.0,0.2
1063,car,5.0,0.2
1063,car,5.0,0.2
224,person,5.0,0.2
759,traffic light,5.0,0.2
759,traffic light,5.0,0.2
224,person,5.0,0.2
1063,car,5.0,0.2
1063,car,5.0,0.2
1063,car,5.0,0.2
1063,car,5.0,0.2
1063,car,5.0,0.2
1063,car,5.0,0.2
1063,car,5.0,0.2
1063,car,5.0,0.2
224,person,5.0,0.2
217,traffic light,5.0,0.2
866,car,5.0,0.2
218,person,5.0,0.2
1063,car,5.0,0.2
1063,car,5.0,0.2
1063,car,5.0,0.2
1063,car,5.0,0.2
255,person,5.0,0.2
255,person,5.0,0.2
255,person,5.0,0.2
1063,car,5.0,0.2
866,car,5.0,0.2
866,car,5.0,0.2
866,car,5.0,0.2
216,person,5.0,0.2
222,person,5.0,0.2
238,car,5.0,0.2
238,car,5.0,0.2
66,car,5.0,0.2
819,car,5.0,0.2
256,person,5.0,0.2
256,person,5.0,0.2
255,person,5.0,0.2
247,person,5.0,0.2
247,person,5.0,0.2
247,person,5.0,0.2
247,person,5.0,0.2
247,person,5.0,0.2
481,car,5.0,0.2
1063,car,5.0,0.2
256,person,5.0,0.2
759,traffic light,5.0,0.2
1063,car,5.0,0.2
1063,car,5.0,0.2
1063,car,5.0,0.2
1063,car,5.0,0.2
1063,car,5.0,0.2
1063,car,5.0,0.2
247,person,5.0,0.2
1063,car,5.0,0.2
1063,car,5.0,0.2
1063,car,5.0,0.2
761,truck,5.0,0.2
249,person,5.0,0.2
249,person,5.0,0.2
249,person,5.0,0.2
759,traffic light,5.0,0.2
1063,car,5.0,0.2
1063,car,5.0,0.2
1063,car,5.0,0.2
1063,car,5.0,0.2
1063,car,5.0,0.2
1063,car,5.0,0.2
1063,car,5.0,0.2
1063,car,5.0,0.2
424,car,5.0,0.2
224,person,5.0,0.2
256,person,5.0,0.2
224,person,5.0,0.2
224,person,5.0,0.2
224,person,5.0,0.2
254,car,5.0,0.2
254,car,5.0,0.2
307,bicycle,5.0,0.2
722,car,5.0,0.2
256,person,5.0,0.2
479,car,5.0,0.2
1100,traffic light,5.0,0.2
941,car,5.0,0.2
941,car,5.0,0.2
249,person,5.0,0.2
1093,truck,5.0,0.2
570,car,5.0,0.2
821,car,5.0,0.2
565,car,5.0,0.2
224,person,5.0,0.2
224,person,5.0,0.2
1093,truck,5.0,0.2
307,bicycle,5.0,0.2
256,person,5.0,0.2
256,person,5.0,0.2
256,person,5.0,0.2
257,person,5.0,0.2
257,person,5.0,0.2
253,person,5.0,0.2
247,person,5.0,0.2
1093,truck,5.0,0.2
705,car,5.0,0.2
705,car,5.0,0.2
224,person,5.0,0.2
224,person,5.0,0.2
566,car,5.0,0.2
566,car,5.0,0.2
73,car,5.0,0.2
266,bicycle,5.0,0.2
257,person,5.0,0.2
257,person,5.0,0.2
615,car,5.0,0.2
941,car,5.0,0.2
257,person,5.0,0.2
257,person,5.0,0.2
257,person,5.0,0.2
257,person,5.0,0.2
558,car,5.0,0.2
59,car,5.0,0.2
59,car,5.0,0.2
714,car,5.0,0.2
1093,truck,5.0,0.2
941,car,5.0,0.2
941,car,5.0,0.2
257,person,5.0,0.2
224,person,5.0,0.2
1111,car,5.0,0.2
392,car,5.0,0.2
393,car,5.0,0.2
566,car,5.0,0.2
1111,car,5.0,0.2
254,car,5.0,0.2
253,person,5.0,0.2
257,person,5.0,0.2
218,person,5.0,0.2
695,car,5.0,0.2
700,car,5.0,0.2
239,person,5.0,0.2
234,car,5.0,0.2
239,person,5.0,0.2
234,car,5.0,0.2
257,person,5.0,0.2
257,person,5.0,0.2
257,person,5.0,0.2
707,car,5.0,0.2
254,car,5.0,0.2
254,car,5.0,0.2
235,person,5.0,0.2
534,car,5.0,0.2
76,car,5.0,0.2
76,car,5.0,0.2
76,car,5.0,0.2
76,car,5.0,0.2
117,truck,5.0,0.2
254,car,5.0,0.2
59,car,5.0,0.2
257,person,5.0,0.2
266,bicycle,5.0,0.2
59,car,5.0,0.2
117,car,5.0,0.2
843,car,5.0,0.2
222,person,5.0,0.2
235,person,5.0,0.2
254,car,5.0,0.2
254,car,5.0,0.2
866,car,5.0,0.2
261,person,5.0,0.2
261,person,5.0,0.2
261,person,5.0,0.2
234,car,5.0,0.2
239,person,5.0,0.2
234,car,5.0,0.2
234,car,5.0,0.2
257,person,5.0,0.2
257,person,5.0,0.2
257,person,5.0,0.2
257,person,5.0,0.2
257,person,5.0,0.2
257,person,5.0,0.2
866,car,5.0,0.2
866,car,5.0,0.2
234,car,5.0,0.2
235,person,5.0,0.2
239,person,5.0,0.2
234,car,5.0,0.2
102,car,5.0,0.2
532,car,5.0,0.2
257,person,5.0,0.2
59,car,5.0,0.2
234,car,5.0,0.2
234,car,5.0,0.2
234,car,5.0,0.2
701,car,5.0,0.2
234,car,5.0,0.2
254,car,5.0,0.2
649,traffic light,5.0,0.2
239,person,5.0,0.2
866,car,5.0,0.2
866,car,5.0,0.2
866,car,5.0,0.2
866,car,5.0,0.2
866,car,5.0,0.2
866,car,5.0,0.2
866,car,5.0,0.2
866,car,5.0,0.2
866,car,5.0,0.2
866,car,5.0,0.2
866,car,5.0,0.2
866,car,5.0,0.2
866,car,5.0,0.2
866,car,5.0,0.2
866,car,5.0,0.2
866,car,5.0,0.2
866,car,5.0,0.2
866,car,5.0,0.2
866,car,5.0,0.2
866,car,5.0,0.2
866,car,5.0,0.2
866,car,5.0,0.2
866,car,5.0,0.2
866,car,5.0,0.2
234,car,5.0,0.2
234,car,5.0,0.2
234,car,5.0,0.2
234,car,5.0,0.2
256,person,5.0,0.2
256,person,5.0,0.2
256,person,5.0,0.2
256,person,5.0,0.2
234,car,5.0,0.2
234,car,5.0,0.2
261,person,5.0,0.2
642,car,5.0,0.2
253,person,5.0,0.2
253,person,5.0,0.2
234,car,5.0,0.2
234,car,5.0,0.2
866,car,5.0,0.2
866,car,5.0,0.2
866,car,5.0,0.2
866,car,5.0,0.2
234,car,5.0,0.2
693,car,5.0,0.2
234,car,5.0,0.2
234,car,5.0,0.2
866,car,5.0,0.2
866,car,5.0,0.2
866,car,5.0,0.2
866,car,5.0,0.2
866,car,5.0,0.2
866,car,5.0,0.2
866,car,5.0,0.2
866,car,5.0,0.2
866,car,5.0,0.2
218,person,5.0,0.2
866,car,5.0,0.2
866,car,5.0,0.2
866,car,5.0,0.2
866,car,5.0,0.2
866,car,5.0,0.2
866,car,5.0,0.2
234,car,5.0,0.2
239,person,5.0,0.2
234,car,5.0,0.2
239,person,5.0,0.2
649,traffic light,5.0,0.2
96,car,5.0,0.2
96,car,5.0,0.2
94,car,5.0,0.2
234,car,5.0,0.2
235,person,5.0,0.2
239,person,5.0,0.2
234,car,5.0,0.2
235,person,5.0,0.2
239,person,5.0,0.2
253,person,5.0,0.2
239,person,5.0,0.2
866,car,5.0,0.2
866,car,5.0,0.2
256,person,5.0,0.2
218,person,5.0,0.2
239,person,5.0,0.2
686,car,5.0,0.2
235,person,5.0,0.2
239,person,5.0,0.2
257,person,5.0,0.2
275,bicycle,5.0,0.2
532,car,5.0,0.2
534,car,5.0,0.2
257,person,5.0,0.2
866,car,5.0,0.2
866,car,5.0,0.2
866,car,5.0,0.2
1116,car,5.0,0.2
1116,car,5.0,0.2
222,person,5.0,0.2
222,person,5.0,0.2
646,car,5.0,0.2
480,car,5.0,0.2
866,car,5.0,0.2
866,car,5.0,0.2
866,car,5.0,0.2
866,car,5.0,0.2
218,person,5.0,0.2
218,person,5.0,0.2
866,car,5.0,0.2
866,car,5.0,0.2
866,car,5.0,0.2
647,car,5.0,0.2
239,person,5.0,0.2
239,person,5.0,0.2
239,person,5.0,0.2
861,car,5.0,0.2
93,car,5.0,0.2
866,car,5.0,0.2
866,car,5.0,0.2
866,car,5.0,0.2
494,car,5.0,0.2
91,car,5.0,0.2
222,person,5.0,0.2
222,person,5.0,0.2
239,person,5.0,0.2
239,person,5.0,0.2
239,person,5.0,0.2
239,person,5.0,0.2
866,car,5.0,0.2
866,car,5.0,0.2
375,car,5.0,0.2
870,traffic light,5.0,0.2
870,traffic light,5.0,0.2
257,person,5.0,0.2
257,person,5.0,0.2
172,car,5.0,0.2
253,person,5.0,0.2
253,person,5.0,0.2
671,car,5.0,0.2
671,car,5.0,0.2
647,car,5.0,0.2
218,person,5.0,0.2
866,car,5.0,0.2
866,car,5.0,0.2
222,person,5.0,0.2
235,person,5.0,0.2
235,person,5.0,0.2
1116,car,5.0,0.2
377,car,5.0,0.2
261,person,5.0,0.2
350,car,5.0,0.2
350,car,5.0,0.2
253,person,5.0,0.2
253,person,5.0,0.2
222,person,5.0,0.2
222,person,5.0,0.2
253,person,5.0,0.2
253,person,5.0,0.2
253,person,5.0,0.2
254,car,5.0,0.2
1019,car,5.0,0.2
1020,car,5.0,0.2
461,car,5.0,0.2
596,car,5.0,0.2
1020,car,5.0,0.2
1020,car,5.0,0.2
304,car,5.0,0.2
247,person,5.0,0.2
304,car,5.0,0.2
1023,car,5.0,0.2
224,person,5.0,0.2
247,person,5.0,0.2
255,person,5.0,0.2
255,person,5.0,0.2
247,person,5.0,0.2
247,person,5.0,0.2
247,person,5.0,0.2
304,car,5.0,0.2
304,car,5.0,0.2
420,car,5.0,0.2
1023,car,5.0,0.2
456,car,5.0,0.2
446,car,5.0,0.2
304,car,5.0,0.2
183,car,5.0,0.2
777,car,5.0,0.2
777,car,5.0,0.2
777,car,5.0,0.2
1010,car,5.0,0.2
1010,car,5.0,0.2
1023,car,5.0,0.2
754,car,5.0,0.2
870,traffic light,4.0,0.16
373,car,4.0,0.16
365,car,4.0,0.16
367,car,4.0,0.16
870,traffic light,4.0,0.16
492,car,4.0,0.16
366,car,4.0,0.16
261,person,4.0,0.16
261,person,4.0,0.16
373,car,4.0,0.16
866,car,4.0,0.16
500,truck,4.0,0.16
497,car,4.0,0.16
866,car,4.0,0.16
377,car,4.0,0.16
235,person,4.0,0.16
235,person,4.0,0.16
235,person,4.0,0.16
222,person,4.0,0.16
222,person,4.0,0.16
235,person,4.0,0.16
235,person,4.0,0.16
235,person,4.0,0.16
866,car,4.0,0.16
646,car,4.0,0.16
218,person,4.0,0.16
218,person,4.0,0.16
218,person,4.0,0.16
216,person,4.0,0.16
219,person,4.0,0.16
216,person,4.0,0.16
216,person,4.0,0.16
257,person,4.0,0.16
218,person,4.0,0.16
256,person,4.0,0.16
866,car,4.0,0.16
218,person,4.0,0.16
218,person,4.0,0.16
613,car,4.0,0.16
613,car,4.0,0.16
261,person,4.0,0.16
261,person,4.0,0.16
261,person,4.0,0.16
261,person,4.0,0.16
261,person,4.0,0.16
609,car,4.0,0.16
609,car,4.0,0.16
609,car,4.0,0.16
218,person,4.0,0.16
286,bicycle,4.0,0.16
426,car,4.0,0.16
216,person,4.0,0.16
219,person,4.0,0.16
216,person,4.0,0.16
219,person,4.0,0.16
256,person,4.0,0.16
257,person,4.0,0.16
291,bus,4.0,0.16
286,bicycle,4.0,0.16
286,bicycle,4.0,0.16
286,bicycle,4.0,0.16
286,bicycle,4.0,0.16
219,person,4.0,0.16
256,person,4.0,0.16
256,person,4.0,0.16
256,person,4.0,0.16
260,bicycle,4.0,0.16
260,bicycle,4.0,0.16
257,person,4.0,0.16
256,person,4.0,0.16
257,person,4.0,0.16
257,person,4.0,0.16
260,bicycle,4.0,0.16
219,person,4.0,0.16
91,car,4.0,0.16
91,car,4.0,0.16
491,car,4.0,0.16
866,car,4.0,0.16
866,car,4.0,0.16
865,car,4.0,0.16
866,car,4.0,0.16
222,person,4.0,0.16
941,car,4.0,0.16
941,car,4.0,0.16
941,car,4.0,0.16
217,traffic light,4.0,0.16
217,traffic light,4.0,0.16
761,truck,4.0,0.16
761,truck,4.0,0.16
291,bus,4.0,0.16
216,person,4.0,0.16
216,person,4.0,0.16
216,person,4.0,0.16
216,person,4.0,0.16
216,person,4.0,0.16
216,person,4.0,0.16
941,car,4.0,0.16
249,person,4.0,0.16
249,person,4.0,0.16
216,person,4.0,0.16
249,person,4.0,0.16
615,car,4.0,0.16
249,person,4.0,0.16
239,person,4.0,0.16
235,person,4.0,0.16
235,person,4.0,0.16
693,car,4.0,0.16
879,traffic light,4.0,0.16
879,traffic light,4.0,0.16
861,car,4.0,0.16
93,car,4.0,0.16
671,car,4.0,0.16
76,car,4.0,0.16
76,car,4.0,0.16
879,traffic light,4.0,0.16
879,traffic light,4.0,0.16
218,person,4.0,0.16
218,person,4.0,0.16
218,person,4.0,0.16
218,person,4.0,0.16
218,person,4.0,0.16
249,person,4.0,0.16
249,person,4.0,0.16
291,bus,4.0,0.16
291,bus,4.0,0.16
291,bus,4.0,0.16
291,bus,4.0,0.16
291,bus,4.0,0.16
291,bus,4.0,0.16
291,bus,4.0,0.16
249,person,4.0,0.16
291,bus,4.0,0.16
291,bus,4.0,0.16
423,car,4.0,0.16
859,car,4.0,0.16
865,car,4.0,0.16
879,traffic light,4.0,0.16
94,car,4.0,0.16
94,car,4.0,0.16
253,person,4.0,0.16
235,person,4.0,0.16
253,person,4.0,0.16
224,person,4.0,0.16
224,person,4.0,0.16
955,car,4.0,0.16
922,car,4.0,0.16
265,bicycle,4.0,0.16
216,person,4.0,0.16
759,traffic light,4.0,0.16
218,person,4.0,0.16
218,person,4.0,0.16
218,person,4.0,0.16
923,person,4.0,0.16
759,traffic light,4.0,0.16
532,car,4.0,0.16
857,car,4.0,0.16
96,car,4.0,0.16
261,person,4.0,0.16
257,person,4.0,0.16
257,person,4.0,0.16
257,person,4.0,0.16
521,car,4.0,0.16
235,person,4.0,0.16
693,car,4.0,0.16
879,traffic light,4.0,0.16
261,person,4.0,0.16
261,person,4.0,0.16
479,car,4.0,0.16
484,car,4.0,0.16
239,person,4.0,0.16
235,person,4.0,0.16
235,person,4.0,0.16
879,traffic light,4.0,0.16
879,traffic light,4.0,0.16
879,traffic light,4.0,0.16
235,person,4.0,0.16
235,person,4.0,0.16
646,car,4.0,0.16
235,person,4.0,0.16
634,car,4.0,0.16
649,traffic light,4.0,0.16
649,traffic light,4.0,0.16
649,traffic light,4.0,0.16
235,person,4.0,0.16
634,car,4.0,0.16
217,traffic light,4.0,0.16
922,car,4.0,0.16
443,car,4.0,0.16
255,person,4.0,0.16
752,car,4.0,0.16
759,traffic light,4.0,0.16
759,traffic light,4.0,0.16
971,person,4.0,0.16
224,person,4.0,0.16
753,car,4.0,0.16
257,person,4.0,0.16
257,person,4.0,0.16
853,car,4.0,0.16
95,car,4.0,0.16
701,car,4.0,0.16
649,traffic light,4.0,0.16
649,traffic light,4.0,0.16
239,person,4.0,0.16
239,person,4.0,0.16
235,person,4.0,0.16
239,person,4.0,0.16
695,car,4.0,0.16
701,car,4.0,0.16
701,car,4.0,0.16
916,traffic light,4.0,0.16
776,car,4.0,0.16
776,car,4.0,0.16
776,car,4.0,0.16
216,person,4.0,0.16
216,person,4.0,0.16
255,person,4.0,0.16
249,person,4.0,0.16
249,person,4.0,0.16
249,person,4.0,0.16
759,traffic light,4.0,0.16
759,traffic light,4.0,0.16
759,traffic light,4.0,0.16
255,person,4.0,0.16
759,traffic light,4.0,0.16
759,traffic light,4.0,0.16
219,person,4.0,0.16
759,traffic light,4.0,0.16
92,car,4.0,0.16
92,car,4.0,0.16
92,car,4.0,0.16
59,car,4.0,0.16
59,car,4.0,0.16
538,car,4.0,0.16
532,car,4.0,0.16
634,car,4.0,0.16
761,truck,4.0,0.16
761,truck,4.0,0.16
761,truck,4.0,0.16
283,person,4.0,0.16
283,person,4.0,0.16
909,traffic light,4.0,0.16
441,car,4.0,0.16
224,person,4.0,0.16
237,bicycle,4.0,0.16
759,traffic light,4.0,0.16
761,truck,4.0,0.16
761,truck,4.0,0.16
759,traffic light,4.0,0.16
759,traffic light,4.0,0.16
759,traffic light,4.0,0.16
219,person,4.0,0.16
224,person,4.0,0.16
759,traffic light,4.0,0.16
596,car,4.0,0.16
286,bicycle,4.0,0.16
286,bicycle,4.0,0.16
286,bicycle,4.0,0.16
286,bicycle,4.0,0.16
257,person,4.0,0.16
257,person,4.0,0.16
257,person,4.0,0.16
257,person,4.0,0.16
257,person,4.0,0.16
353,car,4.0,0.16
76,car,4.0,0.16
844,car,4.0,0.16
549,car,4.0,0.16
545,car,4.0,0.16
633,car,4.0,0.16
252,bicycle,4.0,0.16
254,car,4.0,0.16
254,car,4.0,0.16
254,car,4.0,0.16
633,car,4.0,0.16
188,car,4.0,0.16
188,car,4.0,0.16
777,car,4.0,0.16
777,car,4.0,0.16
777,car,4.0,0.16
260,bicycle,4.0,0.16
776,car,4.0,0.16
604,car,4.0,0.16
260,bicycle,4.0,0.16
183,car,4.0,0.16
188,car,4.0,0.16
759,traffic light,4.0,0.16
255,person,4.0,0.16
260,bicycle,4.0,0.16
260,bicycle,4.0,0.16
447,car,4.0,0.16
260,bicycle,4.0,0.16
776,car,4.0,0.16
260,bicycle,4.0,0.16
116,car,4.0,0.16
847,car,4.0,0.16
847,car,4.0,0.16
222,person,4.0,0.16
700,car,4.0,0.16
700,car,4.0,0.16
700,car,4.0,0.16
116,car,4.0,0.16
538,car,4.0,0.16
383,car,4.0,0.16
331,person,4.0,0.16
331,person,4.0,0.16
331,person,4.0,0.16
249,person,4.0,0.16
411,car,4.0,0.16
1023,car,4.0,0.16
1023,car,4.0,0.16
777,car,4.0,0.16
974,car,4.0,0.16
974,car,4.0,0.16
974,car,4.0,0.16
247,person,4.0,0.16
219,person,4.0,0.16
219,person,4.0,0.16
974,car,4.0,0.16
974,car,4.0,0.16
974,car,4.0,0.16
974,car,4.0,0.16
974,car,4.0,0.16
417,car,4.0,0.16
219,person,4.0,0.16
219,person,4.0,0.16
219,person,4.0,0.16
219,person,4.0,0.16
219,person,4.0,0.16
252,bicycle,4.0,0.16
252,bicycle,4.0,0.16
117,car,4.0,0.16
257,person,4.0,0.16
842,car,4.0,0.16
558,car,4.0,0.16
59,car,4.0,0.16
117,car,4.0,0.16
117,car,4.0,0.16
1020,car,4.0,0.16
1020,car,4.0,0.16
1020,car,4.0,0.16
1020,car,4.0,0.16
781,car,4.0,0.16
594,car,4.0,0.16
596,car,4.0,0.16
286,bicycle,4.0,0.16
456,car,4.0,0.16
455,car,4.0,0.16
1020,car,4.0,0.16
1010,car,4.0,0.16
1010,car,4.0,0.16
1023,car,4.0,0.16
304,car,4.0,0.16
304,car,4.0,0.16
778,car,4.0,0.16
177,car,4.0,0.16
776,car,4.0,0.16
172,car,4.0,0.16
438,car,4.0,0.16
446,car,4.0,0.16
286,bicycle,4.0,0.16
1010,car,4.0,0.16
841,car,4.0,0.16
841,car,4.0,0.16
841,car,4.0,0.16
558,car,4.0,0.16
558,car,4.0,0.16
558,car,4.0,0.16
558,car,4.0,0.16
59,car,4.0,0.16
841,car,4.0,0.16
841,car,4.0,0.16
841,car,4.0,0.16
841,car,4.0,0.16
841,car,4.0,0.16
718,car,4.0,0.16
720,car,4.0,0.16
224,person,4.0,0.16
705,car,4.0,0.16
707,car,4.0,0.16
558,car,4.0,0.16
828,car,4.0,0.16
826,car,4.0,0.16
261,person,4.0,0.16
560,car,4.0,0.16
565,car,4.0,0.16
124,car,4.0,0.16
289,bicycle,4.0,0.16
168,car,4.0,0.16
168,car,4.0,0.16
754,car,4.0,0.16
754,car,4.0,0.16
249,person,4.0,0.16
1023,car,4.0,0.16
1029,car,4.0,0.16
222,person,4.0,0.16
222,person,4.0,0.16
247,person,4.0,0.16
247,person,4.0,0.16
247,person,4.0,0.16
249,person,4.0,0.16
247,person,4.0,0.16
399,car,4.0,0.16
407,car,4.0,0.16
754,car,4.0,0.16
260,bicycle,4.0,0.16
594,car,4.0,0.16
594,car,4.0,0.16
249,person,4.0,0.16
249,person,4.0,0.16
754,car,4.0,0.16
594,car,4.0,0.16
778,car,4.0,0.16
260,bicycle,4.0,0.16
177,person,4.0,0.16
461,car,4.0,0.16
249,person,4.0,0.16
249,person,4.0,0.16
754,car,4.0,0.16
639,traffic light,4.0,0.16
833,car,4.0,0.16
841,car,4.0,0.16
720,car,4.0,0.16
633,car,4.0,0.16
720,car,4.0,0.16
720,car,4.0,0.16
717,car,4.0,0.16
720,car,4.0,0.16
720,car,4.0,0.16
254,car,4.0,0.16
1093,truck,4.0,0.16
1093,truck,4.0,0.16
1093,truck,4.0,0.16
720,car,4.0,0.16
133,car,4.0,0.16
256,person,4.0,0.16
133,car,4.0,0.16
18,person,4.0,0.16
261,person,4.0,0.16
261,person,4.0,0.16
279,person,4.0,0.16
261,person,4.0,0.16
261,person,4.0,0.16
261,person,4.0,0.16
261,person,4.0,0.16
753,car,4.0,0.16
18,person,4.0,0.16
18,person,4.0,0.16
18,person,4.0,0.16
754,car,4.0,0.16
222,person,4.0,0.16
222,person,4.0,0.16
222,person,4.0,0.16
222,person,4.0,0.16
222,person,4.0,0.16
754,car,4.0,0.16
754,car,4.0,0.16
754,car,4.0,0.16
754,car,4.0,0.16
754,car,4.0,0.16
793,car,4.0,0.16
793,car,4.0,0.16
793,car,4.0,0.16
256,person,4.0,0.16
256,person,4.0,0.16
753,car,4.0,0.16
793,car,4.0,0.16
793,car,4.0,0.16
782,car,4.0,0.16
790,car,4.0,0.16
256,person,4.0,0.16
585,car,4.0,0.16
585,car,4.0,0.16
261,person,4.0,0.16
261,person,4.0,0.16
778,car,4.0,0.16
783,car,4.0,0.16
1035,car,4.0,0.16
630,car,4.0,0.16
133,car,4.0,0.16
256,person,4.0,0.16
256,person,4.0,0.16
566,car,4.0,0.16
256,person,4.0,0.16
256,person,4.0,0.16
1111,car,4.0,0.16
254,car,4.0,0.16
254,car,4.0,0.16
254,car,4.0,0.16
720,car,4.0,0.16
624,car,4.0,0.16
247,person,4.0,0.16
1100,traffic light,4.0,0.16
1100,traffic light,4.0,0.16
393,car,4.0,0.16
257,person,4.0,0.16
566,car,4.0,0.16
566,car,4.0,0.16
632,car,4.0,0.16
1044,car,4.0,0.16
753,car,4.0,0.16
753,car,4.0,0.16
249,person,4.0,0.16
752,car,4.0,0.16
752,car,4.0,0.16
753,car,4.0,0.16
790,car,4.0,0.16
790,car,4.0,0.16
790,car,4.0,0.16
790,car,4.0,0.16
586,car,4.0,0.16
1044,car,4.0,0.16
239,person,4.0,0.16
249,person,4.0,0.16
249,person,4.0,0.16
249,person,4.0,0.16
1044,car,4.0,0.16
1044,car,4.0,0.16
1044,car,4.0,0.16
1044,car,4.0,0.16
752,car,4.0,0.16
752,car,4.0,0.16
752,car,4.0,0.16
752,car,4.0,0.16
239,person,4.0,0.16
249,person,4.0,0.16
1049,car,4.0,0.16
26,person,4.0,0.16
2,car,4.0,0.16
790,car,4.0,0.16
790,car,4.0,0.16
222,person,4.0,0.16
1049,car,4.0,0.16
1049,car,4.0,0.16
752,car,4.0,0.16
752,car,4.0,0.16
752,car,4.0,0.16
746,car,4.0,0.16
753,car,4.0,0.16
752,car,4.0,0.16
752,car,4.0,0.16
752,car,4.0,0.16
752,car,4.0,0.16
752,car,4.0,0.16
394,car,4.0,0.16
331,person,4.0,0.16
257,person,4.0,0.16
257,person,4.0,0.16
257,person,4.0,0.16
257,person,4.0,0.16
247,person,4.0,0.16
253,person,4.0,0.16
247,person,4.0,0.16
234,car,4.0,0.16
717,car,4.0,0.16
224,person,4.0,0.16
222,person,4.0,0.16
307,bicycle,4.0,0.16
630,car,4.0,0.16
630,car,4.0,0.16
247,person,4.0,0.16
217,traffic light,4.0,0.16
217,traffic light,4.0,0.16
564,car,4.0,0.16
819,car,4.0,0.16
307,bicycle,4.0,0.16
307,bicycle,4.0,0.16
253,person,4.0,0.16
256,person,4.0,0.16
256,person,4.0,0.16
256,person,4.0,0.16
145,car,4.0,0.16
810,car,4.0,0.16
222,person,4.0,0.16
222,person,4.0,0.16
247,person,4.0,0.16
253,person,4.0,0.16
253,person,4.0,0.16
253,person,4.0,0.16
253,person,4.0,0.16
253,person,4.0,0.16
1063,car,4.0,0.16
249,person,4.0,0.16
253,person,4.0,0.16
222,person,4.0,0.16
790,car,4.0,0.16
790,car,4.0,0.16
585,car,4.0,0.16
222,person,4.0,0.16
222,person,4.0,0.16
253,person,4.0,0.16
255,person,4.0,0.16
150,car,4.0,0.16
150,car,4.0,0.16
570,car,4.0,0.16
256,person,4.0,0.16
256,person,4.0,0.16
256,person,4.0,0.16
222,person,4.0,0.16
222,person,4.0,0.16
474,car,4.0,0.16
478,car,4.0,0.16
150,car,4.0,0.16
144,car,4.0,0.16
255,person,4.0,0.16
255,person,4.0,0.16
247,person,4.0,0.16
239,person,4.0,0.16
239,person,4.0,0.16
810,car,4.0,0.16
2,car,4.0,0.16
2,car,4.0,0.16
720,car,4.0,0.16
256,person,4.0,0.16
571,car,4.0,0.16
571,car,4.0,0.16
257,person,4.0,0.16
257,person,4.0,0.16
565,car,4.0,0.16
224,person,4.0,0.16
253,person,4.0,0.16
253,person,4.0,0.16
253,person,4.0,0.16
247,person,4.0,0.16
247,person,4.0,0.16
247,person,4.0,0.16
255,person,4.0,0.16
255,person,4.0,0.16
255,person,4.0,0.16
255,person,4.0,0.16
255,person,4.0,0.16
255,person,4.0,0.16
1063,car,4.0,0.16
257,person,4.0,0.16
1093,truck,4.0,0.16
1093,truck,4.0,0.16
255,person,4.0,0.16
238,car,4.0,0.16
256,person,4.0,0.16
256,person,4.0,0.16
566,car,4.0,0.16
256,person,4.0,0.16
256,person,4.0,0.16
253,person,4.0,0.16
253,person,4.0,0.16
253,person,4.0,0.16
253,person,4.0,0.16
234,car,4.0,0.16
256,person,4.0,0.16
256,person,4.0,0.16
253,person,4.0,0.16
247,person,4.0,0.16
247,person,4.0,0.16
36,person,4.0,0.16
36,person,4.0,0.16
222,person,4.0,0.16
234,car,4.0,0.16
234,car,4.0,0.16
818,car,4.0,0.16
818,car,4.0,0.16
818,car,4.0,0.16
255,person,4.0,0.16
255,person,4.0,0.16
247,person,4.0,0.16
255,person,4.0,0.16
818,car,4.0,0.16
818,car,4.0,0.16
818,car,4.0,0.16
810,car,4.0,0.16
818,car,4.0,0.16
818,car,4.0,0.16
818,car,4.0,0.16
622,car,4.0,0.16
622,car,4.0,0.16
238,car,4.0,0.16
42,person,4.0,0.16
42,person,4.0,0.16
145,car,4.0,0.16
145,car,4.0,0.16
42,person,4.0,0.16
42,person,4.0,0.16
66,car,4.0,0.16
247,person,4.0,0.16
622,car,4.0,0.16
261,person,4.0,0.16
261,person,4.0,0.16
261,person,4.0,0.16
261,person,4.0,0.16
261,person,4.0,0.16
134,car,4.0,0.16
820,car,4.0,0.16
247,person,4.0,0.16
247,person,4.0,0.16
261,person,4.0,0.16
279,person,4.0,0.16
261,person,4.0,0.16
478,car,4.0,0.16
481,car,4.0,0.16
622,car,4.0,0.16
247,person,4.0,0.16
255,person,4.0,0.16
247,person,4.0,0.16
255,person,4.0,0.16
247,person,4.0,0.16
247,person,4.0,0.16
255,person,4.0,0.16
622,car,4.0,0.16
622,car,4.0,0.16
622,car,4.0,0.16
261,person,4.0,0.16
261,person,4.0,0.16
261,person,4.0,0.16
261,person,4.0,0.16
353,car,4.0,0.16
253,person,4.0,0.16
253,person,4.0,0.16
647,car,4.0,0.16
235,person,4.0,0.16
649,traffic light,4.0,0.16
235,person,4.0,0.16
375,car,4.0,0.16
353,car,4.0,0.16
235,person,4.0,0.16
367,car,4.0,0.16
1093,truck,3.0,0.12
1093,truck,3.0,0.12
1093,truck,3.0,0.12
1093,truck,3.0,0.12
1093,truck,3.0,0.12
1093,truck,3.0,0.12
1093,truck,3.0,0.12
1093,truck,3.0,0.12
256,person,3.0,0.12
261,person,3.0,0.12
261,person,3.0,0.12
261,person,3.0,0.12
260,bicycle,3.0,0.12
261,person,3.0,0.12
222,person,3.0,0.12
646,car,3.0,0.12
256,person,3.0,0.12
256,person,3.0,0.12
257,person,3.0,0.12
257,person,3.0,0.12
286,bicycle,3.0,0.12
219,person,3.0,0.12
609,car,3.0,0.12
256,person,3.0,0.12
1093,truck,3.0,0.12
1093,truck,3.0,0.12
1093,truck,3.0,0.12
1093,truck,3.0,0.12
222,person,3.0,0.12
222,person,3.0,0.12
866,car,3.0,0.12
256,person,3.0,0.12
1093,truck,3.0,0.12
1093,truck,3.0,0.12
1093,truck,3.0,0.12
1093,truck,3.0,0.12
1093,truck,3.0,0.12
1093,truck,3.0,0.12
1093,truck,3.0,0.12
1093,truck,3.0,0.12
222,person,3.0,0.12
222,person,3.0,0.12
222,person,3.0,0.12
749,person,3.0,0.12
255,person,3.0,0.12
247,person,3.0,0.12
36,person,3.0,0.12
256,person,3.0,0.12
256,person,3.0,0.12
42,person,3.0,0.12
42,person,3.0,0.12
42,person,3.0,0.12
145,car,3.0,0.12
247,person,3.0,0.12
36,person,3.0,0.12
36,person,3.0,0.12
1093,truck,3.0,0.12
630,car,3.0,0.12
630,car,3.0,0.12
238,car,3.0,0.12
743,person,3.0,0.12
255,person,3.0,0.12
247,person,3.0,0.12
144,car,3.0,0.12
1093,truck,3.0,0.12
1093,truck,3.0,0.12
1093,truck,3.0,0.12
1093,truck,3.0,0.12
1093,truck,3.0,0.12
1093,truck,3.0,0.12
1093,truck,3.0,0.12
1093,truck,3.0,0.12
253,person,3.0,0.12
255,person,3.0,0.12
255,person,3.0,0.12
821,car,3.0,0.12
307,bicycle,3.0,0.12
307,bicycle,3.0,0.12
307,bicycle,3.0,0.12
729,car,3.0,0.12
222,person,3.0,0.12
748,car,3.0,0.12
586,car,3.0,0.12
36,person,3.0,0.12
239,person,3.0,0.12
255,person,3.0,0.12
255,person,3.0,0.12
253,person,3.0,0.12
26,person,3.0,0.12
2,car,3.0,0.12
2,car,3.0,0.12
2,car,3.0,0.12
255,person,3.0,0.12
255,person,3.0,0.12
255,person,3.0,0.12
255,person,3.0,0.12
256,person,3.0,0.12
261,person,3.0,0.12
1093,truck,3.0,0.12
630,car,3.0,0.12
630,car,3.0,0.12
224,person,3.0,0.12
224,person,3.0,0.12
571,car,3.0,0.12
632,car,3.0,0.12
632,car,3.0,0.12
632,car,3.0,0.12
632,car,3.0,0.12
392,car,3.0,0.12
393,car,3.0,0.12
392,car,3.0,0.12
624,car,3.0,0.12
1049,car,3.0,0.12
26,person,3.0,0.12
256,person,3.0,0.12
256,person,3.0,0.12
18,person,3.0,0.12
18,person,3.0,0.12
753,car,3.0,0.12
826,car,3.0,0.12
752,car,3.0,0.12
752,car,3.0,0.12
222,person,3.0,0.12
748,car,3.0,0.12
239,person,3.0,0.12
222,person,3.0,0.12
1049,car,3.0,0.12
1049,car,3.0,0.12
310,person,3.0,0.12
217,traffic light,3.0,0.12
257,person,3.0,0.12
826,car,3.0,0.12
752,car,3.0,0.12
752,car,3.0,0.12
752,car,3.0,0.12
752,car,3.0,0.12
754,car,3.0,0.12
133,car,3.0,0.12
1093,truck,3.0,0.12
1093,truck,3.0,0.12
1093,truck,3.0,0.12
1093,truck,3.0,0.12
1093,truck,3.0,0.12
1093,truck,3.0,0.12
759,traffic light,3.0,0.12
754,car,3.0,0.12
759,traffic light,3.0,0.12
239,person,3.0,0.12
754,car,3.0,0.12
753,car,3.0,0.12
222,person,3.0,0.12
239,person,3.0,0.12
753,car,3.0,0.12
753,car,3.0,0.12
753,car,3.0,0.12
753,car,3.0,0.12
753,car,3.0,0.12
586,car,3.0,0.12
256,person,3.0,0.12
256,person,3.0,0.12
224,person,3.0,0.12
224,person,3.0,0.12
1044,car,3.0,0.12
1029,car,3.0,0.12
1029,car,3.0,0.12
753,car,3.0,0.12
753,car,3.0,0.12
753,car,3.0,0.12
249,person,3.0,0.12
1023,car,3.0,0.12
1020,car,3.0,0.12
224,person,3.0,0.12
1023,car,3.0,0.12
1029,car,3.0,0.12
411,car,3.0,0.12
1029,car,3.0,0.12
256,person,3.0,0.12
256,person,3.0,0.12
261,person,3.0,0.12
261,person,3.0,0.12
256,person,3.0,0.12
407,car,3.0,0.12
249,person,3.0,0.12
249,person,3.0,0.12
879,traffic light,3.0,0.12
1029,car,3.0,0.12
256,person,3.0,0.12
256,person,3.0,0.12
256,person,3.0,0.12
261,person,3.0,0.12
256,person,3.0,0.12
256,person,3.0,0.12
1093,truck,3.0,0.12
1093,truck,3.0,0.12
639,traffic light,3.0,0.12
253,person,3.0,0.12
73,car,3.0,0.12
124,car,3.0,0.12
124,car,3.0,0.12
177,person,3.0,0.12
59,car,3.0,0.12
59,car,3.0,0.12
261,person,3.0,0.12
261,person,3.0,0.12
261,person,3.0,0.12
261,person,3.0,0.12
261,person,3.0,0.12
261,person,3.0,0.12
594,car,3.0,0.12
283,person,3.0,0.12
249,person,3.0,0.12
249,person,3.0,0.12
247,person,3.0,0.12
249,person,3.0,0.12
256,person,3.0,0.12
59,car,3.0,0.12
1093,truck,3.0,0.12
718,car,3.0,0.12
1093,truck,3.0,0.12
1093,truck,3.0,0.12
59,car,3.0,0.12
256,person,3.0,0.12
456,car,3.0,0.12
255,person,3.0,0.12
1029,car,3.0,0.12
1029,car,3.0,0.12
1029,car,3.0,0.12
1029,car,3.0,0.12
289,bicycle,3.0,0.12
783,car,3.0,0.12
585,car,3.0,0.12
124,car,3.0,0.12
1093,truck,3.0,0.12
1093,truck,3.0,0.12
1093,truck,3.0,0.12
1093,truck,3.0,0.12
1093,truck,3.0,0.12
1093,truck,3.0,0.12
1093,truck,3.0,0.12
1093,truck,3.0,0.12
255,person,3.0,0.12
255,person,3.0,0.12
1003,car,3.0,0.12
1003,car,3.0,0.12
1003,car,3.0,0.12
249,person,3.0,0.12
1010,car,3.0,0.12
1093,truck,3.0,0.12
1093,truck,3.0,0.12
1111,car,3.0,0.12
1093,truck,3.0,0.12
1111,car,3.0,0.12
1093,truck,3.0,0.12
777,car,3.0,0.12
776,car,3.0,0.12
1003,car,3.0,0.12
261,person,3.0,0.12
73,car,3.0,0.12
73,car,3.0,0.12
254,car,3.0,0.12
639,traffic light,3.0,0.12
639,traffic light,3.0,0.12
1093,truck,3.0,0.12
1111,car,3.0,0.12
253,person,3.0,0.12
239,person,3.0,0.12
239,person,3.0,0.12
1093,truck,3.0,0.12
1093,truck,3.0,0.12
1093,truck,3.0,0.12
1093,truck,3.0,0.12
1093,truck,3.0,0.12
256,person,3.0,0.12
256,person,3.0,0.12
256,person,3.0,0.12
256,person,3.0,0.12
188,car,3.0,0.12
188,car,3.0,0.12
776,car,3.0,0.12
253,person,3.0,0.12
76,car,3.0,0.12
76,car,3.0,0.12
909,traffic light,3.0,0.12
256,person,3.0,0.12
261,person,3.0,0.12
257,person,3.0,0.12
255,person,3.0,0.12
256,person,3.0,0.12
1093,truck,3.0,0.12
1093,truck,3.0,0.12
1093,truck,3.0,0.12
1093,truck,3.0,0.12
261,person,3.0,0.12
257,person,3.0,0.12
116,car,3.0,0.12
76,car,3.0,0.12
1093,truck,3.0,0.12
1093,truck,3.0,0.12
1093,truck,3.0,0.12
1093,truck,3.0,0.12
646,car,3.0,0.12
646,car,3.0,0.12
646,car,3.0,0.12
646,car,3.0,0.12
1093,truck,3.0,0.12
1093,truck,3.0,0.12
1093,truck,3.0,0.12
1093,truck,3.0,0.12
1093,truck,3.0,0.12
1093,truck,3.0,0.12
1093,truck,3.0,0.12
1093,truck,3.0,0.12
291,bus,3.0,0.12
291,bus,3.0,0.12
291,bus,3.0,0.12
291,bus,3.0,0.12
759,traffic light,3.0,0.12
759,traffic light,3.0,0.12
761,truck,3.0,0.12
909,traffic light,3.0,0.12
1093,truck,3.0,0.12
1093,truck,3.0,0.12
105,car,3.0,0.12
102,car,3.0,0.12
261,person,3.0,0.12
257,person,3.0,0.12
1093,truck,3.0,0.12
291,bus,3.0,0.12
1093,truck,3.0,0.12
1093,truck,3.0,0.12
1093,truck,3.0,0.12
1093,truck,3.0,0.12
649,traffic light,3.0,0.12
239,person,3.0,0.12
1093,truck,3.0,0.12
1093,truck,3.0,0.12
759,traffic light,3.0,0.12
759,traffic light,3.0,0.12
441,car,3.0,0.12
441,car,3.0,0.12
613,car,3.0,0.12
776,car,3.0,0.12
1093,truck,3.0,0.12
1093,truck,3.0,0.12
219,person,3.0,0.12
759,traffic light,3.0,0.12
759,traffic light,3.0,0.12
237,bicycle,3.0,0.12
974,car,3.0,0.12
759,traffic light,3.0,0.12
219,person,3.0,0.12
224,person,3.0,0.12
534,car,3.0,0.12
110,car,3.0,0.12
102,car,3.0,0.12
102,car,3.0,0.12
1093,truck,3.0,0.12
1093,truck,3.0,0.12
1093,truck,3.0,0.12
1093,truck,3.0,0.12
193,car,3.0,0.12
188,car,3.0,0.12
217,traffic light,3.0,0.12
217,traffic light,3.0,0.12
217,traffic light,3.0,0.12
922,car,3.0,0.12
649,traffic light,3.0,0.12
1093,truck,3.0,0.12
955,person,3.0,0.12
964,car,3.0,0.12
967,person,3.0,0.12
964,car,3.0,0.12
958,car,3.0,0.12
256,person,3.0,0.12
754,car,3.0,0.12
752,car,3.0,0.12
753,car,3.0,0.12
753,car,3.0,0.12
753,car,3.0,0.12
753,car,3.0,0.12
753,car,3.0,0.12
753,car,3.0,0.12
968,car,3.0,0.12
249,person,3.0,0.12
1093,truck,3.0,0.12
1093,truck,3.0,0.12
1093,truck,3.0,0.12
92,car,3.0,0.12
879,traffic light,3.0,0.12
879,traffic light,3.0,0.12
879,traffic light,3.0,0.12
879,traffic light,3.0,0.12
532,car,3.0,0.12
261,person,3.0,0.12
275,bicycle,3.0,0.12
1093,truck,3.0,0.12
1093,truck,3.0,0.12
1093,truck,3.0,0.12
1093,truck,3.0,0.12
218,person,3.0,0.12
1093,truck,3.0,0.12
1093,truck,3.0,0.12
1093,truck,3.0,0.12
1093,truck,3.0,0.12
235,person,3.0,0.12
1093,truck,3.0,0.12
1093,truck,3.0,0.12
1093,truck,3.0,0.12
1093,truck,3.0,0.12
1093,truck,3.0,0.12
1093,truck,3.0,0.12
1093,truck,3.0,0.12
222,person,3.0,0.12
879,traffic light,3.0,0.12
879,traffic light,3.0,0.12
1093,truck,3.0,0.12
1093,truck,3.0,0.12
1093,truck,3.0,0.12
1093,truck,3.0,0.12
1093,truck,3.0,0.12
1093,truck,3.0,0.12
1093,truck,3.0,0.12
1093,truck,3.0,0.12
1093,truck,3.0,0.12
1093,truck,3.0,0.12
1093,truck,3.0,0.12
1093,truck,3.0,0.12
1093,truck,3.0,0.12
1093,truck,3.0,0.12
1093,truck,3.0,0.12
1093,truck,3.0,0.12
1093,truck,3.0,0.12
265,bicycle,3.0,0.12
217,traffic light,3.0,0.12
955,car,3.0,0.12
1093,truck,3.0,0.12
1093,truck,3.0,0.12
1093,truck,3.0,0.12
649,traffic light,3.0,0.12
1093,truck,3.0,0.12
955,car,3.0,0.12
291,bus,3.0,0.12
924,bicycle,3.0,0.12
256,person,3.0,0.12
256,person,3.0,0.12
256,person,3.0,0.12
256,person,3.0,0.12
256,person,3.0,0.12
219,person,3.0,0.12
753,car,3.0,0.12
216,person,3.0,0.12
753,car,3.0,0.12
753,car,3.0,0.12
753,car,3.0,0.12
753,car,3.0,0.12
753,car,3.0,0.12
217,traffic light,3.0,0.12
879,traffic light,3.0,0.12
879,traffic light,3.0,0.12
879,traffic light,3.0,0.12
879,traffic light,3.0,0.12
879,traffic light,3.0,0.12
879,traffic light,3.0,0.12
222,person,3.0,0.12
753,car,3.0,0.12
753,car,3.0,0.12
249,person,3.0,0.12
753,car,3.0,0.12
753,car,3.0,0.12
753,car,3.0,0.12
753,car,3.0,0.12
196,car,3.0,0.12
879,traffic light,3.0,0.12
879,traffic light,3.0,0.12
879,traffic light,3.0,0.12
291,bus,3.0,0.12
291,bus,3.0,0.12
291,bus,3.0,0.12
291,bus,3.0,0.12
291,bus,3.0,0.12
1093,truck,3.0,0.12
1093,truck,3.0,0.12
1093,truck,3.0,0.12
1093,truck,3.0,0.12
1093,truck,3.0,0.12
1093,truck,3.0,0.12
95,car,3.0,0.12
879,traffic light,3.0,0.12
1093,truck,3.0,0.12
1093,truck,3.0,0.12
1093,truck,3.0,0.12
1093,truck,3.0,0.12
1093,truck,3.0,0.12
1093,truck,3.0,0.12
1093,truck,3.0,0.12
1093,truck,3.0,0.12
256,person,3.0,0.12
753,car,3.0,0.12
753,car,3.0,0.12
753,car,3.0,0.12
753,car,3.0,0.12
753,car,3.0,0.12
941,car,3.0,0.12
1093,truck,3.0,0.12
1093,truck,3.0,0.12
1093,truck,3.0,0.12
1093,truck,3.0,0.12
1093,truck,3.0,0.12
256,person,3.0,0.12
256,person,3.0,0.12
941,car,3.0,0.12
257,person,3.0,0.12
693,car,3.0,0.12
693,car,3.0,0.12
235,person,3.0,0.12
1093,truck,3.0,0.12
1093,truck,3.0,0.12
1093,truck,3.0,0.12
1093,truck,3.0,0.12
1093,truck,3.0,0.12
1093,truck,3.0,0.12
1116,car,3.0,0.12
1093,truck,3.0,0.12
1116,car,3.0,0.12
1093,truck,3.0,0.12
1093,truck,3.0,0.12
1093,truck,3.0,0.12
1093,truck,3.0,0.12
1093,truck,3.0,0.12
1093,truck,3.0,0.12
870,traffic light,3.0,0.12
373,car,3.0,0.12
377,car,3.0,0.12
261,person,3.0,0.12
261,person,3.0,0.12
1093,truck,3.0,0.12
1093,truck,3.0,0.12
1093,truck,3.0,0.12
253,person,3.0,0.12
866,car,3.0,0.12
500,truck,3.0,0.12
866,car,3.0,0.12
383,car,3.0,0.12
1093,truck,3.0,0.12
1093,truck,3.0,0.12
1093,truck,3.0,0.12
1093,truck,3.0,0.12
1093,truck,3.0,0.12
1093,truck,3.0,0.12
1093,truck,3.0,0.12
1093,truck,3.0,0.12
1093,truck,3.0,0.12
1093,truck,3.0,0.12
1093,truck,3.0,0.12
1093,truck,3.0,0.12
1093,truck,3.0,0.12
649,traffic light,3.0,0.12
235,person,3.0,0.12
1093,truck,3.0,0.12
1093,truck,3.0,0.12
1093,truck,3.0,0.12
1093,truck,3.0,0.12
1093,truck,3.0,0.12
1093,truck,3.0,0.12
1093,truck,3.0,0.12
1093,truck,3.0,0.12
261,person,3.0,0.12
1093,truck,3.0,0.12
1093,truck,3.0,0.12
1093,truck,3.0,0.12
1093,truck,3.0,0.12
1093,truck,3.0,0.12
1093,truck,3.0,0.12
1093,truck,3.0,0.12
1093,truck,3.0,0.12
1093,truck,3.0,0.12
1093,truck,3.0,0.12
1093,truck,3.0,0.12
1093,truck,3.0,0.12
1093,truck,3.0,0.12
1093,truck,3.0,0.12
1093,truck,3.0,0.12
365,car,3.0,0.12
367,car,3.0,0.12
879,traffic light,2.0,0.08
879,traffic light,2.0,0.08
879,traffic light,2.0,0.08
879,traffic light,2.0,0.08
879,traffic light,2.0,0.08
879,traffic light,2.0,0.08
879,traffic light,2.0,0.08
879,traffic light,2.0,0.08
879,traffic light,2.0,0.08
879,traffic light,2.0,0.08
879,traffic light,2.0,0.08
879,traffic light,2.0,0.08
879,traffic light,2.0,0.08
879,traffic light,2.0,0.08
1049,car,2.0,0.08
700,car,2.0,0.08
633,car,2.0,0.08
879,traffic light,2.0,0.08
879,traffic light,2.0,0.08
879,traffic light,2.0,0.08
879,traffic light,2.0,0.08
879,traffic light,2.0,0.08
879,traffic light,2.0,0.08
879,traffic light,2.0,0.08
879,traffic light,2.0,0.08
879,traffic light,2.0,0.08
879,traffic light,2.0,0.08
879,traffic light,2.0,0.08
254,car,2.0,0.08
261,person,2.0,0.08
879,traffic light,2.0,0.08
879,traffic light,2.0,0.08
879,traffic light,2.0,0.08
879,traffic light,2.0,0.08
36,person,2.0,0.08
36,person,2.0,0.08
224,person,2.0,0.08
879,traffic light,2.0,0.08
879,traffic light,2.0,0.08
879,traffic light,2.0,0.08
879,traffic light,2.0,0.08
879,traffic light,2.0,0.08
879,traffic light,2.0,0.08
879,traffic light,2.0,0.08
879,traffic light,2.0,0.08
879,traffic light,2.0,0.08
879,traffic light,2.0,0.08
31,car,2.0,0.08
1097,car,2.0,0.08
1097,car,2.0,0.08
1097,car,2.0,0.08
879,traffic light,2.0,0.08
879,traffic light,2.0,0.08
879,traffic light,2.0,0.08
879,traffic light,2.0,0.08
879,traffic light,2.0,0.08
291,bus,2.0,0.08
291,bus,2.0,0.08
224,person,2.0,0.08
879,traffic light,2.0,0.08
879,traffic light,2.0,0.08
879,traffic light,2.0,0.08
1111,car,2.0,0.08
261,person,2.0,0.08
224,person,2.0,0.08
22,person,2.0,0.08
22,person,2.0,0.08
254,car,2.0,0.08
1111,car,2.0,0.08
218,person,2.0,0.08
974,car,2.0,0.08
879,traffic light,2.0,0.08
879,traffic light,2.0,0.08
879,traffic light,2.0,0.08
879,traffic light,2.0,0.08
879,traffic light,2.0,0.08
261,person,2.0,0.08
879,traffic light,2.0,0.08
254,car,2.0,0.08
879,traffic light,2.0,0.08
879,traffic light,2.0,0.08
879,traffic light,2.0,0.08
879,traffic light,2.0,0.08
879,traffic light,2.0,0.08
879,traffic light,2.0,0.08
879,traffic light,2.0,0.08
879,traffic light,2.0,0.08
879,traffic light,2.0,0.08
879,traffic light,2.0,0.08
879,traffic light,2.0,0.08
879,traffic light,2.0,0.08
879,traffic light,2.0,0.08
879,traffic light,2.0,0.08
331,person,2.0,0.08
239,person,2.0,0.08
879,traffic light,2.0,0.08
879,traffic light,2.0,0.08
879,traffic light,2.0,0.08
352,car,2.0,0.08
879,traffic light,2.0,0.08
879,traffic light,2.0,0.08
879,traffic light,2.0,0.08
879,traffic light,2.0,0.08
879,traffic light,2.0,0.08
879,traffic light,2.0,0.08
879,traffic light,2.0,0.08
879,traffic light,2.0,0.08
879,traffic light,2.0,0.08
1111,car,2.0,0.08
879,traffic light,2.0,0.08
879,traffic light,2.0,0.08
879,traffic light,2.0,0.08
879,traffic light,2.0,0.08
879,traffic light,2.0,0.08
879,traffic light,2.0,0.08
879,traffic light,2.0,0.08
879,traffic light,2.0,0.08
253,person,2.0,0.08
253,person,2.0,0.08
253,person,2.0,0.08
253,person,2.0,0.08
879,traffic light,2.0,0.08
253,person,2.0,0.08
585,car,2.0,0.08
879,traffic light,2.0,0.08
66,car,2.0,0.08
59,car,2.0,0.08
879,traffic light,2.0,0.08
879,traffic light,2.0,0.08
1049,car,2.0,0.08
1049,car,2.0,0.08
761,truck,2.0,0.08
249,person,2.0,0.08
47,bicycle,2.0,0.08
695,car,2.0,0.08
261,person,2.0,0.08
261,person,2.0,0.08
36,person,2.0,0.08
879,traffic light,2.0,0.08
42,person,2.0,0.08
879,traffic light,2.0,0.08
879,traffic light,2.0,0.08
879,traffic light,2.0,0.08
879,traffic light,2.0,0.08
879,traffic light,2.0,0.08
879,traffic light,2.0,0.08
879,traffic light,2.0,0.08
879,traffic light,2.0,0.08
879,traffic light,2.0,0.08
879,traffic light,2.0,0.08
879,traffic light,2.0,0.08
879,traffic light,2.0,0.08
879,traffic light,2.0,0.08
879,traffic light,2.0,0.08
879,traffic light,2.0,0.08
879,traffic light,2.0,0.08
1049,car,2.0,0.08
235,person,2.0,0.08
235,person,2.0,0.08
879,traffic light,2.0,0.08
42,person,2.0,0.08
42,person,2.0,0.08
689,car,2.0,0.08
879,traffic light,2.0,0.08
879,traffic light,2.0,0.08
879,traffic light,2.0,0.08
879,traffic light,2.0,0.08
879,traffic light,2.0,0.08
879,traffic light,2.0,0.08
879,traffic light,2.0,0.08
879,traffic light,2.0,0.08
879,traffic light,2.0,0.08
879,traffic light,2.0,0.08
879,traffic light,2.0,0.08
879,traffic light,2.0,0.08
879,traffic light,2.0,0.08
879,traffic light,2.0,0.08
879,traffic light,2.0,0.08
879,traffic light,2.0,0.08
879,traffic light,2.0,0.08
879,traffic light,2.0,0.08
879,traffic light,2.0,0.08
879,traffic light,2.0,0.08
879,traffic light,2.0,0.08
879,traffic light,2.0,0.08
879,traffic light,2.0,0.08
879,traffic light,2.0,0.08
237,bicycle,2.0,0.08
879,traffic light,2.0,0.08
879,traffic light,2.0,0.08
879,traffic light,2.0,0.08
879,traffic light,2.0,0.08
879,traffic light,2.0,0.08
879,traffic light,2.0,0.08
879,traffic light,2.0,0.08
879,traffic light,2.0,0.08
879,traffic light,2.0,0.08
879,traffic light,2.0,0.08
879,traffic light,2.0,0.08
879,traffic light,2.0,0.08
879,traffic light,2.0,0.08
879,traffic light,2.0,0.08
879,traffic light,2.0,0.08
879,traffic light,2.0,0.08
700,car,2.0,0.08
646,car,2.0,0.08
253,person,2.0,0.08
253,person,2.0,0.08
586,car,2.0,0.08
879,traffic light,2.0,0.08
879,traffic light,2.0,0.08
879,traffic light,2.0,0.08
879,traffic light,2.0,0.08
253,person,2.0,0.08
253,person,2.0,0.08
1097,car,2.0,0.08
42,person,2.0,0.08
879,traffic light,2.0,0.08
879,traffic light,2.0,0.08
879,traffic light,2.0,0.08
879,traffic light,2.0,0.08
879,traffic light,2.0,0.08
879,traffic light,2.0,0.08
879,traffic light,2.0,0.08
879,traffic light,2.0,0.08
879,traffic light,2.0,0.08
879,traffic light,2.0,0.08
879,traffic light,2.0,0.08
879,traffic light,2.0,0.08
879,traffic light,2.0,0.08
761,truck,2.0,0.08
253,person,2.0,0.08
253,person,2.0,0.08
879,traffic light,2.0,0.08
879,traffic light,2.0,0.08
257,person,2.0,0.08
879,traffic light,2.0,0.08
879,traffic light,2.0,0.08
707,car,2.0,0.08
761,truck,2.0,0.08
36,person,2.0,0.08
249,person,2.0,0.08
249,person,2.0,0.08
1111,car,2.0,0.08
36,person,2.0,0.08
36,person,2.0,0.08
879,traffic light,2.0,0.08
879,traffic light,2.0,0.08
879,traffic light,2.0,0.08
761,truck,2.0,0.08
256,person,2.0,0.08
249,person,2.0,0.08
253,person,2.0,0.08
615,car,2.0,0.08
1063,car,2.0,0.08
222,person,2.0,0.08
1063,car,2.0,0.08
1063,car,2.0,0.08
257,person,2.0,0.08
307,bicycle,2.0,0.08
307,bicycle,2.0,0.08
307,bicycle,2.0,0.08
307,bicycle,2.0,0.08
307,bicycle,2.0,0.08
879,traffic light,2.0,0.08
257,person,2.0,0.08
218,person,2.0,0.08
218,person,2.0,0.08
218,person,2.0,0.08
218,person,2.0,0.08
436,car,2.0,0.08
754,car,2.0,0.08
256,person,2.0,0.08
256,person,2.0,0.08
256,person,2.0,0.08
630,car,2.0,0.08
866,car,2.0,0.08
866,car,2.0,0.08
866,car,2.0,0.08
941,car,2.0,0.08
307,bicycle,2.0,0.08
283,person,2.0,0.08
746,car,2.0,0.08
247,person,2.0,0.08
183,car,2.0,0.08
255,person,2.0,0.08
217,traffic light,2.0,0.08
222,person,2.0,0.08
941,car,2.0,0.08
331,person,2.0,0.08
941,car,2.0,0.08
289,bicycle,2.0,0.08
255,person,2.0,0.08
286,bicycle,2.0,0.08
289,bicycle,2.0,0.08
188,car,2.0,0.08
909,traffic light,2.0,0.08
455,car,2.0,0.08
286,bicycle,2.0,0.08
222,person,2.0,0.08
222,person,2.0,0.08
941,car,2.0,0.08
261,person,2.0,0.08
941,car,2.0,0.08
261,person,2.0,0.08
261,person,2.0,0.08
261,person,2.0,0.08
909,traffic light,2.0,0.08
909,traffic light,2.0,0.08
257,person,2.0,0.08
307,bicycle,2.0,0.08
909,traffic light,2.0,0.08
257,person,2.0,0.08
941,car,2.0,0.08
1085,traffic light,2.0,0.08
253,person,2.0,0.08
739,car,2.0,0.08
224,person,2.0,0.08
224,person,2.0,0.08
260,bicycle,2.0,0.08
257,person,2.0,0.08
253,person,2.0,0.08
253,person,2.0,0.08
253,person,2.0,0.08
759,traffic light,2.0,0.08
218,person,2.0,0.08
866,car,2.0,0.08
253,person,2.0,0.08
253,person,2.0,0.08
761,truck,2.0,0.08
761,truck,2.0,0.08
941,car,2.0,0.08
866,car,2.0,0.08
260,bicycle,2.0,0.08
257,person,2.0,0.08
260,bicycle,2.0,0.08
257,person,2.0,0.08
260,bicycle,2.0,0.08
941,car,2.0,0.08
257,person,2.0,0.08
609,car,2.0,0.08
257,person,2.0,0.08
253,person,2.0,0.08
941,car,2.0,0.08
196,car,2.0,0.08
916,traffic light,2.0,0.08
866,car,2.0,0.08
923,person,2.0,0.08
630,car,2.0,0.08
1063,car,2.0,0.08
1063,car,2.0,0.08
401,car,2.0,0.08
1063,car,2.0,0.08
866,car,2.0,0.08
866,car,2.0,0.08
866,car,2.0,0.08
924,bicycle,2.0,0.08
924,bicycle,2.0,0.08
260,bicycle,2.0,0.08
924,bicycle,2.0,0.08
224,person,2.0,0.08
224,person,2.0,0.08
224,person,2.0,0.08
224,person,2.0,0.08
222,person,2.0,0.08
1085,traffic light,2.0,0.08
224,person,2.0,0.08
257,person,2.0,0.08
1085,traffic light,2.0,0.08
257,person,2.0,0.08
247,person,2.0,0.08
257,person,2.0,0.08
260,bicycle,2.0,0.08
257,person,2.0,0.08
923,person,2.0,0.08
254,car,2.0,0.08
261,person,2.0,0.08
254,car,2.0,0.08
261,person,2.0,0.08
879,traffic light,2.0,0.08
879,traffic light,2.0,0.08
879,traffic light,2.0,0.08
879,traffic light,2.0,0.08
879,traffic light,2.0,0.08
879,traffic light,2.0,0.08
260,bicycle,2.0,0.08
879,traffic light,2.0,0.08
879,traffic light,2.0,0.08
879,traffic light,2.0,0.08
746,car,2.0,0.08
879,traffic light,2.0,0.08
879,traffic light,2.0,0.08
879,traffic light,2.0,0.08
879,traffic light,2.0,0.08
879,traffic light,2.0,0.08
879,traffic light,2.0,0.08
879,traffic light,2.0,0.08
879,traffic light,2.0,0.08
879,traffic light,2.0,0.08
879,traffic light,2.0,0.08
879,traffic light,2.0,0.08
879,traffic light,2.0,0.08
717,car,2.0,0.08
261,person,2.0,0.08
249,person,2.0,0.08
879,traffic light,2.0,0.08
879,traffic light,2.0,0.08
879,traffic light,2.0,0.08
879,traffic light,2.0,0.08
879,traffic light,2.0,0.08
879,traffic light,2.0,0.08
879,traffic light,2.0,0.08
879,traffic light,2.0,0.08
879,traffic light,2.0,0.08
879,traffic light,2.0,0.08
879,traffic light,2.0,0.08
254,car,2.0,0.08
18,person,2.0,0.08
18,person,2.0,0.08
18,person,2.0,0.08
879,traffic light,2.0,0.08
254,car,2.0,0.08
254,car,2.0,0.08
955,car,2.0,0.08
254,car,2.0,0.08
254,car,2.0,0.08
254,car,2.0,0.08
955,car,2.0,0.08
254,car,2.0,0.08
955,car,2.0,0.08
254,car,2.0,0.08
222,person,2.0,0.08
955,car,2.0,0.08
254,car,2.0,0.08
254,car,2.0,0.08
254,car,2.0,0.08
254,car,2.0,0.08
879,traffic light,2.0,0.08
879,traffic light,2.0,0.08
392,car,2.0,0.08
392,car,2.0,0.08
879,traffic light,2.0,0.08
879,traffic light,2.0,0.08
879,traffic light,2.0,0.08
879,traffic light,2.0,0.08
879,traffic light,2.0,0.08
782,car,2.0,0.08
254,car,2.0,0.08
783,car,2.0,0.08
958,car,2.0,0.08
254,car,2.0,0.08
247,person,2.0,0.08
247,person,2.0,0.08
177,person,2.0,0.08
879,traffic light,2.0,0.08
879,traffic light,2.0,0.08
255,person,2.0,0.08
255,person,2.0,0.08
958,car,2.0,0.08
255,person,2.0,0.08
247,person,2.0,0.08
1100,traffic light,2.0,0.08
289,bicycle,2.0,0.08
941,car,2.0,0.08
283,person,2.0,0.08
941,car,2.0,0.08
254,car,2.0,0.08
594,car,2.0,0.08
247,person,2.0,0.08
247,person,2.0,0.08
1063,car,2.0,0.08
1063,car,2.0,0.08
1063,car,2.0,0.08
1063,car,2.0,0.08
753,car,2.0,0.08
753,car,2.0,0.08
392,car,2.0,0.08
168,car,2.0,0.08
879,traffic light,2.0,0.08
879,traffic light,2.0,0.08
879,traffic light,2.0,0.08
879,traffic light,2.0,0.08
879,traffic light,2.0,0.08
879,traffic light,2.0,0.08
879,traffic light,2.0,0.08
879,traffic light,2.0,0.08
879,traffic light,2.0,0.08
879,traffic light,2.0,0.08
879,traffic light,2.0,0.08
879,traffic light,2.0,0.08
879,traffic light,2.0,0.08
879,traffic light,2.0,0.08
879,traffic light,2.0,0.08
879,traffic light,2.0,0.08
879,traffic light,2.0,0.08
879,traffic light,2.0,0.08
879,traffic light,2.0,0.08
879,traffic light,2.0,0.08
879,traffic light,2.0,0.08
879,traffic light,2.0,0.08
879,traffic light,2.0,0.08
224,person,2.0,0.08
247,person,2.0,0.08
879,traffic light,2.0,0.08
879,traffic light,2.0,0.08
224,person,2.0,0.08
237,bicycle,2.0,0.08
866,car,2.0,0.08
879,traffic light,2.0,0.08
879,traffic light,2.0,0.08
649,traffic light,2.0,0.08
879,traffic light,2.0,0.08
647,car,2.0,0.08
256,person,2.0,0.08
649,traffic light,2.0,0.08
647,car,2.0,0.08
879,traffic light,2.0,0.08
879,traffic light,2.0,0.08
879,traffic light,2.0,0.08
879,traffic light,2.0,0.08
879,traffic light,2.0,0.08
879,traffic light,2.0,0.08
76,car,2.0,0.08
649,traffic light,2.0,0.08
879,traffic light,2.0,0.08
879,traffic light,2.0,0.08
879,traffic light,2.0,0.08
879,traffic light,2.0,0.08
59,car,2.0,0.08
879,traffic light,2.0,0.08
879,traffic light,2.0,0.08
879,traffic light,2.0,0.08
879,traffic light,2.0,0.08
879,traffic light,2.0,0.08
222,person,2.0,0.08
222,person,2.0,0.08
304,car,2.0,0.08
304,car,2.0,0.08
304,car,2.0,0.08
304,car,2.0,0.08
235,person,2.0,0.08
304,car,2.0,0.08
649,traffic light,2.0,0.08
247,person,2.0,0.08
255,person,2.0,0.08
222,person,2.0,0.08
1020,car,2.0,0.08
879,traffic light,2.0,0.08
879,traffic light,2.0,0.08
879,traffic light,2.0,0.08
879,traffic light,2.0,0.08
879,traffic light,2.0,0.08
879,traffic light,2.0,0.08
235,person,2.0,0.08
879,traffic light,2.0,0.08
879,traffic light,2.0,0.08
879,traffic light,2.0,0.08
879,traffic light,2.0,0.08
879,traffic light,2.0,0.08
879,traffic light,2.0,0.08
879,traffic light,2.0,0.08
879,traffic light,2.0,0.08
879,traffic light,2.0,0.08
879,traffic light,2.0,0.08
879,traffic light,2.0,0.08
879,traffic light,2.0,0.08
879,traffic light,2.0,0.08
879,traffic light,2.0,0.08
879,traffic light,2.0,0.08
879,traffic light,2.0,0.08
879,traffic light,2.0,0.08
879,traffic light,2.0,0.08
879,traffic light,2.0,0.08
879,traffic light,2.0,0.08
407,car,2.0,0.08
1044,car,2.0,0.08
1044,car,2.0,0.08
256,person,2.0,0.08
256,person,2.0,0.08
256,person,2.0,0.08
256,person,2.0,0.08
879,traffic light,2.0,0.08
879,traffic light,2.0,0.08
255,person,2.0,0.08
879,traffic light,2.0,0.08
879,traffic light,2.0,0.08
224,person,2.0,0.08
879,traffic light,2.0,0.08
879,traffic light,2.0,0.08
879,traffic light,2.0,0.08
238,car,2.0,0.08
1023,car,2.0,0.08
1029,car,2.0,0.08
500,truck,2.0,0.08
256,person,2.0,0.08
256,person,2.0,0.08
869,traffic light,2.0,0.08
554,car,2.0,0.08
869,traffic light,2.0,0.08
59,car,2.0,0.08
879,traffic light,2.0,0.08
879,traffic light,2.0,0.08
879,traffic light,2.0,0.08
256,person,2.0,0.08
256,person,2.0,0.08
256,person,2.0,0.08
869,traffic light,2.0,0.08
255,person,2.0,0.08
256,person,2.0,0.08
879,traffic light,2.0,0.08
879,traffic light,2.0,0.08
879,traffic light,2.0,0.08
879,traffic light,2.0,0.08
879,traffic light,2.0,0.08
879,traffic light,2.0,0.08
879,traffic light,2.0,0.08
879,traffic light,2.0,0.08
879,traffic light,2.0,0.08
879,traffic light,2.0,0.08
1029,car,2.0,0.08
1044,car,2.0,0.08
59,car,2.0,0.08
1044,car,2.0,0.08
879,traffic light,2.0,0.08
879,traffic light,2.0,0.08
879,traffic light,2.0,0.08
879,traffic light,2.0,0.08
222,person,2.0,0.08
102,car,2.0,0.08
222,person,2.0,0.08
222,person,2.0,0.08
879,traffic light,2.0,0.08
1029,car,2.0,0.08
1020,car,2.0,0.08
1029,car,2.0,0.08
1029,car,2.0,0.08
261,person,2.0,0.08
247,person,2.0,0.08
1029,car,2.0,0.08
534,car,2.0,0.08
1023,car,2.0,0.08
1023,car,2.0,0.08
1023,car,2.0,0.08
247,person,2.0,0.08
1029,car,2.0,0.08
275,bicycle,2.0,0.08
95,car,2.0,0.08
95,car,2.0,0.08
879,traffic light,2.0,0.08
222,person,2.0,0.08
753,car,2.0,0.08
1044,car,2.0,0.08
1044,car,2.0,0.08
1029,car,2.0,0.08
1029,car,2.0,0.08
879,traffic light,2.0,0.08
1029,car,2.0,0.08
879,traffic light,2.0,0.08
879,traffic light,2.0,0.08
879,traffic light,2.0,0.08
879,traffic light,2.0,0.08
879,traffic light,2.0,0.08
235,person,2.0,0.08
879,traffic light,2.0,0.08
879,traffic light,2.0,0.08
222,person,2.0,0.08
222,person,2.0,0.08
222,person,2.0,0.08
222,person,2.0,0.08
222,person,2.0,0.08
879,traffic light,2.0,0.08
879,traffic light,2.0,0.08
879,traffic light,2.0,0.08
76,car,2.0,0.08
59,car,2.0,0.08
255,person,2.0,0.08
261,person,2.0,0.08
261,person,2.0,0.08
879,traffic light,2.0,0.08
879,traffic light,2.0,0.08
879,traffic light,2.0,0.08
879,traffic light,2.0,0.08
222,person,2.0,0.08
879,traffic light,2.0,0.08
879,traffic light,2.0,0.08
879,traffic light,2.0,0.08
879,traffic light,2.0,0.08
879,traffic light,2.0,0.08
1020,car,2.0,0.08
261,person,2.0,0.08
222,person,2.0,0.08
255,person,2.0,0.08
255,person,2.0,0.08
304,car,2.0,0.08
257,person,2.0,0.08
879,traffic light,2.0,0.08
879,traffic light,2.0,0.08
879,traffic light,2.0,0.08
879,traffic light,2.0,0.08
879,traffic light,2.0,0.08
879,traffic light,2.0,0.08
879,traffic light,2.0,0.08
879,traffic light,2.0,0.08
879,traffic light,2.0,0.08
879,traffic light,2.0,0.08
879,traffic light,2.0,0.08
879,traffic light,2.0,0.08
879,traffic light,2.0,0.08
879,traffic light,2.0,0.08
879,traffic light,2.0,0.08
879,traffic light,2.0,0.08
879,traffic light,2.0,0.08
879,traffic light,2.0,0.08
879,traffic light,2.0,0.08
879,traffic light,2.0,0.08
879,traffic light,2.0,0.08
222,person,2.0,0.08
879,traffic light,2.0,0.08
761,truck,2.0,0.08
879,traffic light,2.0,0.08
879,traffic light,2.0,0.08
879,traffic light,2.0,0.08
879,traffic light,2.0,0.08
239,person,2.0,0.08
239,person,2.0,0.08
125,car,2.0,0.08
371,car,2.0,0.08
359,car,2.0,0.08
1029,car,2.0,0.08
879,traffic light,2.0,0.08
1029,car,2.0,0.08
1010,car,2.0,0.08
1005,car,2.0,0.08
1005,car,2.0,0.08
1044,car,2.0,0.08
879,traffic light,2.0,0.08
1010,car,2.0,0.08
879,traffic light,2.0,0.08
879,traffic light,2.0,0.08
879,traffic light,2.0,0.08
879,traffic light,2.0,0.08
59,car,2.0,0.08
746,car,2.0,0.08
879,traffic light,2.0,0.08
252,bicycle,2.0,0.08
879,traffic light,2.0,0.08
1029,car,2.0,0.08
879,traffic light,2.0,0.08
252,bicycle,2.0,0.08
1029,car,2.0,0.08
1044,car,2.0,0.08
649,traffic light,2.0,0.08
1023,car,2.0,0.08
879,traffic light,2.0,0.08
1023,car,2.0,0.08
761,truck,2.0,0.08
133,car,2.0,0.08
419,car,2.0,0.08
879,traffic light,2.0,0.08
879,traffic light,2.0,0.08
879,traffic light,2.0,0.08
879,traffic light,2.0,0.08
879,traffic light,2.0,0.08
879,traffic light,2.0,0.08
879,traffic light,2.0,0.08
879,traffic light,2.0,0.08
239,person,2.0,0.08
73,car,2.0,0.08
826,car,2.0,0.08
879,traffic light,2.0,0.08
879,traffic light,2.0,0.08
879,traffic light,2.0,0.08
879,traffic light,2.0,0.08
879,traffic light,2.0,0.08
59,car,2.0,0.08
879,traffic light,2.0,0.08
879,traffic light,2.0,0.08
879,traffic light,2.0,0.08
879,traffic light,2.0,0.08
879,traffic light,2.0,0.08
59,car,2.0,0.08
879,traffic light,2.0,0.08
1049,car,2.0,0.08
1049,car,2.0,0.08
1049,car,2.0,0.08
257,person,2.0,0.08
257,person,2.0,0.08
1029,car,2.0,0.08
1029,car,2.0,0.08
235,person,2.0,0.08
235,person,2.0,0.08
373,car,2.0,0.08
367,car,2.0,0.08
879,traffic light,2.0,0.08
1044,car,2.0,0.08
879,traffic light,2.0,0.08
879,traffic light,2.0,0.08
1023,car,2.0,0.08
879,traffic light,2.0,0.08
1116,car,2.0,0.08
879,traffic light,2.0,0.08
1023,car,2.0,0.08
252,bicycle,2.0,0.08
879,traffic light,2.0,0.08
247,person,2.0,0.08
222,person,2.0,0.08
879,traffic light,2.0,0.08
879,traffic light,2.0,0.08
879,traffic light,2.0,0.08
247,person,2.0,0.08
879,traffic light,2.0,0.08
1097,car,2.0,0.08
222,person,2.0,0.08
257,person,2.0,0.08
879,traffic light,2.0,0.08
879,traffic light,2.0,0.08
879,traffic light,2.0,0.08
879,traffic light,2.0,0.08
879,traffic light,2.0,0.08
500,truck,2.0,0.08
752,car,2.0,0.08
752,car,2.0,0.08
879,traffic light,2.0,0.08
879,traffic light,2.0,0.08
879,traffic light,2.0,0.08
879,traffic light,2.0,0.08
239,person,2.0,0.08
235,person,2.0,0.08
879,traffic light,2.0,0.08
59,car,2.0,0.08
879,traffic light,2.0,0.08
879,traffic light,2.0,0.08
1029,car,2.0,0.08
649,traffic light,2.0,0.08
275,bicycle,2.0,0.08
879,traffic light,2.0,0.08
879,traffic light,2.0,0.08
752,car,2.0,0.08
59,car,2.0,0.08
879,traffic light,2.0,0.08
59,car,2.0,0.08
59,car,2.0,0.08
402,car,2.0,0.08
59,car,2.0,0.08
59,car,2.0,0.08
59,car,2.0,0.08
59,car,2.0,0.08
59,car,2.0,0.08
238,car,2.0,0.08
879,traffic light,2.0,0.08
59,car,2.0,0.08
59,car,2.0,0.08
252,bicycle,2.0,0.08
494,car,2.0,0.08
870,traffic light,2.0,0.08
407,car,2.0,0.08
59,car,2.0,0.08
59,car,2.0,0.08
1029,car,2.0,0.08
879,traffic light,2.0,0.08
870,traffic light,2.0,0.08
879,traffic light,2.0,0.08
879,traffic light,2.0,0.08
879,traffic light,2.0,0.08
879,traffic light,2.0,0.08
879,traffic light,2.0,0.08
256,person,2.0,0.08
879,traffic light,2.0,0.08
1029,car,2.0,0.08
879,traffic light,2.0,0.08
1029,car,2.0,0.08
879,traffic light,2.0,0.08
879,traffic light,2.0,0.08
879,traffic light,2.0,0.08
879,traffic light,2.0,0.08
275,bicycle,2.0,0.08
879,traffic light,2.0,0.08
879,traffic light,2.0,0.08
879,traffic light,2.0,0.08
879,traffic light,2.0,0.08
879,traffic light,2.0,0.08
751,car,1.0,0.04
760,car,1.0,0.04
239,person,1.0,0.04
751,car,1.0,0.04
249,person,1.0,0.04
760,car,1.0,0.04
1085,traffic light,1.0,0.04
739,car,1.0,0.04
219,person,1.0,0.04
222,person,1.0,0.04
239,person,1.0,0.04
219,person,1.0,0.04
219,person,1.0,0.04
739,car,1.0,0.04
1085,traffic light,1.0,0.04
760,car,1.0,0.04
219,person,1.0,0.04
1029,car,1.0,0.04
224,person,1.0,0.04
224,person,1.0,0.04
224,person,1.0,0.04
1085,traffic light,1.0,0.04
1085,traffic light,1.0,0.04
622,car,1.0,0.04
219,person,1.0,0.04
1085,traffic light,1.0,0.04
1085,traffic light,1.0,0.04
1044,car,1.0,0.04
1023,car,1.0,0.04
1063,car,1.0,0.04
249,person,1.0,0.04
1023,car,1.0,0.04
253,person,1.0,0.04
224,person,1.0,0.04
253,person,1.0,0.04
224,person,1.0,0.04
253,person,1.0,0.04
751,car,1.0,0.04
751,car,1.0,0.04
751,car,1.0,0.04
1076,car,1.0,0.04
1076,car,1.0,0.04
1076,car,1.0,0.04
751,car,1.0,0.04
1044,car,1.0,0.04
1044,car,1.0,0.04
219,person,1.0,0.04
1076,car,1.0,0.04
1076,car,1.0,0.04
1085,traffic light,1.0,0.04
249,person,1.0,0.04
255,person,1.0,0.04
1044,car,1.0,0.04
253,person,1.0,0.04
247,person,1.0,0.04
760,car,1.0,0.04
224,person,1.0,0.04
1029,car,1.0,0.04
760,car,1.0,0.04
751,car,1.0,0.04
760,car,1.0,0.04
1029,car,1.0,0.04
760,car,1.0,0.04
751,car,1.0,0.04
751,car,1.0,0.04
247,person,1.0,0.04
255,person,1.0,0.04
751,car,1.0,0.04
253,person,1.0,0.04
218,person,1.0,0.04
739,car,1.0,0.04
751,car,1.0,0.04
222,person,1.0,0.04
249,person,1.0,0.04
751,car,1.0,0.04
222,person,1.0,0.04
747,car,1.0,0.04
748,car,1.0,0.04
748,car,1.0,0.04
224,person,1.0,0.04
222,person,1.0,0.04
222,person,1.0,0.04
224,person,1.0,0.04
760,car,1.0,0.04
751,car,1.0,0.04
760,car,1.0,0.04
249,person,1.0,0.04
253,person,1.0,0.04
224,person,1.0,0.04
751,car,1.0,0.04
760,car,1.0,0.04
224,person,1.0,0.04
760,car,1.0,0.04
751,car,1.0,0.04
760,car,1.0,0.04
1085,traffic light,1.0,0.04
1063,car,1.0,0.04
218,person,1.0,0.04
247,person,1.0,0.04
1063,car,1.0,0.04
218,person,1.0,0.04
760,car,1.0,0.04
247,person,1.0,0.04
224,person,1.0,0.04
224,person,1.0,0.04
253,person,1.0,0.04
748,car,1.0,0.04
748,car,1.0,0.04
748,car,1.0,0.04
247,person,1.0,0.04
1085,traffic light,1.0,0.04
238,car,1.0,0.04
760,car,1.0,0.04
224,person,1.0,0.04
402,car,1.0,0.04
247,person,1.0,0.04
234,car,1.0,0.04
249,person,1.0,0.04
237,bicycle,1.0,0.04
255,person,1.0,0.04
255,person,1.0,0.04
751,car,1.0,0.04
1041,car,1.0,0.04
253,person,1.0,0.04
751,car,1.0,0.04
1063,car,1.0,0.04
760,car,1.0,0.04
1063,car,1.0,0.04
253,person,1.0,0.04
1063,car,1.0,0.04
234,car,1.0,0.04
402,car,1.0,0.04
219,person,1.0,0.04
239,person,1.0,0.04
1056,car,1.0,0.04
1044,car,1.0,0.04
752,car,1.0,0.04
1056,car,1.0,0.04
1056,car,1.0,0.04
239,person,1.0,0.04
239,person,1.0,0.04
1049,car,1.0,0.04
1049,car,1.0,0.04
1049,car,1.0,0.04
1063,car,1.0,0.04
1049,car,1.0,0.04
1049,car,1.0,0.04
1049,car,1.0,0.04
1049,car,1.0,0.04
1049,car,1.0,0.04
1056,car,1.0,0.04
1049,car,1.0,0.04
1056,car,1.0,0.04
1049,car,1.0,0.04
1056,car,1.0,0.04
1049,car,1.0,0.04
1049,car,1.0,0.04
1049,car,1.0,0.04
1049,car,1.0,0.04
1056,car,1.0,0.04
1049,car,1.0,0.04
1056,car,1.0,0.04
1029,car,1.0,0.04
1029,car,1.0,0.04
1029,car,1.0,0.04
1056,car,1.0,0.04
1056,car,1.0,0.04
1056,car,1.0,0.04
1056,car,1.0,0.04
1056,car,1.0,0.04
1056,car,1.0,0.04
1056,car,1.0,0.04
1056,car,1.0,0.04
1056,car,1.0,0.04
238,car,1.0,0.04
1056,car,1.0,0.04
1056,car,1.0,0.04
1056,car,1.0,0.04
1056,car,1.0,0.04
1056,car,1.0,0.04
1056,car,1.0,0.04
1056,car,1.0,0.04
1056,car,1.0,0.04
1056,car,1.0,0.04
1056,car,1.0,0.04
1056,car,1.0,0.04
1049,car,1.0,0.04
1044,car,1.0,0.04
1044,car,1.0,0.04
1044,car,1.0,0.04
1044,car,1.0,0.04
1049,car,1.0,0.04
1053,car,1.0,0.04
1049,car,1.0,0.04
1044,car,1.0,0.04
1053,car,1.0,0.04
1053,car,1.0,0.04
1053,car,1.0,0.04
1049,car,1.0,0.04
1053,car,1.0,0.04
1049,car,1.0,0.04
1053,car,1.0,0.04
1049,car,1.0,0.04
1053,car,1.0,0.04
1053,car,1.0,0.04
1049,car,1.0,0.04
1053,car,1.0,0.04
1049,car,1.0,0.04
1053,car,1.0,0.04
1049,car,1.0,0.04
1053,car,1.0,0.04
1049,car,1.0,0.04
1049,car,1.0,0.04
1049,car,1.0,0.04
238,car,1.0,0.04
1044,car,1.0,0.04
1049,car,1.0,0.04
1044,car,1.0,0.04
1049,car,1.0,0.04
1044,car,1.0,0.04
1049,car,1.0,0.04
752,car,1.0,0.04
1035,car,1.0,0.04
1035,car,1.0,0.04
1049,car,1.0,0.04
1049,car,1.0,0.04
1056,car,1.0,0.04
1049,car,1.0,0.04
1056,car,1.0,0.04
1056,car,1.0,0.04
1049,car,1.0,0.04
1056,car,1.0,0.04
1049,car,1.0,0.04
1056,car,1.0,0.04
1049,car,1.0,0.04
1056,car,1.0,0.04
1049,car,1.0,0.04
1053,car,1.0,0.04
1049,car,1.0,0.04
1049,car,1.0,0.04
1063,car,1.0,0.04
249,person,1.0,0.04
249,person,1.0,0.04
249,person,1.0,0.04
218,person,1.0,0.04
218,person,1.0,0.04
218,person,1.0,0.04
751,car,1.0,0.04
1063,car,1.0,0.04
751,car,1.0,0.04
751,car,1.0,0.04
751,car,1.0,0.04
1029,car,1.0,0.04
754,car,1.0,0.04
249,person,1.0,0.04
249,person,1.0,0.04
1063,car,1.0,0.04
751,car,1.0,0.04
1063,car,1.0,0.04
1063,car,1.0,0.04
1063,car,1.0,0.04
237,bicycle,1.0,0.04
1063,car,1.0,0.04
1035,car,1.0,0.04
1063,car,1.0,0.04
1063,car,1.0,0.04
751,car,1.0,0.04
249,person,1.0,0.04
751,car,1.0,0.04
1029,car,1.0,0.04
1029,car,1.0,0.04
751,car,1.0,0.04
751,car,1.0,0.04
751,car,1.0,0.04
222,person,1.0,0.04
247,person,1.0,0.04
1063,car,1.0,0.04
1063,car,1.0,0.04
238,car,1.0,0.04
1063,car,1.0,0.04
752,car,1.0,0.04
752,car,1.0,0.04
751,car,1.0,0.04
752,car,1.0,0.04
239,person,1.0,0.04
751,car,1.0,0.04
1063,car,1.0,0.04
1063,car,1.0,0.04
1063,car,1.0,0.04
1063,car,1.0,0.04
237,bicycle,1.0,0.04
1063,car,1.0,0.04
1063,car,1.0,0.04
1063,car,1.0,0.04
219,person,1.0,0.04
752,car,1.0,0.04
751,car,1.0,0.04
1029,car,1.0,0.04
1035,car,1.0,0.04
1029,car,1.0,0.04
1035,car,1.0,0.04
1029,car,1.0,0.04
1035,car,1.0,0.04
1029,car,1.0,0.04
1035,car,1.0,0.04
237,bicycle,1.0,0.04
1063,car,1.0,0.04
751,car,1.0,0.04
751,car,1.0,0.04
751,car,1.0,0.04
751,car,1.0,0.04
253,person,1.0,0.04
751,car,1.0,0.04
1056,car,1.0,0.04
1056,car,1.0,0.04
1056,car,1.0,0.04
1056,car,1.0,0.04
253,person,1.0,0.04
1056,car,1.0,0.04
1056,car,1.0,0.04
751,car,1.0,0.04
1035,car,1.0,0.04
1035,car,1.0,0.04
1035,car,1.0,0.04
1035,car,1.0,0.04
219,person,1.0,0.04
1063,car,1.0,0.04
1063,car,1.0,0.04
1035,car,1.0,0.04
1035,car,1.0,0.04
1035,car,1.0,0.04
1047,car,1.0,0.04
1029,car,1.0,0.04
1035,car,1.0,0.04
219,person,1.0,0.04
1035,car,1.0,0.04
1035,car,1.0,0.04
1063,car,1.0,0.04
1035,car,1.0,0.04
1063,car,1.0,0.04
1035,car,1.0,0.04
1063,car,1.0,0.04
751,car,1.0,0.04
751,car,1.0,0.04
751,car,1.0,0.04
751,car,1.0,0.04
751,car,1.0,0.04
219,person,1.0,0.04
1047,car,1.0,0.04
1097,car,1.0,0.04
1115,car,1.0,0.04
1097,car,1.0,0.04
1115,car,1.0,0.04
1097,car,1.0,0.04
1115,car,1.0,0.04
1097,car,1.0,0.04
1115,car,1.0,0.04
1097,car,1.0,0.04
1115,car,1.0,0.04
1097,car,1.0,0.04
1115,car,1.0,0.04
1097,car,1.0,0.04
222,person,1.0,0.04
222,person,1.0,0.04
253,person,1.0,0.04
1097,car,1.0,0.04
1115,car,1.0,0.04
1097,car,1.0,0.04
222,person,1.0,0.04
222,person,1.0,0.04
222,person,1.0,0.04
1097,car,1.0,0.04
222,person,1.0,0.04
1097,car,1.0,0.04
1097,car,1.0,0.04
1097,car,1.0,0.04
1097,car,1.0,0.04
1115,car,1.0,0.04
222,person,1.0,0.04
222,person,1.0,0.04
222,person,1.0,0.04
1097,car,1.0,0.04
1115,car,1.0,0.04
1097,car,1.0,0.04
1115,car,1.0,0.04
1097,car,1.0,0.04
1115,car,1.0,0.04
1097,car,1.0,0.04
1115,car,1.0,0.04
1115,car,1.0,0.04
1115,car,1.0,0.04
1097,car,1.0,0.04
1115,car,1.0,0.04
1097,car,1.0,0.04
1115,car,1.0,0.04
1097,car,1.0,0.04
1115,car,1.0,0.04
1097,car,1.0,0.04
1097,car,1.0,0.04
1097,car,1.0,0.04
1115,car,1.0,0.04
222,person,1.0,0.04
222,person,1.0,0.04
695,car,1.0,0.04
695,car,1.0,0.04
1115,car,1.0,0.04
1097,car,1.0,0.04
1115,car,1.0,0.04
1115,car,1.0,0.04
1097,car,1.0,0.04
1115,car,1.0,0.04
1097,car,1.0,0.04
1115,car,1.0,0.04
1097,car,1.0,0.04
1115,car,1.0,0.04
1097,car,1.0,0.04
1097,car,1.0,0.04
1097,car,1.0,0.04
1097,car,1.0,0.04
1097,car,1.0,0.04
1097,car,1.0,0.04
698,car,1.0,0.04
698,car,1.0,0.04
698,car,1.0,0.04
695,car,1.0,0.04
1097,car,1.0,0.04
1097,car,1.0,0.04
1097,car,1.0,0.04
253,person,1.0,0.04
701,car,1.0,0.04
707,car,1.0,0.04
1115,car,1.0,0.04
1097,car,1.0,0.04
1097,car,1.0,0.04
1097,car,1.0,0.04
1097,car,1.0,0.04
1097,car,1.0,0.04
1097,car,1.0,0.04
1097,car,1.0,0.04
707,car,1.0,0.04
1097,car,1.0,0.04
1111,car,1.0,0.04
1097,car,1.0,0.04
1097,car,1.0,0.04
1097,car,1.0,0.04
1097,car,1.0,0.04
1097,car,1.0,0.04
707,car,1.0,0.04
1097,car,1.0,0.04
647,car,1.0,0.04
647,car,1.0,0.04
647,car,1.0,0.04
649,traffic light,1.0,0.04
647,car,1.0,0.04
235,person,1.0,0.04
1115,car,1.0,0.04
1097,car,1.0,0.04
1115,car,1.0,0.04
1097,car,1.0,0.04
1115,car,1.0,0.04
1097,car,1.0,0.04
1097,car,1.0,0.04
1097,car,1.0,0.04
1115,car,1.0,0.04
1097,car,1.0,0.04
1097,car,1.0,0.04
1097,car,1.0,0.04
1097,car,1.0,0.04
701,car,1.0,0.04
701,car,1.0,0.04
701,car,1.0,0.04
1097,car,1.0,0.04
1097,car,1.0,0.04
701,car,1.0,0.04
1097,car,1.0,0.04
1097,car,1.0,0.04
647,car,1.0,0.04
647,car,1.0,0.04
700,car,1.0,0.04
700,car,1.0,0.04
222,person,1.0,0.04
701,car,1.0,0.04
1097,car,1.0,0.04
256,person,1.0,0.04
257,person,1.0,0.04
256,person,1.0,0.04
257,person,1.0,0.04
256,person,1.0,0.04
257,person,1.0,0.04
256,person,1.0,0.04
862,car,1.0,0.04
256,person,1.0,0.04
257,person,1.0,0.04
257,person,1.0,0.04
257,person,1.0,0.04
256,person,1.0,0.04
257,person,1.0,0.04
256,person,1.0,0.04
222,person,1.0,0.04
1116,car,1.0,0.04
1097,car,1.0,0.04
1116,car,1.0,0.04
1097,car,1.0,0.04
1097,car,1.0,0.04
1115,car,1.0,0.04
1097,car,1.0,0.04
1119,car,1.0,0.04
1115,car,1.0,0.04
1097,car,1.0,0.04
1115,car,1.0,0.04
1097,car,1.0,0.04
866,car,1.0,0.04
866,car,1.0,0.04
866,car,1.0,0.04
869,traffic light,1.0,0.04
1097,car,1.0,0.04
1097,car,1.0,0.04
1097,car,1.0,0.04
235,person,1.0,0.04
235,person,1.0,0.04
235,person,1.0,0.04
235,person,1.0,0.04
235,person,1.0,0.04
256,person,1.0,0.04
1097,car,1.0,0.04
681,car,1.0,0.04
681,car,1.0,0.04
681,car,1.0,0.04
681,car,1.0,0.04
681,car,1.0,0.04
235,person,1.0,0.04
235,person,1.0,0.04
1097,car,1.0,0.04
256,person,1.0,0.04
261,person,1.0,0.04
256,person,1.0,0.04
1097,car,1.0,0.04
235,person,1.0,0.04
235,person,1.0,0.04
235,person,1.0,0.04
1097,car,1.0,0.04
235,person,1.0,0.04
235,person,1.0,0.04
235,person,1.0,0.04
1119,car,1.0,0.04
1097,car,1.0,0.04
1097,car,1.0,0.04
1097,car,1.0,0.04
1097,car,1.0,0.04
235,person,1.0,0.04
1097,car,1.0,0.04
1115,car,1.0,0.04
1097,car,1.0,0.04
1115,car,1.0,0.04
1097,car,1.0,0.04
1115,car,1.0,0.04
1097,car,1.0,0.04
1115,car,1.0,0.04
1097,car,1.0,0.04
1115,car,1.0,0.04
235,person,1.0,0.04
1097,car,1.0,0.04
1115,car,1.0,0.04
1097,car,1.0,0.04
1115,car,1.0,0.04
1115,car,1.0,0.04
1097,car,1.0,0.04
1115,car,1.0,0.04
1097,car,1.0,0.04
1115,car,1.0,0.04
1097,car,1.0,0.04
1115,car,1.0,0.04
1097,car,1.0,0.04
222,person,1.0,0.04
239,person,1.0,0.04
239,person,1.0,0.04
239,person,1.0,0.04
222,person,1.0,0.04
222,person,1.0,0.04
222,person,1.0,0.04
222,person,1.0,0.04
222,person,1.0,0.04
239,person,1.0,0.04
1115,car,1.0,0.04
1097,car,1.0,0.04
222,person,1.0,0.04
688,car,1.0,0.04
222,person,1.0,0.04
235,person,1.0,0.04
649,traffic light,1.0,0.04
1115,car,1.0,0.04
681,car,1.0,0.04
681,car,1.0,0.04
1097,car,1.0,0.04
1097,car,1.0,0.04
649,traffic light,1.0,0.04
1115,car,1.0,0.04
1116,car,1.0,0.04
1097,car,1.0,0.04
649,traffic light,1.0,0.04
1097,car,1.0,0.04
1097,car,1.0,0.04
1097,car,1.0,0.04
1097,car,1.0,0.04
1115,car,1.0,0.04
1115,car,1.0,0.04
1097,car,1.0,0.04
1097,car,1.0,0.04
1097,car,1.0,0.04
1115,car,1.0,0.04
1097,car,1.0,0.04
1115,car,1.0,0.04
1097,car,1.0,0.04
1115,car,1.0,0.04
1097,car,1.0,0.04
1115,car,1.0,0.04
1115,car,1.0,0.04
1101,car,1.0,0.04
331,person,1.0,0.04
331,person,1.0,0.04
331,person,1.0,0.04
331,person,1.0,0.04
1097,car,1.0,0.04
222,person,1.0,0.04
222,person,1.0,0.04
239,person,1.0,0.04
239,person,1.0,0.04
239,person,1.0,0.04
239,person,1.0,0.04
234,car,1.0,0.04
222,person,1.0,0.04
222,person,1.0,0.04
647,car,1.0,0.04
1104,car,1.0,0.04
1104,car,1.0,0.04
222,person,1.0,0.04
222,person,1.0,0.04
239,person,1.0,0.04
222,person,1.0,0.04
1101,car,1.0,0.04
222,person,1.0,0.04
234,car,1.0,0.04
234,car,1.0,0.04
245,person,1.0,0.04
729,car,1.0,0.04
729,car,1.0,0.04
222,person,1.0,0.04
222,person,1.0,0.04
234,car,1.0,0.04
1101,car,1.0,0.04
722,car,1.0,0.04
722,car,1.0,0.04
239,person,1.0,0.04
239,person,1.0,0.04
222,person,1.0,0.04
239,person,1.0,0.04
239,person,1.0,0.04
1097,car,1.0,0.04
245,person,1.0,0.04
254,car,1.0,0.04
245,person,1.0,0.04
722,car,1.0,0.04
722,car,1.0,0.04
722,car,1.0,0.04
1109,car,1.0,0.04
1111,car,1.0,0.04
247,person,1.0,0.04
222,person,1.0,0.04
245,person,1.0,0.04
245,person,1.0,0.04
1097,car,1.0,0.04
1104,car,1.0,0.04
1097,car,1.0,0.04
1097,car,1.0,0.04
722,car,1.0,0.04
239,person,1.0,0.04
222,person,1.0,0.04
239,person,1.0,0.04
222,person,1.0,0.04
239,person,1.0,0.04
729,car,1.0,0.04
729,car,1.0,0.04
254,car,1.0,0.04
331,person,1.0,0.04
1093,truck,1.0,0.04
1090,car,1.0,0.04
1093,truck,1.0,0.04
1093,truck,1.0,0.04
1093,truck,1.0,0.04
1085,traffic light,1.0,0.04
633,car,1.0,0.04
1093,truck,1.0,0.04
1093,truck,1.0,0.04
1093,truck,1.0,0.04
1093,truck,1.0,0.04
1093,truck,1.0,0.04
1093,truck,1.0,0.04
224,person,1.0,0.04
255,person,1.0,0.04
1101,car,1.0,0.04
1085,traffic light,1.0,0.04
1063,car,1.0,0.04
1063,car,1.0,0.04
1063,car,1.0,0.04
1063,car,1.0,0.04
1063,car,1.0,0.04
1063,car,1.0,0.04
1063,car,1.0,0.04
1063,car,1.0,0.04
1063,car,1.0,0.04
1063,car,1.0,0.04
1063,car,1.0,0.04
1063,car,1.0,0.04
1063,car,1.0,0.04
1063,car,1.0,0.04
1063,car,1.0,0.04
1063,car,1.0,0.04
1093,truck,1.0,0.04
1093,truck,1.0,0.04
1093,truck,1.0,0.04
1093,truck,1.0,0.04
1093,truck,1.0,0.04
1093,truck,1.0,0.04
1093,truck,1.0,0.04
1090,truck,1.0,0.04
1093,truck,1.0,0.04
1093,truck,1.0,0.04
1093,truck,1.0,0.04
1093,truck,1.0,0.04
1093,truck,1.0,0.04
1093,truck,1.0,0.04
1093,truck,1.0,0.04
1101,car,1.0,0.04
224,person,1.0,0.04
1090,car,1.0,0.04
1090,car,1.0,0.04
1085,traffic light,1.0,0.04
1085,traffic light,1.0,0.04
1085,traffic light,1.0,0.04
1085,traffic light,1.0,0.04
234,car,1.0,0.04
1093,truck,1.0,0.04
234,car,1.0,0.04
1090,car,1.0,0.04
1093,truck,1.0,0.04
1093,truck,1.0,0.04
1093,truck,1.0,0.04
1093,truck,1.0,0.04
1101,car,1.0,0.04
401,car,1.0,0.04
234,car,1.0,0.04
352,car,1.0,0.04
331,person,1.0,0.04
239,person,1.0,0.04
239,person,1.0,0.04
239,person,1.0,0.04
239,person,1.0,0.04
239,person,1.0,0.04
235,person,1.0,0.04
1109,car,1.0,0.04
352,car,1.0,0.04
352,car,1.0,0.04
352,car,1.0,0.04
353,car,1.0,0.04
235,person,1.0,0.04
235,person,1.0,0.04
1109,car,1.0,0.04
253,person,1.0,0.04
247,person,1.0,0.04
253,person,1.0,0.04
253,person,1.0,0.04
1097,car,1.0,0.04
1097,car,1.0,0.04
1097,car,1.0,0.04
235,person,1.0,0.04
253,person,1.0,0.04
247,person,1.0,0.04
705,car,1.0,0.04
1097,car,1.0,0.04
1097,car,1.0,0.04
1097,car,1.0,0.04
1097,car,1.0,0.04
1097,car,1.0,0.04
239,person,1.0,0.04
235,person,1.0,0.04
239,person,1.0,0.04
235,person,1.0,0.04
239,person,1.0,0.04
235,person,1.0,0.04
239,person,1.0,0.04
1097,car,1.0,0.04
247,person,1.0,0.04
253,person,1.0,0.04
245,person,1.0,0.04
1097,car,1.0,0.04
700,car,1.0,0.04
235,person,1.0,0.04
235,person,1.0,0.04
235,person,1.0,0.04
235,person,1.0,0.04
253,person,1.0,0.04
247,person,1.0,0.04
253,person,1.0,0.04
247,person,1.0,0.04
239,person,1.0,0.04
1097,car,1.0,0.04
1111,car,1.0,0.04
1097,car,1.0,0.04
1110,car,1.0,0.04
1097,car,1.0,0.04
1111,car,1.0,0.04
707,car,1.0,0.04
707,car,1.0,0.04
1111,car,1.0,0.04
1111,car,1.0,0.04
1111,car,1.0,0.04
1091,car,1.0,0.04
1111,car,1.0,0.04
239,person,1.0,0.04
1109,car,1.0,0.04
1097,car,1.0,0.04
1100,traffic light,1.0,0.04
245,person,1.0,0.04
1097,car,1.0,0.04
1097,car,1.0,0.04
1097,car,1.0,0.04
1097,car,1.0,0.04
1097,car,1.0,0.04
1097,car,1.0,0.04
1097,car,1.0,0.04
1097,car,1.0,0.04
239,person,1.0,0.04
239,person,1.0,0.04
639,traffic light,1.0,0.04
1111,car,1.0,0.04
1100,traffic light,1.0,0.04
1111,car,1.0,0.04
1097,car,1.0,0.04
1109,car,1.0,0.04
1097,car,1.0,0.04
1097,car,1.0,0.04
239,person,1.0,0.04
1097,car,1.0,0.04
1109,car,1.0,0.04
1100,traffic light,1.0,0.04
1100,traffic light,1.0,0.04
247,person,1.0,0.04
247,person,1.0,0.04
247,person,1.0,0.04
247,person,1.0,0.04
1097,car,1.0,0.04
1097,car,1.0,0.04
1097,car,1.0,0.04
1097,car,1.0,0.04
1097,car,1.0,0.04
1109,car,1.0,0.04
717,car,1.0,0.04
717,car,1.0,0.04
239,person,1.0,0.04
1097,car,1.0,0.04
1097,car,1.0,0.04
1097,car,1.0,0.04
1097,car,1.0,0.04
717,car,1.0,0.04
253,person,1.0,0.04
1023,car,1.0,0.04
253,person,1.0,0.04
717,car,1.0,0.04
247,person,1.0,0.04
247,person,1.0,0.04
247,person,1.0,0.04
247,person,1.0,0.04
247,person,1.0,0.04
245,person,1.0,0.04
1109,car,1.0,0.04
1097,car,1.0,0.04
1097,car,1.0,0.04
1097,car,1.0,0.04
718,car,1.0,0.04
239,person,1.0,0.04
239,person,1.0,0.04
239,person,1.0,0.04
1097,car,1.0,0.04
1097,car,1.0,0.04
1097,car,1.0,0.04
155,car,1.0,0.04
155,car,1.0,0.04
155,car,1.0,0.04
155,car,1.0,0.04
155,car,1.0,0.04
155,car,1.0,0.04
155,car,1.0,0.04
155,car,1.0,0.04
155,car,1.0,0.04
155,car,1.0,0.04
155,car,1.0,0.04
155,car,1.0,0.04
155,car,1.0,0.04
26,person,1.0,0.04
26,person,1.0,0.04
249,person,1.0,0.04
9,car,1.0,0.04
9,car,1.0,0.04
31,car,1.0,0.04
31,car,1.0,0.04
2,car,1.0,0.04
481,car,1.0,0.04
479,car,1.0,0.04
26,person,1.0,0.04
585,car,1.0,0.04
147,truck,1.0,0.04
147,truck,1.0,0.04
155,car,1.0,0.04
480,car,1.0,0.04
478,car,1.0,0.04
480,car,1.0,0.04
481,car,1.0,0.04
479,car,1.0,0.04
260,bicycle,1.0,0.04
585,car,1.0,0.04
585,car,1.0,0.04
585,car,1.0,0.04
585,car,1.0,0.04
585,car,1.0,0.04
585,car,1.0,0.04
155,car,1.0,0.04
155,car,1.0,0.04
155,car,1.0,0.04
155,car,1.0,0.04
155,car,1.0,0.04
155,car,1.0,0.04
22,person,1.0,0.04
18,person,1.0,0.04
18,person,1.0,0.04
155,car,1.0,0.04
155,car,1.0,0.04
155,car,1.0,0.04
155,car,1.0,0.04
155,car,1.0,0.04
155,car,1.0,0.04
26,person,1.0,0.04
26,person,1.0,0.04
155,car,1.0,0.04
26,person,1.0,0.04
26,person,1.0,0.04
585,car,1.0,0.04
585,car,1.0,0.04
585,car,1.0,0.04
155,car,1.0,0.04
155,car,1.0,0.04
155,car,1.0,0.04
26,person,1.0,0.04
9,car,1.0,0.04
9,car,1.0,0.04
9,car,1.0,0.04
9,car,1.0,0.04
36,person,1.0,0.04
9,car,1.0,0.04
36,person,1.0,0.04
9,car,1.0,0.04
9,car,1.0,0.04
9,car,1.0,0.04
9,car,1.0,0.04
42,person,1.0,0.04
9,car,1.0,0.04
42,person,1.0,0.04
155,car,1.0,0.04
9,car,1.0,0.04
9,car,1.0,0.04
47,bicycle,1.0,0.04
9,car,1.0,0.04
9,car,1.0,0.04
571,car,1.0,0.04
9,car,1.0,0.04
9,car,1.0,0.04
9,car,1.0,0.04
9,car,1.0,0.04
47,bicycle,1.0,0.04
9,car,1.0,0.04
147,truck,1.0,0.04
147,truck,1.0,0.04
147,truck,1.0,0.04
147,truck,1.0,0.04
147,truck,1.0,0.04
9,car,1.0,0.04
585,car,1.0,0.04
585,car,1.0,0.04
586,car,1.0,0.04
585,car,1.0,0.04
261,person,1.0,0.04
261,person,1.0,0.04
585,car,1.0,0.04
36,person,1.0,0.04
9,car,1.0,0.04
9,car,1.0,0.04
9,car,1.0,0.04
9,car,1.0,0.04
9,car,1.0,0.04
36,person,1.0,0.04
9,car,1.0,0.04
9,car,1.0,0.04
585,car,1.0,0.04
9,car,1.0,0.04
36,person,1.0,0.04
9,car,1.0,0.04
36,person,1.0,0.04
9,car,1.0,0.04
9,car,1.0,0.04
9,car,1.0,0.04
585,car,1.0,0.04
9,car,1.0,0.04
9,car,1.0,0.04
9,car,1.0,0.04
9,car,1.0,0.04
9,car,1.0,0.04
9,car,1.0,0.04
585,car,1.0,0.04
585,car,1.0,0.04
9,car,1.0,0.04
283,person,1.0,0.04
760,car,1.0,0.04
760,car,1.0,0.04
760,car,1.0,0.04
760,car,1.0,0.04
760,car,1.0,0.04
760,car,1.0,0.04
604,car,1.0,0.04
604,car,1.0,0.04
155,car,1.0,0.04
155,car,1.0,0.04
155,car,1.0,0.04
155,car,1.0,0.04
155,car,1.0,0.04
760,car,1.0,0.04
18,person,1.0,0.04
760,car,1.0,0.04
760,car,1.0,0.04
778,car,1.0,0.04
261,person,1.0,0.04
261,person,1.0,0.04
261,person,1.0,0.04
261,person,1.0,0.04
760,car,1.0,0.04
467,car,1.0,0.04
155,car,1.0,0.04
468,car,1.0,0.04
468,car,1.0,0.04
468,car,1.0,0.04
261,person,1.0,0.04
261,person,1.0,0.04
261,person,1.0,0.04
467,car,1.0,0.04
760,car,1.0,0.04
760,car,1.0,0.04
760,car,1.0,0.04
760,car,1.0,0.04
760,car,1.0,0.04
760,car,1.0,0.04
760,car,1.0,0.04
283,person,1.0,0.04
760,car,1.0,0.04
286,bicycle,1.0,0.04
286,bicycle,1.0,0.04
286,bicycle,1.0,0.04
286,bicycle,1.0,0.04
286,bicycle,1.0,0.04
286,bicycle,1.0,0.04
188,car,1.0,0.04
760,car,1.0,0.04
286,bicycle,1.0,0.04
286,bicycle,1.0,0.04
286,bicycle,1.0,0.04
596,car,1.0,0.04
596,car,1.0,0.04
760,car,1.0,0.04
760,car,1.0,0.04
155,car,1.0,0.04
467,car,1.0,0.04
287,person,1.0,0.04
287,person,1.0,0.04
760,car,1.0,0.04
155,car,1.0,0.04
155,car,1.0,0.04
177,person,1.0,0.04
155,car,1.0,0.04
467,car,1.0,0.04
155,car,1.0,0.04
155,car,1.0,0.04
760,car,1.0,0.04
760,car,1.0,0.04
261,person,1.0,0.04
261,person,1.0,0.04
261,person,1.0,0.04
261,person,1.0,0.04
261,person,1.0,0.04
261,person,1.0,0.04
796,car,1.0,0.04
260,bicycle,1.0,0.04
260,bicycle,1.0,0.04
260,bicycle,1.0,0.04
261,person,1.0,0.04
760,car,1.0,0.04
155,car,1.0,0.04
155,car,1.0,0.04
155,car,1.0,0.04
155,car,1.0,0.04
168,car,1.0,0.04
585,car,1.0,0.04
18,person,1.0,0.04
261,person,1.0,0.04
155,car,1.0,0.04
155,car,1.0,0.04
155,car,1.0,0.04
155,car,1.0,0.04
155,car,1.0,0.04
155,car,1.0,0.04
155,car,1.0,0.04
155,car,1.0,0.04
18,person,1.0,0.04
760,car,1.0,0.04
760,car,1.0,0.04
155,car,1.0,0.04
760,car,1.0,0.04
760,car,1.0,0.04
22,person,1.0,0.04
760,car,1.0,0.04
172,car,1.0,0.04
760,car,1.0,0.04
760,car,1.0,0.04
760,car,1.0,0.04
760,car,1.0,0.04
155,car,1.0,0.04
155,car,1.0,0.04
155,car,1.0,0.04
155,car,1.0,0.04
760,car,1.0,0.04
155,car,1.0,0.04
155,car,1.0,0.04
261,person,1.0,0.04
261,person,1.0,0.04
261,person,1.0,0.04
174,stop sign,1.0,0.04
155,car,1.0,0.04
760,car,1.0,0.04
155,car,1.0,0.04
155,car,1.0,0.04
155,car,1.0,0.04
155,car,1.0,0.04
155,car,1.0,0.04
790,car,1.0,0.04
790,car,1.0,0.04
155,car,1.0,0.04
155,car,1.0,0.04
862,car,1.0,0.04
862,car,1.0,0.04
866,car,1.0,0.04
862,car,1.0,0.04
866,car,1.0,0.04
862,car,1.0,0.04
862,car,1.0,0.04
862,car,1.0,0.04
862,car,1.0,0.04
95,car,1.0,0.04
862,car,1.0,0.04
76,car,1.0,0.04
862,car,1.0,0.04
862,car,1.0,0.04
862,car,1.0,0.04
47,bicycle,1.0,0.04
866,car,1.0,0.04
862,car,1.0,0.04
866,car,1.0,0.04
862,car,1.0,0.04
866,car,1.0,0.04
862,car,1.0,0.04
866,car,1.0,0.04
866,car,1.0,0.04
862,car,1.0,0.04
862,car,1.0,0.04
862,car,1.0,0.04
862,car,1.0,0.04
862,car,1.0,0.04
862,car,1.0,0.04
862,car,1.0,0.04
862,car,1.0,0.04
862,car,1.0,0.04
256,person,1.0,0.04
257,person,1.0,0.04
520,traffic light,1.0,0.04
256,person,1.0,0.04
862,car,1.0,0.04
862,car,1.0,0.04
256,person,1.0,0.04
862,car,1.0,0.04
862,car,1.0,0.04
256,person,1.0,0.04
261,person,1.0,0.04
256,person,1.0,0.04
257,person,1.0,0.04
862,car,1.0,0.04
256,person,1.0,0.04
256,person,1.0,0.04
862,car,1.0,0.04
862,car,1.0,0.04
95,car,1.0,0.04
95,car,1.0,0.04
95,car,1.0,0.04
95,car,1.0,0.04
862,car,1.0,0.04
257,person,1.0,0.04
862,car,1.0,0.04
277,bicycle,1.0,0.04
256,person,1.0,0.04
256,person,1.0,0.04
534,car,1.0,0.04
534,car,1.0,0.04
862,car,1.0,0.04
862,car,1.0,0.04
862,car,1.0,0.04
257,person,1.0,0.04
1097,car,1.0,0.04
1097,car,1.0,0.04
1097,car,1.0,0.04
1097,car,1.0,0.04
1097,car,1.0,0.04
1097,car,1.0,0.04
1097,car,1.0,0.04
1097,car,1.0,0.04
1097,car,1.0,0.04
1097,car,1.0,0.04
1097,car,1.0,0.04
1097,car,1.0,0.04
1097,car,1.0,0.04
1119,car,1.0,0.04
1119,car,1.0,0.04
862,car,1.0,0.04
1097,car,1.0,0.04
1097,car,1.0,0.04
1097,car,1.0,0.04
1097,car,1.0,0.04
1097,car,1.0,0.04
1115,car,1.0,0.04
1097,car,1.0,0.04
261,person,1.0,0.04
1097,car,1.0,0.04
1097,car,1.0,0.04
1097,car,1.0,0.04
1097,car,1.0,0.04
500,truck,1.0,0.04
235,person,1.0,0.04
498,traffic light,1.0,0.04
235,person,1.0,0.04
1097,car,1.0,0.04
862,car,1.0,0.04
862,car,1.0,0.04
862,car,1.0,0.04
862,car,1.0,0.04
862,car,1.0,0.04
866,car,1.0,0.04
862,car,1.0,0.04
235,person,1.0,0.04
495,truck,1.0,0.04
862,car,1.0,0.04
862,car,1.0,0.04
866,car,1.0,0.04
862,car,1.0,0.04
866,car,1.0,0.04
862,car,1.0,0.04
862,car,1.0,0.04
866,car,1.0,0.04
235,person,1.0,0.04
235,person,1.0,0.04
235,person,1.0,0.04
1097,car,1.0,0.04
1097,car,1.0,0.04
235,person,1.0,0.04
235,person,1.0,0.04
862,car,1.0,0.04
235,person,1.0,0.04
235,person,1.0,0.04
1119,car,1.0,0.04
495,truck,1.0,0.04
495,truck,1.0,0.04
862,car,1.0,0.04
862,car,1.0,0.04
862,car,1.0,0.04
235,person,1.0,0.04
257,person,1.0,0.04
571,car,1.0,0.04
571,car,1.0,0.04
257,person,1.0,0.04
479,car,1.0,0.04
570,car,1.0,0.04
807,car,1.0,0.04
807,car,1.0,0.04
807,car,1.0,0.04
807,car,1.0,0.04
807,car,1.0,0.04
278,person,1.0,0.04
278,person,1.0,0.04
54,car,1.0,0.04
54,car,1.0,0.04
256,person,1.0,0.04
571,car,1.0,0.04
119,car,1.0,0.04
54,car,1.0,0.04
54,car,1.0,0.04
54,car,1.0,0.04
54,car,1.0,0.04
54,car,1.0,0.04
54,car,1.0,0.04
257,person,1.0,0.04
54,car,1.0,0.04
54,car,1.0,0.04
54,car,1.0,0.04
566,car,1.0,0.04
257,person,1.0,0.04
841,car,1.0,0.04
54,car,1.0,0.04
257,person,1.0,0.04
571,car,1.0,0.04
571,car,1.0,0.04
571,car,1.0,0.04
571,car,1.0,0.04
36,person,1.0,0.04
42,person,1.0,0.04
9,car,1.0,0.04
571,car,1.0,0.04
819,car,1.0,0.04
9,car,1.0,0.04
9,car,1.0,0.04
66,car,1.0,0.04
66,car,1.0,0.04
9,car,1.0,0.04
47,bicycle,1.0,0.04
9,car,1.0,0.04
9,car,1.0,0.04
571,car,1.0,0.04
571,car,1.0,0.04
807,car,1.0,0.04
807,car,1.0,0.04
277,bicycle,1.0,0.04
570,car,1.0,0.04
571,car,1.0,0.04
147,truck,1.0,0.04
571,car,1.0,0.04
571,car,1.0,0.04
571,car,1.0,0.04
571,car,1.0,0.04
571,car,1.0,0.04
145,car,1.0,0.04
147,truck,1.0,0.04
147,truck,1.0,0.04
570,car,1.0,0.04
550,car,1.0,0.04
109,car,1.0,0.04
109,car,1.0,0.04
109,car,1.0,0.04
59,car,1.0,0.04
256,person,1.0,0.04
109,car,1.0,0.04
54,car,1.0,0.04
109,car,1.0,0.04
109,car,1.0,0.04
109,car,1.0,0.04
109,car,1.0,0.04
109,car,1.0,0.04
122,car,1.0,0.04
122,car,1.0,0.04
109,car,1.0,0.04
109,car,1.0,0.04
856,car,1.0,0.04
856,car,1.0,0.04
862,car,1.0,0.04
861,car,1.0,0.04
862,car,1.0,0.04
862,car,1.0,0.04
862,car,1.0,0.04
550,car,1.0,0.04
109,car,1.0,0.04
538,car,1.0,0.04
538,car,1.0,0.04
538,car,1.0,0.04
532,car,1.0,0.04
256,person,1.0,0.04
256,person,1.0,0.04
256,person,1.0,0.04
109,car,1.0,0.04
76,car,1.0,0.04
76,car,1.0,0.04
76,car,1.0,0.04
59,car,1.0,0.04
59,car,1.0,0.04
59,car,1.0,0.04
256,person,1.0,0.04
109,car,1.0,0.04
122,car,1.0,0.04
122,car,1.0,0.04
256,person,1.0,0.04
59,car,1.0,0.04
59,car,1.0,0.04
59,car,1.0,0.04
54,car,1.0,0.04
54,car,1.0,0.04
257,person,1.0,0.04
109,car,1.0,0.04
109,car,1.0,0.04
109,car,1.0,0.04
109,car,1.0,0.04
122,car,1.0,0.04
122,car,1.0,0.04
59,car,1.0,0.04
76,car,1.0,0.04
59,car,1.0,0.04
59,car,1.0,0.04
59,car,1.0,0.04
59,car,1.0,0.04
59,car,1.0,0.04
59,car,1.0,0.04
76,car,1.0,0.04
76,car,1.0,0.04
59,car,1.0,0.04
761,truck,1.0,0.04
756,car,1.0,0.04
761,truck,1.0,0.04
756,car,1.0,0.04
756,car,1.0,0.04
761,truck,1.0,0.04
219,person,1.0,0.04
234,car,1.0,0.04
234,car,1.0,0.04
234,car,1.0,0.04
761,truck,1.0,0.04
761,truck,1.0,0.04
756,car,1.0,0.04
249,person,1.0,0.04
249,person,1.0,0.04
760,car,1.0,0.04
974,car,1.0,0.04
974,car,1.0,0.04
974,car,1.0,0.04
974,car,1.0,0.04
974,car,1.0,0.04
974,car,1.0,0.04
974,car,1.0,0.04
249,person,1.0,0.04
974,car,1.0,0.04
989,car,1.0,0.04
989,car,1.0,0.04
989,car,1.0,0.04
249,person,1.0,0.04
249,person,1.0,0.04
249,person,1.0,0.04
249,person,1.0,0.04
974,car,1.0,0.04
249,person,1.0,0.04
249,person,1.0,0.04
249,person,1.0,0.04
249,person,1.0,0.04
249,person,1.0,0.04
247,person,1.0,0.04
255,person,1.0,0.04
756,car,1.0,0.04
1003,car,1.0,0.04
1003,car,1.0,0.04
761,truck,1.0,0.04
761,truck,1.0,0.04
761,truck,1.0,0.04
761,truck,1.0,0.04
304,car,1.0,0.04
304,car,1.0,0.04
247,person,1.0,0.04
761,truck,1.0,0.04
974,car,1.0,0.04
974,car,1.0,0.04
974,car,1.0,0.04
974,car,1.0,0.04
974,car,1.0,0.04
761,truck,1.0,0.04
974,car,1.0,0.04
761,truck,1.0,0.04
974,car,1.0,0.04
974,car,1.0,0.04
974,car,1.0,0.04
974,car,1.0,0.04
974,car,1.0,0.04
974,car,1.0,0.04
974,car,1.0,0.04
761,truck,1.0,0.04
974,car,1.0,0.04
974,car,1.0,0.04
974,car,1.0,0.04
974,car,1.0,0.04
974,car,1.0,0.04
955,person,1.0,0.04
249,person,1.0,0.04
974,car,1.0,0.04
974,car,1.0,0.04
974,car,1.0,0.04
974,car,1.0,0.04
866,car,1.0,0.04
974,car,1.0,0.04
866,car,1.0,0.04
974,car,1.0,0.04
974,car,1.0,0.04
224,person,1.0,0.04
866,car,1.0,0.04
955,car,1.0,0.04
955,car,1.0,0.04
974,car,1.0,0.04
974,car,1.0,0.04
218,person,1.0,0.04
974,car,1.0,0.04
218,person,1.0,0.04
974,car,1.0,0.04
974,car,1.0,0.04
974,car,1.0,0.04
974,car,1.0,0.04
974,car,1.0,0.04
974,car,1.0,0.04
974,car,1.0,0.04
218,person,1.0,0.04
423,car,1.0,0.04
426,car,1.0,0.04
426,car,1.0,0.04
249,person,1.0,0.04
249,person,1.0,0.04
249,person,1.0,0.04
224,person,1.0,0.04
974,car,1.0,0.04
218,person,1.0,0.04
218,person,1.0,0.04
974,car,1.0,0.04
974,car,1.0,0.04
974,car,1.0,0.04
974,car,1.0,0.04
974,car,1.0,0.04
974,car,1.0,0.04
224,person,1.0,0.04
424,car,1.0,0.04
218,person,1.0,0.04
218,person,1.0,0.04
218,person,1.0,0.04
224,person,1.0,0.04
218,person,1.0,0.04
249,person,1.0,0.04
426,car,1.0,0.04
291,bus,1.0,0.04
291,bus,1.0,0.04
291,bus,1.0,0.04
291,bus,1.0,0.04
291,bus,1.0,0.04
218,person,1.0,0.04
218,person,1.0,0.04
423,car,1.0,0.04
291,bus,1.0,0.04
417,car,1.0,0.04
411,car,1.0,0.04
218,person,1.0,0.04
222,person,1.0,0.04
222,person,1.0,0.04
219,person,1.0,0.04
760,car,1.0,0.04
760,car,1.0,0.04
237,bicycle,1.0,0.04
222,person,1.0,0.04
218,person,1.0,0.04
222,person,1.0,0.04
218,person,1.0,0.04
237,bicycle,1.0,0.04
222,person,1.0,0.04
304,car,1.0,0.04
1023,car,1.0,0.04
1023,car,1.0,0.04
253,person,1.0,0.04
253,person,1.0,0.04
1023,car,1.0,0.04
1023,car,1.0,0.04
1023,car,1.0,0.04
760,car,1.0,0.04
255,person,1.0,0.04
253,person,1.0,0.04
247,person,1.0,0.04
255,person,1.0,0.04
218,person,1.0,0.04
218,person,1.0,0.04
760,car,1.0,0.04
760,car,1.0,0.04
249,person,1.0,0.04
1010,car,1.0,0.04
1010,car,1.0,0.04
1023,car,1.0,0.04
1010,car,1.0,0.04
1010,car,1.0,0.04
1010,car,1.0,0.04
1023,car,1.0,0.04
417,car,1.0,0.04
1041,car,1.0,0.04
1041,car,1.0,0.04
754,car,1.0,0.04
751,car,1.0,0.04
751,car,1.0,0.04
751,car,1.0,0.04
255,person,1.0,0.04
1023,car,1.0,0.04
1041,car,1.0,0.04
1020,car,1.0,0.04
1029,car,1.0,0.04
247,person,1.0,0.04
247,person,1.0,0.04
247,person,1.0,0.04
247,person,1.0,0.04
253,person,1.0,0.04
1010,car,1.0,0.04
760,car,1.0,0.04
760,car,1.0,0.04
1010,car,1.0,0.04
1035,car,1.0,0.04
1023,car,1.0,0.04
247,person,1.0,0.04
247,person,1.0,0.04
1023,car,1.0,0.04
760,car,1.0,0.04
760,car,1.0,0.04
247,person,1.0,0.04
222,person,1.0,0.04
222,person,1.0,0.04
219,person,1.0,0.04
222,person,1.0,0.04
219,person,1.0,0.04
1023,car,1.0,0.04
255,person,1.0,0.04
255,person,1.0,0.04
255,person,1.0,0.04
255,person,1.0,0.04
255,person,1.0,0.04
255,person,1.0,0.04
247,person,1.0,0.04
255,person,1.0,0.04
222,person,1.0,0.04
304,car,1.0,0.04
304,car,1.0,0.04
304,car,1.0,0.04
304,car,1.0,0.04
423,car,1.0,0.04
419,car,1.0,0.04
304,car,1.0,0.04
218,person,1.0,0.04
304,car,1.0,0.04
304,car,1.0,0.04
219,person,1.0,0.04
222,person,1.0,0.04
222,person,1.0,0.04
222,person,1.0,0.04
222,person,1.0,0.04
222,person,1.0,0.04
304,car,1.0,0.04
304,car,1.0,0.04
304,car,1.0,0.04
760,car,1.0,0.04
760,car,1.0,0.04
760,car,1.0,0.04
760,car,1.0,0.04
760,car,1.0,0.04
247,person,1.0,0.04
760,car,1.0,0.04
761,truck,1.0,0.04
1023,car,1.0,0.04
1020,car,1.0,0.04
1020,car,1.0,0.04
411,car,1.0,0.04
1020,car,1.0,0.04
1023,car,1.0,0.04
760,car,1.0,0.04
255,person,1.0,0.04
1026,car,1.0,0.04
420,car,1.0,0.04
255,person,1.0,0.04
255,person,1.0,0.04
1026,car,1.0,0.04
247,person,1.0,0.04
761,truck,1.0,0.04
249,person,1.0,0.04
255,person,1.0,0.04
304,car,1.0,0.04
420,car,1.0,0.04
761,truck,1.0,0.04
761,truck,1.0,0.04
761,truck,1.0,0.04
761,truck,1.0,0.04
255,person,1.0,0.04
216,person,1.0,0.04
761,truck,1.0,0.04
766,car,1.0,0.04
761,truck,1.0,0.04
761,truck,1.0,0.04
216,person,1.0,0.04
216,person,1.0,0.04
609,car,1.0,0.04
609,car,1.0,0.04
609,car,1.0,0.04
609,car,1.0,0.04
609,car,1.0,0.04
216,person,1.0,0.04
216,person,1.0,0.04
216,person,1.0,0.04
249,person,1.0,0.04
257,person,1.0,0.04
924,bicycle,1.0,0.04
923,person,1.0,0.04
752,car,1.0,0.04
613,car,1.0,0.04
261,person,1.0,0.04
257,person,1.0,0.04
216,person,1.0,0.04
257,person,1.0,0.04
261,person,1.0,0.04
257,person,1.0,0.04
216,person,1.0,0.04
924,bicycle,1.0,0.04
216,person,1.0,0.04
216,person,1.0,0.04
216,person,1.0,0.04
261,person,1.0,0.04
216,person,1.0,0.04
609,car,1.0,0.04
257,person,1.0,0.04
257,person,1.0,0.04
216,person,1.0,0.04
216,person,1.0,0.04
216,person,1.0,0.04
216,person,1.0,0.04
216,person,1.0,0.04
216,person,1.0,0.04
216,person,1.0,0.04
216,person,1.0,0.04
216,person,1.0,0.04
216,person,1.0,0.04
216,person,1.0,0.04
216,person,1.0,0.04
216,person,1.0,0.04
202,car,1.0,0.04
202,car,1.0,0.04
202,car,1.0,0.04
202,car,1.0,0.04
761,truck,1.0,0.04
761,truck,1.0,0.04
611,car,1.0,0.04
224,person,1.0,0.04
257,person,1.0,0.04
257,person,1.0,0.04
257,person,1.0,0.04
261,person,1.0,0.04
257,person,1.0,0.04
261,person,1.0,0.04
257,person,1.0,0.04
224,person,1.0,0.04
257,person,1.0,0.04
752,car,1.0,0.04
752,car,1.0,0.04
752,car,1.0,0.04
752,car,1.0,0.04
752,car,1.0,0.04
752,car,1.0,0.04
155,car,1.0,0.04
155,car,1.0,0.04
760,car,1.0,0.04
760,car,1.0,0.04
760,car,1.0,0.04
760,car,1.0,0.04
760,car,1.0,0.04
760,car,1.0,0.04
265,bicycle,1.0,0.04
261,person,1.0,0.04
286,bicycle,1.0,0.04
446,car,1.0,0.04
752,car,1.0,0.04
752,car,1.0,0.04
613,car,1.0,0.04
613,car,1.0,0.04
613,car,1.0,0.04
261,person,1.0,0.04
613,car,1.0,0.04
265,bicycle,1.0,0.04
456,car,1.0,0.04
188,car,1.0,0.04
189,car,1.0,0.04
155,car,1.0,0.04
155,car,1.0,0.04
261,person,1.0,0.04
613,car,1.0,0.04
443,car,1.0,0.04
924,bicycle,1.0,0.04
924,bicycle,1.0,0.04
924,bicycle,1.0,0.04
216,person,1.0,0.04
216,person,1.0,0.04
216,person,1.0,0.04
752,car,1.0,0.04
924,bicycle,1.0,0.04
923,person,1.0,0.04
924,bicycle,1.0,0.04
924,bicycle,1.0,0.04
261,person,1.0,0.04
257,person,1.0,0.04
261,person,1.0,0.04
257,person,1.0,0.04
202,car,1.0,0.04
752,car,1.0,0.04
766,car,1.0,0.04
752,car,1.0,0.04
752,car,1.0,0.04
443,car,1.0,0.04
445,car,1.0,0.04
445,car,1.0,0.04
196,car,1.0,0.04
445,car,1.0,0.04
447,car,1.0,0.04
447,car,1.0,0.04
923,person,1.0,0.04
613,car,1.0,0.04
752,car,1.0,0.04
193,car,1.0,0.04
196,car,1.0,0.04
445,car,1.0,0.04
256,person,1.0,0.04
256,person,1.0,0.04
866,car,1.0,0.04
866,car,1.0,0.04
866,car,1.0,0.04
866,car,1.0,0.04
866,car,1.0,0.04
866,car,1.0,0.04
866,car,1.0,0.04
224,person,1.0,0.04
224,person,1.0,0.04
224,person,1.0,0.04
224,person,1.0,0.04
224,person,1.0,0.04
224,person,1.0,0.04
216,person,1.0,0.04
249,person,1.0,0.04
249,person,1.0,0.04
866,car,1.0,0.04
866,car,1.0,0.04
866,car,1.0,0.04
866,car,1.0,0.04
941,car,1.0,0.04
866,car,1.0,0.04
866,car,1.0,0.04
866,car,1.0,0.04
866,car,1.0,0.04
866,car,1.0,0.04
866,car,1.0,0.04
866,car,1.0,0.04
866,car,1.0,0.04
866,car,1.0,0.04
866,car,1.0,0.04
249,person,1.0,0.04
249,person,1.0,0.04
249,person,1.0,0.04
249,person,1.0,0.04
249,person,1.0,0.04
249,person,1.0,0.04
249,person,1.0,0.04
256,person,1.0,0.04
249,person,1.0,0.04
249,person,1.0,0.04
955,car,1.0,0.04
256,person,1.0,0.04
1097,car,1.0,0.04
256,person,1.0,0.04
249,person,1.0,0.04
249,person,1.0,0.04
249,person,1.0,0.04
256,person,1.0,0.04
256,person,1.0,0.04
256,person,1.0,0.04
866,car,1.0,0.04
866,car,1.0,0.04
256,person,1.0,0.04
256,person,1.0,0.04
249,person,1.0,0.04
224,person,1.0,0.04
224,person,1.0,0.04
256,person,1.0,0.04
249,person,1.0,0.04
249,person,1.0,0.04
249,person,1.0,0.04
249,person,1.0,0.04
249,person,1.0,0.04
224,person,1.0,0.04
866,car,1.0,0.04
866,car,1.0,0.04
286,bicycle,1.0,0.04
753,car,1.0,0.04
219,person,1.0,0.04
438,car,1.0,0.04
436,car,1.0,0.04
256,person,1.0,0.04
219,person,1.0,0.04
219,person,1.0,0.04
626,car,1.0,0.04
261,person,1.0,0.04
216,person,1.0,0.04
626,car,1.0,0.04
626,car,1.0,0.04
256,person,1.0,0.04
216,person,1.0,0.04
261,person,1.0,0.04
216,person,1.0,0.04
224,person,1.0,0.04
224,person,1.0,0.04
224,person,1.0,0.04
626,car,1.0,0.04
261,person,1.0,0.04
866,car,1.0,0.04
257,person,1.0,0.04
224,person,1.0,0.04
224,person,1.0,0.04
224,person,1.0,0.04
216,person,1.0,0.04
216,person,1.0,0.04
866,car,1.0,0.04
866,car,1.0,0.04
261,person,1.0,0.04
866,car,1.0,0.04
866,car,1.0,0.04
866,car,1.0,0.04
249,person,1.0,0.04
249,person,1.0,0.04
249,person,1.0,0.04
249,person,1.0,0.04
256,person,1.0,0.04
249,person,1.0,0.04
249,person,1.0,0.04
256,person,1.0,0.04
866,car,1.0,0.04
256,person,1.0,0.04
256,person,1.0,0.04
256,person,1.0,0.04
256,person,1.0,0.04
249,person,1.0,0.04
866,car,1.0,0.04
866,car,1.0,0.04
866,car,1.0,0.04
224,person,1.0,0.04
224,person,1.0,0.04
753,car,1.0,0.04
866,car,1.0,0.04
866,car,1.0,0.04
866,car,1.0,0.04
866,car,1.0,0.04
866,car,1.0,0.04
866,car,1.0,0.04
866,car,1.0,0.04
866,car,1.0,0.04
866,car,1.0,0.04
866,car,1.0,0.04
866,car,1.0,0.04
